Participant,Trailer,Type,Pos_arousal_scaled,Neg_arousal_scaled,W_score_scaled,Frontal_Pole_ISC,Insular_Cortex_ISC,Superior_Frontal_Gyrus_ISC,Middle_Frontal_Gyrus_ISC,IFG_pars_triangularis_ISC,IFG_pars_opercularis_ISC,Precentral_Gyrus_ISC,Temporal_Pole_ISC,STG_anterior_ISC,STG_posterior_ISC,MTG_anterior_ISC,MTG_posterior_ISC,MTG_temporooccipital_ISC,ITG_anterior_ISC,ITG_posterior_ISC,ITG_temporooccipital_ISC,Postcentral_Gyrus_ISC,Superior_Parietal_Lobule_ISC,SG_anterior_ISC,SG_posterior_ISC,Angular_Gyrus_ISC,LOC_superior_ISC,LOC_inferior_ISC,Intracalcarine_Cortex_ISC,Frontal_Medial_Cortex_ISC,Juxtapositional_Lobule_Cortex_ISC,Subcallosal_Cortex_ISC,Paracingulate_Gyrus_ISC,Cingulate_Gyrus_anterior_ISC,Cingulate_Gyrus_posterior_ISC,Precuneous_Cortex_ISC,Cuneal_Cortex_ISC,Frontal_Orbital_Cortex_ISC,Parahippocampal_Gyrus_anterior_ISC,Parahippocampal_Gyrus_posterior_ISC,Lingual_Gyrus_ISC,TFC_anterior_ISC,TFC_posterior_ISC,TOFC_ISC,Occipital_Fusiform_Gyrus_ISC,Frontal_Opercular_Cortex_ISC,Central_Opercular_Cortex_ISC,Parietal_Opercular_Cortex_ISC,Planum_Polare_ISC,Heschls_Gyrus_ISC,Planum_Temporale_ISC,Supracalcarine_Cortex_ISC,Occipital_Pole_ISC,Left_Thalamus_ISC,Left_Caudate_ISC,Left_Putamen_ISC,Left_Pallidum_ISC,Brain_Stem_ISC,Left_Hippocampus_ISC,Left_Amygdala_ISC,Left_Accumbens_ISC,Right_Thalamus_ISC,Right_Caudate_ISC,Right_Putamen_ISC,Right_Pallidum_ISC,Right_Hippocampus_ISC,Right_Amygdala_ISC,Right_Accumbens_ISC
sub-34,rh6,Horror,0.3364569983982413,-0.3063673481349838,1.6875,0.41580131646531177,-0.14714993546168778,0.48853200200011776,0.1686760228662648,-0.03197317633078273,0.04956526438887341,0.069269769858549,0.31806380766841585,0.6359870996262754,0.6937694431753786,0.6377164004464957,0.728486594029091,0.25779190785037326,-0.047119596163718885,0.10182714770373032,-0.5468856883116407,0.24759775373626752,-0.3587301503212773,-0.18517905309599741,-0.6259563252088586,0.11171832060481916,-0.21778150825994644,0.3056084183789371,0.19939477456196822,0.024636679210118976,-0.05935568359396547,-0.10245297143793593,0.10061622561297164,-0.2769168462628102,-0.25786523894285535,-0.12115313535416829,0.3730160633621868,0.06104232567925222,0.027807945715893456,0.32200256439670394,0.2849469705929298,0.08363856942343602,0.1846822587419243,-0.2334108450778442,-0.063092073096761,-1.202668921984769,0.2847914112561696,0.19904671287613365,-0.2680410509577858,0.574442450162793,0.5945127301949438,0.1556360561936993,0.28038843443093403,-0.34750272518476477,-0.1641173694840726,0.006808157519642512,-0.3175527389336002,-0.2225190964199567,-0.12702483985184876,0.09531030305668674,-0.40828659042830906,-0.22469423236371852,-0.10694853806974726,-0.029769413332275,-0.5816811952290551,-0.4035317067178425,-0.39904020811914775,-0.14325612843524319
sub-34,uh1,Horror,-0.4349322174416289,0.4650218677048861,-1.3125,-0.2677370751033779,-0.5196536336904651,-0.18695194151333624,-0.14205729121155575,-0.39208650571129733,0.18759453170797802,-0.6775547010024825,-0.4426010918695766,0.4160203467618496,0.19310537106171735,-0.11507879146436252,-0.09856693015856391,0.01761235146557772,-0.3065370953383469,0.0015980652597862542,0.33016558455972383,-0.057921364517737245,-0.040713149543395014,0.04061416809821824,-0.5303580787193609,-0.18540674495665133,0.12595929689605856,0.5802713209151612,0.3237045084008154,-0.041212817567886445,-0.45008115690034695,-0.4746442669072832,-0.3668647635473998,-0.1062555255742194,0.07945496680872081,-0.07528067747420336,-0.16807342131542102,-0.48667566845885607,-0.27839930750208525,0.0018914303226119083,0.33381258271575676,-0.1132274186897058,-0.16503459048911426,-0.12808038899957555,0.3888560992324033,-0.3973723694611582,-0.1285091000385734,0.2271648928551882,-0.1703536986216595,-0.27786922507364403,0.4052005159401119,-0.04392005704884579,0.8354551191478847,-0.7851076643494284,-0.7007148241002314,-0.6163255648057471,-0.25701312389604586,-0.20569350833134603,-0.6497231259307519,-0.45612182491944486,-0.3900263455638203,-0.7008971745697499,-0.6089029091744805,-0.39486946644688514,-0.03430233055084904,-0.04433159753761543,-0.47715240953888866,-0.08586312404928902
sub-34,rc2,Comedy,0.0957397962921826,-0.5470845502410425,-0.3125,0.7540085263443941,0.39142928883329087,0.23760621217766462,0.628420006727045,0.2750412740307898,0.12606004403389828,-0.10401304653531115,-0.14170293133391754,0.24486993594638945,0.08894863183944833,-0.12403661734729098,0.17079867941304638,0.3138867529786657,-0.2821620334609915,-0.056724576172430353,0.37376096001695963,0.05662290401952091,0.22678651147499615,-0.04692204221524926,0.2212207711112685,0.3132640698681495,0.47869651149880293,0.5286628485869526,0.5020788231824356,-0.04690902308723392,-0.023638194154520235,0.3229896691857132,0.8548253011185445,0.03608936077323026,0.9494263065947695,0.6466766858722935,1.1942639181390924,0.3349569838906225,0.3342137684247741,0.4275986519980506,0.27425878920703534,0.5638563731671548,0.3883972777973362,0.4763540282386313,0.6010552892544786,0.31189886913983655,0.10014608894078889,-0.207989843864983,-0.39509167610560764,0.05399779903585499,-0.11916897521162904,0.5251855160277996,0.9966787940068912,0.23388974456062522,0.2998723447362137,0.05333212849061421,0.20298623639371763,-0.0038202883778695523,0.09027810340304421,-0.020309350989300114,0.28329124107509973,0.34622874630796696,0.3178057042938099,-0.11435535873461901,-0.02667524700291573,0.03894169068731081,0.31510081295167625,0.21321630542002398
sub-34,rh2,Horror,0.0629147232777198,0.4486093311976549,0.6875,0.37824746218316174,0.14556705497496752,0.522040357372874,0.11789674059445063,0.3120833159440389,0.2593100833774752,0.4101323984710621,0.33084838926824317,0.4784349824410132,0.5099222565398576,0.5420845968841201,0.5123281755739778,-0.10156276043432848,0.191878083867252,-0.20625721171752415,0.0683604249826365,0.25961507478942947,0.01704074817780602,-0.19850437667818435,0.2943273103531842,0.5991664655030771,0.167894416291644,0.473069076518776,0.1229166679477778,0.6517571571795998,-0.17226268690332422,0.30599182114374335,0.37457704181468726,0.32186094588962516,0.3049240276737304,-0.059668446225859324,0.4580180466609909,0.6028156684695124,0.22098932701758245,0.6066075940196983,0.5979849054576742,0.14468963050911368,0.34123795379553995,1.0083434076317228,1.492985287182659,0.495157572279442,0.6080704453741967,0.5295586981275339,0.16448724004858523,0.4910039182992324,0.6142575816430229,0.4575476138578212,0.822662077589508,0.1431088366703915,0.5301033267495926,0.14409075258563672,0.2505563786650315,-0.7180290444511565,-0.021219638426414035,0.3423466768238986,-0.04341735422521638,0.20531007462884687,0.44730841220568013,0.07227857839641284,0.15269074206311475,-0.6431248507345388,-0.294430871185137,-0.20058597111461576
sub-34,rh1,Horror,-0.1778024788283387,0.2078921290915961,0.6875,0.4765926518366272,0.4838948386024669,0.33647984764032574,0.47301716465020394,0.1346624780491967,0.37552879188530025,0.1409690850341436,0.20692757840699463,0.26983355611378834,-0.24341978499929307,0.4715548043609011,0.8577667202138786,1.08485891460568,0.4246706829842991,-0.38047051273911736,0.03399017477240163,0.18282686533421655,0.5952104254475784,0.39264232560498175,0.20002584603566484,0.47564459867699876,0.318150115230567,-0.37798008975441,0.6605511055335767,-0.12719937814786053,0.027559087377529108,0.3654837012406152,0.4956405108453494,0.38109583123996327,0.3588182030562069,0.6417625291074687,0.8252517377336878,0.1664081521131871,0.041935802398985346,0.1808827550561066,0.17161928424273304,0.09196970663417733,0.3069891701825813,-0.2744898692062626,0.09201470191050413,0.3925685464345265,-0.18877120189536503,-0.24467412998380278,-0.16893464479659506,-0.25451565370683016,-0.38795292485897886,0.14937307288624066,-0.16985348964776184,0.16122838549555088,0.021974751536108766,0.31475402694791965,0.13597963035126698,0.34305301546412403,0.3198991215110436,0.07997936260384933,0.057541764433887276,0.15595033500999148,0.05131674403003523,0.2693062278086681,0.3217022355404118,0.05330090068296628,0.4796459949934114,0.14880414617694773
sub-34,rc9,Comedy,-0.4021071444271662,-0.5306720137338111,-1.3125,0.26750825352730023,-0.4566466390832772,0.32252028215722833,0.2701254999838177,0.30833646098621853,0.27599972086807034,-0.11447061175459397,0.6057116970749991,0.8920536675228552,0.8717065396570948,0.6685360826965618,0.391771256409871,0.35356129871770275,0.7229781777688934,0.3353152984401104,0.20976457170478116,-0.34347955634093313,-0.09814723025314015,0.12313149421643789,0.7107742369859279,0.43356847597881054,0.5473535402501307,0.600754901448527,0.7307190603844294,0.09437134673458478,-0.5052818629920373,-0.15781365141940598,-0.24113250034812106,-0.47380138651470777,0.16173430496256033,0.026330628040012977,0.650811805882508,0.391174616361784,-0.5659401534393242,0.4777239885720037,0.941016275149111,-0.06985055578629532,0.636689361677078,1.068391512359241,0.9831939954379587,-0.01759627891639824,-0.10477208346668439,0.34066041184308454,-0.001426893040875706,0.3361112306948167,0.8835030163990947,0.4681219767544681,0.16656168899245205,-0.03745111926137311,-0.0571630388345269,-0.16407802988023845,-0.31767341842772506,-0.48619894992807233,-0.15948687834680256,0.019576348959063457,-0.24306659116746646,-0.08398501042329605,-0.11164544538899066,-0.24634426499608053,-0.22199985966178135,-0.0002036062620126424,-0.15983085530795457,0.1650694284556803
sub-34,uc4,Comedy,0.0957397962921826,-0.5470845502410425,-1.3125,0.42947922474251976,-0.7406468503013522,0.1455733379572201,0.38385957456285413,0.6663064907835868,0.8012512080273017,0.013943441152823387,-0.44166922478447934,0.15090961418980742,0.7789834830831865,0.02545982732147534,-0.05266046903608546,0.2953502163727101,-0.12611205264005798,0.7226838221072611,1.3401081861832733,-0.38295769492790377,0.2447485497403805,0.22598007634329143,0.06580611674374869,0.663472699544394,0.36139840986284505,1.4731875772449319,0.9504202852448586,0.16243291500550636,-0.022286942799864137,-0.11574991509141025,0.16414942356265236,-0.14111634688427,0.2943788010216137,0.12606790111352742,0.5625880948335934,-0.2559050500264406,-0.06902658863876701,0.07517527202570295,0.45406403947372503,-0.01996256794954653,0.901986990494036,1.2190116181364126,1.408655709466083,-0.15926297925352229,0.567073906851638,0.8247289539733087,0.13721852102782844,0.7813952655618367,1.4074319210242923,0.5393795168604413,1.0169424596258088,0.13554810388573052,0.5587989370139418,-0.4822335881254172,-0.14685289731785386,0.3040445608073124,-0.1745578567295416,-0.262410029808073,-0.6713780392746767,0.32517630360379896,0.5410163030501279,-0.3610800519396561,-0.3142981130998117,0.3020864297825035,-0.2360915985994077,-0.26911317968685045
sub-34,rh9,Horror,-0.1942150153355701,0.7057390698109448,1.6875,-0.24347477139109905,-0.25652951461419893,-0.16140090538513077,-0.14142740281991484,-0.013327532155318277,-0.39298561118321845,-0.4998219243257542,-0.12069339761681992,0.2866237480506075,0.4831528397920143,0.18481459867099342,0.5918137580573598,-0.12640361478093448,0.03855926959549935,-0.2901435884043147,0.3510944191409554,-0.1514128330912641,-0.008322170211224543,0.2300561867147748,0.09171399465285382,0.5574381803704641,0.0732903561560156,0.07920440470131501,0.6488522364792703,0.5626115184111098,-0.4283922736497042,0.0953971311500062,-0.022092240209803545,0.04594355684972117,0.03655077236544348,0.2786696681439929,1.0244427822303144,0.17633047760310358,0.029353780411912583,0.0853057015109949,0.20643230197231352,-0.09013934706205637,0.21716181746925556,0.5099409956332377,0.336587488625532,0.22779057034099776,0.06557553244859624,-0.28086426206702364,0.48539040930189736,-0.09575747673846631,0.015373663205544208,0.7872665233413294,0.5768534303944222,-0.38053471474123823,-0.027535210316564484,-0.2929557674368821,-0.09590549954773352,-0.06659693896522105,0.061518017013893526,0.6678460892385722,-0.35467426432670185,-0.29447218514829876,-0.07160171355210357,-0.1758422128251603,-0.09310245458167926,-0.31710556948452234,0.3743604340669258,0.017367744604963875
sub-34,uh2,Horror,0.0629147232777198,0.4486093311976549,1.6875,0.6193332205313615,0.21527526401935856,0.20738085309430884,0.17183239626493627,0.13106061881500713,-0.37118849510169344,0.07380182863242492,-0.13125740630285102,0.6993536115388994,0.7463715784919039,-0.6328073424393985,-0.17591520924313803,0.2923968108549913,0.26413920698829146,-0.1212241841908153,0.288573981667187,0.48707069251246726,0.1934629633341497,0.18154151969086432,0.2625031482243903,-0.05750252228061856,-0.042287195261079207,0.6199740586003348,-0.11118629016470855,-0.021696717761072012,-0.4054241130985573,0.14460825268375527,0.3835077956760834,0.16543604346768082,0.3906580451560409,0.4496185752908414,0.32232065280977873,0.3033329259461372,0.3118356367823112,0.8205899917995098,0.09383049209383043,-0.18528200636247008,0.4216574920480894,0.6568839847991276,0.47092578497578647,-0.5044817086129597,0.1500909866234706,0.48656378292550295,0.16502784434647058,0.907527996930574,0.9278599063766265,0.11322531058915901,0.6540525902320076,0.25294700163879885,0.18589392017661838,-0.028703520130802684,0.19919914665068356,0.15702615195058886,0.20368115840574746,0.40510846664711125,0.07459351226507047,0.24894174243297984,0.19917812026058432,-0.19178792778348477,0.03698292258887185,-0.2128301488837298,0.032502615905567134,-0.25700750549265133
sub-34,rc6,Comedy,0.079327259784951,-0.0492376095216937,-0.3125,-0.1585121975434728,0.24965046236838315,-0.16841988300379013,-0.3655519908115635,0.11609972953056812,0.16504359289723136,0.18184704866044127,0.5361543913490743,0.30560502012306545,0.24067020158631822,0.4052972093029937,-0.11192587447430137,-0.020590055743848097,0.6154504477211434,0.5280117316825732,-0.040275224193626766,-0.20209702895565979,-0.05413856079204982,-0.3328460365496627,-0.2679876042042694,0.06121340799930211,0.392375491739728,0.8384885034770971,1.1414349490526716,0.4315743477764884,-0.450328093702453,0.403033758228525,0.04798364702578137,0.3404769806244032,0.5185220969501235,0.05914292816231167,0.8539714123047007,0.7351757588876116,0.0027722791463979934,0.0902393682547791,0.9379041127377832,0.27196752223171106,0.4487105702979434,0.5589019811036574,0.7847333807175186,-0.10974006613727919,-0.0766765445710559,-0.002872769190226413,0.5375276008088209,-0.3364196742663052,-0.22468179373372688,1.1007568699677392,0.8714796744205004,0.21187186283887327,0.3999984273130647,-0.02439497555281271,-0.0681484622331976,-0.22004176412684434,-0.19151860591993566,0.08799356333825445,-0.17075407137424545,0.12939221507337229,-0.003511279347924089,-0.22399597476439842,-0.024181137616554528,-0.41540370853920316,-0.21690666643528755,0.008171273335767637
sub-34,rh3,Horror,-0.1942150153355701,0.7057390698109448,-0.3125,-0.23105825738490393,0.020889732143324846,-0.28718992486726647,-0.1414791427895822,0.0626092226413378,-0.19434695515022565,0.06219440103347442,0.13787175114859415,0.31191277834253833,0.09144867771951182,0.10559350598765052,-0.124697363486586,-0.11520874168712147,-0.0733264622776794,0.6929234028847129,0.39605367003970116,0.511993033229789,0.3905002815969622,0.2524011060741992,-0.03239614537859057,-0.4694187904982497,-0.16846206639038527,0.7069698312177236,-0.07690285471261643,-0.015064765438057204,-0.28950833683351873,0.03844596678736141,0.27013992221728256,0.4568409684626762,-0.3275310563241469,-0.0908382344547155,0.4782897300316647,0.35413957080791114,0.11131520592677344,0.270073561438728,-0.4098834559221305,0.09800263649936188,0.48935887966718666,0.6825068506482596,0.2598917178568005,0.33591409250090004,-0.3649669049799743,-0.4001577567505128,-0.13512037764770443,-0.2475511832093585,-0.2703022137917771,0.05578694298449121,-0.13257479240383727,-0.3793214121826856,-0.39548617286858195,-0.2879742815655389,-0.2751932100368875,-0.05885258562200318,-0.15885481576035637,0.12229038910775672,-0.024316476484982273,-0.5426020435178925,-0.40401672724557514,-0.3404785230870887,-0.033493816341133395,-0.3898197945205604,-0.11217831393022251,-0.1910329421231053
sub-34,rc11,Comedy,0.0957397962921826,-0.5470845502410425,-0.3125,0.34085615075316633,0.38788872338206964,0.4378060443269073,0.1572856864202287,0.18335608348084445,0.6156284795425373,0.3577796728555932,0.2175250315159603,0.3630930335158718,0.25299293649297466,0.1414702879301237,0.07891399483261609,-0.38523366422665184,-0.1688892351244463,-0.12462560020197329,0.4884192369664393,0.18920135885518222,0.27284854023062244,0.30491250552441945,0.5927105133432,0.029829811956878654,0.3517096512184684,0.5724074111676173,1.029252293076264,0.17476552590463768,0.7110407141996787,-0.2141110006424497,0.06040456151796755,0.26091129126638746,0.29265745854001474,-0.5395391738689658,0.9800787600929185,0.012070009522680525,-0.12077398666954431,-0.5693914192285942,0.5225564937364556,-0.5456679146357263,0.5005902345005987,0.9753380931623719,0.7434081348898055,-0.07686885400639576,-0.16435467187157826,0.11628653122217243,0.2286624445169276,0.30304939471841047,0.7552358542246963,0.8167598054506756,0.630552016420754,0.17335706840088486,0.208961672545697,0.2792539177467017,0.16351151227737803,0.02039688623627402,-0.09650478855614067,0.35998975433529756,0.3978050207680656,0.08958217133291946,0.03577158093684192,0.23542563408595105,0.16159029095373734,0.11270477387355467,-0.09643559656962532,0.5198521499750396
sub-34,uc1,Comedy,0.0957397962921826,-0.5470845502410425,-0.3125,0.1606654041962945,-0.013958893390070705,0.3010694262347079,-0.00593562451448732,0.0026612492258707996,0.5847100300090644,0.14370290538294034,0.7213074523382974,0.492176942420539,0.2995022843712536,0.6006527326943183,0.029034730862067905,0.3389836173177958,0.6586019812159188,0.20041293851216,0.43651321643099494,0.2932796608930148,0.036389696984104346,0.41638921596444567,0.4562791144082047,0.3843443387074436,0.2656887184603443,0.14814525614269933,1.146833307204568,0.010372006710398767,-0.3798390607631257,0.17602119058336974,0.15713458221143586,-0.07106032992106592,0.2558188812608533,0.1387365715921611,1.3750967072895035,0.1450608400686312,0.19399078945877185,0.12304164364461279,0.996734806113386,0.14237677393375447,0.44618275165613475,0.47231306040156695,0.2040215825737893,-0.12713764641560055,-0.004936324697835293,-0.10787107510882113,0.40819329264585885,-0.1390797936430167,-0.20884155894914197,0.7221793671963699,0.4818810972175773,0.21178121059102525,0.15747038980285177,0.2882442483733281,0.24143109962989096,-0.14721027381441143,0.2581251387421172,0.27007667114915207,-0.024904217400512258,0.0497703732869491,0.01826833423397622,0.01380120418986339,-0.1943864780455925,-0.44196754688028633,0.4119504088021775,-0.18270107503239527
sub-34,rh11,Horror,-0.4349322174416289,0.4650218677048861,-0.3125,-0.3107485334920766,0.6749414237311498,-0.23539810584937668,-0.26008900522068473,0.5193959212073157,0.22288072581614263,0.8898313456458118,0.17253227950030708,0.4448427614745779,0.42090161821818844,0.36280968697314925,-0.21900218199454097,0.4075461161861067,0.21647974427422778,-0.35527506030538203,0.6768653004962454,0.4584848058649133,0.5842714689155918,1.166467641438738,0.9894304685743248,-0.06125028339764573,0.6174354819928075,0.2872224945857413,0.7671861386153239,0.029953556246339635,0.46274467902652927,0.28114955349850784,0.39891048304677057,0.7122688146046725,-0.2859034874916779,0.5415062039478344,0.857719347298702,0.2075966845089261,0.18815685661198414,0.0054826593785542764,0.022061125971985396,-0.1494372154300019,0.5434568341298034,0.7524023132667429,0.21177821287665677,0.35736725105364997,0.6331788591752174,0.44337420054744353,0.6958392930244929,0.35698976713602104,0.5500141844798503,0.637594756386527,0.6567878162658651,0.5258082780800009,0.3881398252101468,0.47104685322905204,0.3244839662012664,0.21250533466996083,0.4871603482463565,0.08234322902972609,0.48091430177485656,0.5997044157623455,0.38280624619906606,0.6153774647763286,0.5155531379647611,0.18951067729287513,0.3061208123794888,0.13244363675689214
sub-34,rc12,Comedy,0.5771742005042997,-0.0656501460289251,-0.3125,0.08050917703952556,0.12765633637312102,-0.32827906283776426,-0.009483064892457892,0.2090560493467972,0.27404595945175253,0.020627241923638472,-0.07133174704141705,-0.3230771099995133,-0.3755567643429125,0.12178302087393066,0.05186250983399977,0.3010212383187614,-0.558229891658738,0.3296085883178947,0.5396204996133137,0.26183852360758314,0.3852364036169123,0.67456213905126,0.21121724579207243,-0.14933601517776915,0.6130118345276637,0.5878998651453679,1.0844981373099758,0.34645571328062225,-0.05284996675530324,-0.27475441431774567,-0.16358788741786054,0.10114996655299008,0.43349890648925427,0.13295412891428984,0.46353185126892865,-0.5073685383327398,-0.2237107008533115,-0.12240465641798415,1.239924185488662,0.13550757983583686,0.7531975430419201,0.9683250786460407,0.9832302519822246,0.10054036358662226,-0.33077910728866783,-0.0008218775628766856,0.11852884277527315,-0.29415314743527704,-0.38402910595201034,0.3037299202972546,0.25179769249616357,0.07228869549067121,0.09211024441623475,-0.31633313547080233,-0.14093476678631406,-0.11750558041456369,-0.29370203189345506,-0.09851668008119084,-0.1349227398810757,0.14557585511320745,0.062389151509679976,-0.2838608025970595,-0.03134944890154001,0.23510770586494198,-0.18250339239573085,-0.458153454189095
sub-34,rc5,Comedy,0.3364569983982413,-0.3063673481349838,-0.3125,0.7237982498724597,0.7606859557324015,0.4975513645086622,0.47289095476351267,1.1082846639581896,0.4730807680738968,0.7792291242895069,0.16332109121516988,0.5406489427852395,0.8950255865944775,-0.00243977203688613,0.30706294195882533,0.8410883241049667,0.30760687290174,0.20100761460319475,1.0233990114671057,0.5406898761208027,-0.34140715989846815,0.19555195066320794,0.07474930579255398,0.4783238266870424,0.09537222683693357,0.791844413840969,0.5185955703456613,0.1876221637969805,0.432980170002373,0.28498530794855004,0.7661167984362323,0.7199325533864966,0.5667808014521858,0.5600105226654654,0.8130930226429488,0.6931394327966547,0.144421309548801,0.40974547499571395,0.36535643026489506,0.6297980841829173,0.1097431258350585,0.40334508262750024,0.7067063691833215,1.0202562054182,0.6906113635504822,0.5400675179486418,0.4742468031355349,0.5206095532690226,0.6768390706242589,0.41060356817599875,0.6784054483671167,0.42413848479568556,0.3416582137936994,0.4041691585302444,0.6314236771513075,0.5955869562348209,0.6693082432908466,0.24781454872571818,0.604258443932462,0.3630634908013578,0.26812272168639967,0.3943307164143231,0.5997258296065165,0.48640788809751134,0.6311121466007839,0.42094578383761216
sub-34,rc3,Comedy,-0.1149767123880567,-0.356427808402975,-0.5625,0.1519589715373044,-0.249967855054358,0.22596274420720558,0.7287791961314805,0.24406574376263834,0.18405134314939792,0.10581135027949118,0.744063118757436,0.9128255756595117,1.1324751749321262,-0.025243411114343372,0.1709859082740325,0.5962909338528477,0.7126471672056367,0.756158924673629,0.5726693356180386,0.12875088333516152,-0.08828610408253014,0.15662142215625025,-0.3657404151246056,-0.07050518012622824,0.6158483420822937,0.7154431504740657,0.4033228881908701,0.8534131525039507,0.08349111884484499,0.16267194020946557,0.1498754858313318,0.11936592774456978,0.9300457645806173,0.15886881119884438,0.44846341955612856,0.2427188800490171,0.08921346880616932,0.6019451242736144,0.5387357706951843,0.6271536335999331,0.714546204772575,0.8557864882477081,0.8484237588090913,-0.45575248839242044,0.26403811901411967,0.2701197806192488,0.31169804522687916,0.3866339374884842,0.4121765470676793,0.08128979014867113,0.350007818626908,0.32822913826434913,0.5554032396416545,0.07695721248550876,0.3126362412235279,-0.03503476406893339,-0.12159691424884614,0.1604908903203089,0.33227441319109047,0.13679759511038866,0.11161999328548378,0.061136419758875626,-0.12124850835415019,0.1069306200548446,-0.014937366948815546,-0.0376106856139747
sub-34,rh12,Horror,0.0804836986716392,0.3909208221193921,0.4375,0.015183872187120443,0.5116249249353404,0.1179515611743448,-0.03796278373994228,-0.036489060215250155,-0.10236150023617548,0.5780534641670036,0.4891288416050244,0.4420616417744394,0.2021326749773554,0.39440040850782715,0.45924180891406563,0.2423072614837172,0.43591977842598295,-0.16167661229566924,0.27454064435720094,0.5291461535362474,0.7595105554048027,0.8767346551418763,-0.2101351442200361,0.49944070841293614,0.2107811785865582,0.5132260121639751,0.05751460097703456,0.5036697849663001,0.4556451707003851,0.4522315754693752,0.6363922752393129,0.6363897163111011,0.8813140052303735,0.8249817546591814,-0.1313754787914214,0.31983896142629953,0.6726380363986053,0.7559642350387338,0.6519093385482326,0.09033575601391605,1.0395239744620444,1.0915511335245116,0.3417302173297616,0.2767551253746944,0.30597904500196993,0.5356685500416213,0.7419700113667415,0.3459769419313966,0.6742200489794468,-0.5398945563887614,-0.39154998917062267,0.22425269420621316,-0.06580282931822931,0.18503351675344082,0.3306547111419332,0.5485310546873461,-0.08050897297558053,0.4003962886213772,0.21247946729512004,0.31124801854525486,0.45111782041594134,0.08397138821333963,0.46975685412105755,-0.03839311594778775,0.024933162973945846,-0.07926789192829611
sub-34,rc1,Comedy,0.3966696577387947,-0.3966696577387949,-0.5625,0.15519087343571888,0.23835753957229497,0.8827573787526123,0.4642340847203522,0.7887610964404989,0.6715635133982526,0.7387953707341671,0.8164111432841563,0.9212046958670118,1.0244800530599767,0.5165239959774651,0.44486055710419203,0.6178503778521639,0.8138970512027932,0.11419803488991014,0.28273919316741625,1.0125985999157314,0.531422353563179,0.7611359816993115,0.7458359685880047,0.5118008328376764,0.5017227819323428,0.12146077677294298,0.8061914458336795,0.0655363330687187,0.7920161376520989,0.11226208610119695,0.20482609177509595,0.5818304120014524,0.5598106966174944,0.8836940353089127,0.6971972466774623,0.3694699025519176,0.43024018577410855,0.5968958120036779,0.6905947145728285,0.47445909959059945,0.34538102241774954,0.2543122351043785,0.2769619224036364,0.22776825757530297,0.6327880960071289,0.6208938529120263,0.1332482917300576,0.605534766113355,0.589595404507332,0.573654806450299,0.46031532871465347,0.7126882568374573,0.526133086077026,0.9297372561687097,0.7108756943891335,0.8521655303329961,0.7825670420007316,-0.07751078721261885,0.5922008594992262,0.7776653098850523,0.7204362464897897,0.8197401884826976,0.6863236095077505,0.640877872772697,0.5896326598831729,-0.013298052119424
sub-34,rh7,Horror,-0.1954604110596962,0.6668649318507276,0.4375,0.6261692946267088,0.9325362517981647,0.742685382219135,0.3376595923208707,1.2928506772304038,0.7976985790964983,1.1032641976842028,0.8404583366394752,0.8318400200731266,0.5810643056416037,0.2344248696925995,-0.16842263709310037,0.5530852805868792,0.7133914938293744,0.6331612867453044,1.4793022140320622,0.6791753303506267,1.1147480893721788,1.2477927311269963,0.8163436820583616,0.47027371048072714,0.5591367790442752,0.9226880782111622,0.9496133343674229,0.2227375280780568,0.44208681626719293,0.09904999964544893,1.1253784736234957,0.6814372742459184,0.7449205394102888,0.882368332206172,0.95749738288429,0.8773723504145579,0.6493925455584033,0.7044202137060237,0.9004928098472321,1.2381717103804968,1.0701784909107759,1.0669915687527365,0.9059044484137025,0.3415486186312205,0.02605689185251276,0.33092969920115545,0.23681103600270836,-0.09037996480185986,-0.15422551339099805,0.8588412005994379,0.1798172145782803,0.9396356588157686,0.7879237555473391,0.642465567623739,0.41741003676233357,0.3322174453439704,0.6097573547628612,0.33852097757586824,0.5327068784554916,0.9769095220096045,1.062534269051755,0.4744401228114545,0.5836150209824594,-0.21255973942814002,0.9708530556932098,0.46658552408620885
sub-34,rc8,Comedy,-0.1149767123880567,-0.356427808402975,-0.5625,-0.03288683788129642,-0.23453567815125412,0.3117682054729294,-0.012160837053635793,-0.06539102695610634,0.07588542157288644,0.29372788237904496,0.7349440103784346,0.6101667062450111,0.620876248892911,0.05957601616818455,-0.00047142587367835973,0.30051944960276783,0.29198588956431737,-0.6241300095857949,0.581333822532838,0.0028052480871215714,0.8802401748049734,0.6783921174639559,0.46588711539948346,-0.25951164026515683,0.47132401528389384,0.24546365639852885,0.39293998893630655,0.4073632441499143,-0.04705437223299983,0.534719738978164,0.1528524334365027,-0.1759317112078085,0.41789227679738067,0.6866670525969859,0.5092897841862027,0.2468100593974226,0.27249755215268484,0.6161465966052416,0.46201009795161296,0.2711944192249637,0.6221284321399179,0.8091689384928473,0.6903321846779894,-0.07943580285056731,-0.09447078243597559,0.4973698406987931,0.364401183572488,0.5479954002184627,0.5786983374647195,0.2664751710808517,0.6396755594517092,0.14531918332871882,0.18448194741291365,0.3589032452643062,0.17597678694640143,0.22519807086862167,0.5416535165067481,0.11182936703845862,0.5865778173645783,0.22615810543281126,0.14665898309498696,0.29838216000441387,-0.09044120192412525,0.29616688074618247,0.186741898559146,-0.2701316880316226
sub-34,uc3,Comedy,0.3966696577387947,-0.3966696577387949,0.4375,0.512454530418908,0.3704737003049956,0.21216731598946967,0.5519696363828888,0.7118880938280264,0.5522577138793711,0.5485943489821967,0.29275423867596456,0.19420803856219424,0.03640050437327271,0.06449182850141283,0.2750670432475073,0.7619936105687823,0.5640509546647129,0.38677921980889185,1.2373267091249598,0.5333303646504595,0.8235230808306006,0.4510587412155326,0.268392727694899,0.3478948352488716,0.5519530540889054,0.5724717285837871,0.43686850858057713,0.24580940319659705,0.7434724863094847,0.20069605312036892,-0.2833059620620473,-0.08782851313928455,0.09018153388164397,0.14798405607463389,0.6401344747526373,0.4747638964687354,0.3509624570963209,0.4630871674585729,0.47035711952209325,-0.1021285026273044,0.7191668355363634,0.41605650489738194,0.759945880535304,0.60479565885558,0.6038704445256055,-0.01246182289079194,-0.1535163117853047,-0.058851901766901436,-0.3045334386621187,0.34365202279214746,1.0755097663142812,0.6236704815408559,0.5470023559877115,0.6576741639691399,0.3335835866432886,0.8748091642058387,0.3703194592446496,0.13119467874575416,0.5384578749656314,0.5703552596739031,0.31029617746835386,0.7583539178369822,0.5796152362623291,0.8138749050327778,0.15399835464299566,0.2914014167783063
sub-34,rh10,Horror,-0.1954604110596962,0.6668649318507276,0.4375,0.8251449012512758,0.07299099791975631,0.07169358101089932,0.6803539361449846,0.3039161247440797,0.34551841111126985,0.7871853878487359,0.14678846715936966,0.6836439885637215,0.6171943154696073,0.5296041913155731,1.2863262955722456,-0.10212245963191971,0.5500458557111451,0.255478327211662,0.5630656258187939,1.0557109666590072,0.9135808301085846,0.6022008525676357,0.17674540908589614,0.18474892024502482,-0.029189482269720783,0.4073720452805112,0.5228333787634609,0.3476764385213336,0.7451642057505706,0.021303049540297256,0.6830187671614126,0.8677292350163262,1.0090775430686307,0.6851301998916207,0.9108566432393531,0.07766491935376962,0.4034489503066242,0.2665374037091196,0.2027665513323186,-0.13473382928769623,0.293529598109628,0.5039470905315628,0.25821017697578075,0.39329429117619175,0.5189761925042307,0.8054879493825723,0.4301186227088886,0.6433855497796199,0.4348951107393768,0.6933523232876555,0.500909421067365,0.12107291055888296,0.18714669016554608,0.39429640310944736,0.7378519541815346,0.3433595316735247,0.6402228580429462,-0.2487542045040009,0.45392138893262657,0.03886479914920056,0.19178519928881954,0.2676632219577793,0.7039659906090814,0.5341527948845127,0.6618297625409979,0.27832616371250624
sub-34,rc4,Comedy,0.1609673973432788,-0.6323719181343108,-0.5625,-0.10936282150414271,0.12841682812828165,-0.05625457537131671,-0.06394745383672193,-0.01799787932810759,0.18163487838940987,0.31879138091943193,0.07152729472320118,0.514116513635374,0.7001858555954679,-0.028747899282169,-0.0008721527497931965,0.4155631138872422,-0.04702779649286821,0.5751266400270099,0.6704836013333285,0.23382530147206626,0.8050748069321022,0.8248789540990212,0.2764124269295958,0.5087093661233528,1.267756544918218,0.7541380899027761,0.3766247424695816,-0.13122895292962447,-0.1897258103105612,-0.07438594787559162,0.358996106661112,-0.12636655851484285,0.023676959735567875,-0.10634465982851908,0.5706819802820166,-0.054289820453275656,0.3920098288282754,0.96237329161127,0.8604906005643226,0.22058553668760164,0.4782468456559144,1.1835321348554093,1.3026631154389385,-0.28183723471396477,-0.0723961123653241,0.3479774401313638,-0.036388405800558764,0.48750667747819104,0.5644676536690402,0.46971959188426604,0.6770123856028035,0.7165774979565981,0.5671981747265004,0.4370056603023694,0.14242010139059044,0.012850274224410114,0.5694235930769729,-0.18791199796826835,0.4635446673274321,0.5949755488586985,0.30703468418619095,0.2677563665526953,0.18605890256531857,0.287951022988694,0.5274027165719516,0.15431544949861722
sub-34,rh4,Horror,0.0804836986716392,0.3909208221193921,1.4375,-0.17063728923475455,0.011605506921437242,0.28144754070405026,-0.18673340802221794,0.014426109456274353,0.08488753454448825,0.1355772094789043,0.007099048997487838,0.18382560554650088,0.01994537326952996,0.2917172918180465,0.13216758476788593,-0.0078707467232356,-0.11364210090536422,0.4167784465058269,0.3821875025371782,0.23723940311379732,0.6315168609708911,0.10055637490736546,0.4164617606885486,-0.13646943660477076,0.45280170112087337,-0.0597653171599618,0.35563940889151957,-0.1502819191411043,0.4613162137973579,-0.21363289830040055,-0.083740867385767,-0.20940493698630705,-0.40968148410957134,0.06059176985634887,0.3670478601990794,-0.37777412911478736,0.11821983474933037,0.6964870231321725,0.1386999415033314,0.09522109677911116,0.13439170083040097,0.8602272609455291,1.1811700735791275,0.18053281080692637,0.12428022225325412,0.03677321819710743,0.20523453753864354,-0.0011003930858679613,-0.111228179785044,0.5295234402061415,1.155850237645957,0.05282349335882822,-0.237416961044001,0.09341340620418051,-0.2570505004757077,-0.11895328520404838,0.35075642937222307,0.05199060885187653,0.18159451183677675,0.12513998990529607,-0.28151591898921197,0.04174635426828505,-0.03128677122634691,0.2703632234665289,0.6170419914168678,0.5721346260957174
sub-34,uc2,Comedy,-0.3506789727835726,-0.592130068798491,-0.5625,0.24733985533468072,0.08434675369042863,-0.242970027001781,-0.27856854221954647,0.2934159348734163,0.3192303894564865,0.0149259995989551,0.05480056920852039,0.27149047001176313,0.2344004601058827,0.08932712617830177,0.06781644390743725,0.2988388051872959,0.15702407325058754,0.1335843543524365,0.8063700486570949,-0.04923909811197756,0.23488213918411363,0.3689827965182211,0.38676714771374476,-0.6088332576702749,0.4603054927328575,0.39187001558221224,0.9505759794595896,0.6117250875588155,-0.11063841197467268,-0.01006448998471941,0.10438070092009023,0.0136341808906321,0.5443504401191501,-0.2830468439534492,0.3467371828231003,0.17126984302190182,0.17528936633639342,0.5164369779077433,0.6134984201394866,0.17099373129683315,0.5356391011055293,0.687526118408545,0.9058177266868305,0.5688866866318728,0.0907489609281055,-0.09269583082846168,0.22648501721016512,-0.38270375283133234,-0.08288652651137086,0.9710430696740513,0.5528616078807541,-0.25625985644133126,0.09937805347674412,-0.3552649556260307,-0.3813431755941445,-0.22648869078852887,-0.11759117289921828,0.06573188108598813,-0.3733851029334485,-0.3046993376644414,-0.05745841873167964,-0.22558278265913712,-0.36783099601753444,-0.0015771878073884285,-0.07676691798448185,-0.17391903838468886
sub-34,rh5,Horror,-0.3909208221193923,-0.0804836986716395,-0.5625,-0.3696043765872887,-0.1370861720924204,-0.015344644710908382,-0.36550229499937437,0.6020679529064483,-0.21460977783257484,0.2504626136695802,0.10640692053689292,0.5544203994096346,0.8403650142825733,-0.1864562327862799,-0.38841720493386805,0.47552764947188086,0.36572720246456064,0.46197222774508767,0.6844287190109396,0.053948830352780704,0.33233339620414093,0.4899668185305842,0.010465618770217285,-0.11045769461258008,0.4299743611270962,0.5272323841990096,0.7382799350482346,-0.12230163569572819,0.19598519120144878,-0.01214630171636479,-0.07670100448448407,0.12017757050564598,0.1617346267692773,0.40245579825807354,0.4532752644631745,-0.28555912961521174,-0.14158688417374038,0.31722988611676534,0.7223358647464312,0.35294953007088264,0.07753089288187563,0.4504837529705442,0.37784083477954006,-0.14830646709161036,0.04752769347827817,0.38132089729310187,0.7745154282424845,0.4748528979114819,0.6605721375733088,0.5286158769632541,0.5085429409964443,-0.10850179921812333,-0.10500287239815363,-0.3944477462713402,-0.013126141420591639,-0.27267645096649823,-0.05119500529055255,-0.23872384379580605,-0.2253897999842373,0.012882944810259943,0.23494298271343425,-0.46480794851718343,-0.04439561977360504,-0.4267415324682329,0.061440852539661486,-0.6755108530544021
sub-34,rh8,Horror,-0.4311626714552121,0.4311626714552119,0.4375,0.3451251028927007,0.5248421474202836,0.5096785254717132,0.8051809186098695,-0.2003824310022668,-0.17525424686760632,-0.0738988925646698,0.6863326792171006,1.3351289133481576,1.4095162818754696,0.21477200853122624,1.2429401664158357,0.25099556090090597,0.686199002189552,0.5259888822584939,1.1870477935169577,0.08410169221919422,0.10169023708967437,0.2809156002579635,-0.08552610037474671,0.3040017090406884,0.24037898233863841,0.621511441256656,0.7620257771753784,0.10872722902969036,0.2555929892468836,-0.45161902013551025,0.004563145567229766,-0.9298130256420183,0.7545469174572302,-0.16877838238280832,0.5753981095443599,0.2820568937048395,0.17779578635440377,-0.5622554255301917,0.6794910123973946,0.4828606096126907,0.4262747974909585,0.8724529968155951,0.8163899762781563,-0.12296295940448679,0.3582744092468532,0.26910305138670787,0.37602926422445637,0.5580859154179406,0.4600364741227298,0.9121666337152446,0.4425794853599759,0.17172635571198758,0.5608907071171295,-0.389529315605798,-0.04059941116841603,-0.21113724141212176,0.9046280518905588,0.00044437027007566775,0.17888225744852176,-0.05708224556462473,0.4290679175079352,-0.46118776473909967,-0.3918509232751926,-0.3673166812433327,0.7524430565966665,0.10979982883251747
sub-34,rc10,Comedy,0.6323719181343106,-0.1609673973432791,-0.5625,0.3681951544493297,-0.26253877870649006,-0.12108711236571268,0.25291325537976117,0.32070914712377596,-0.30073138786315706,-0.181438241208371,0.47607887815301364,0.6736285498122415,0.48112556792479405,0.2934762105556564,0.07472108193303435,0.4057608500795729,0.3394599721239549,0.29024488228579887,-0.45295775477928757,-0.3053524051459006,0.1743189295279259,-0.07945325439510992,0.21134186196933052,-0.11204884710103448,0.3894714426072486,0.14440525187230507,0.6247666293853289,0.4291080299971726,-0.6071575035198685,0.21033567616609733,0.021921444997940062,-0.06071849670189398,0.49873307278725715,0.3381350558888581,0.3158608055886194,-0.017632620827009192,-0.09731729257741017,0.32251999006330856,0.6851502135483928,0.04201522401455577,0.7938573462463592,1.00782770708874,1.316897660544453,-0.4082745103982689,0.42269046425928786,0.6257581697698079,-0.19985720288239867,1.028669790190069,0.7447422125874307,0.5854186086943451,0.1782838169351928,-0.004436637769766022,0.0566895130832864,0.06533970367118336,-0.34801997487447167,0.1278698484065676,0.10144959160977163,-0.08273293235287142,-0.17460478659367232,0.13832681812635286,0.25791060998290943,0.017886956303745486,-0.1400469145099596,0.41371028110981234,0.20346097330910923,0.28854944432548557
sub-34,uh3,Horror,-0.1954604110596962,0.6668649318507276,0.4375,0.07308581360899204,-0.07875759635682898,-0.7760860362888441,-0.4416404372409379,-0.2447021971843548,-0.16943271612083008,-0.0641116323194377,-0.34520020651586286,0.187007318339818,-0.17938813905552586,0.007354585289115342,-0.48059268783197495,-0.49987517652217184,-0.6456748134973588,-0.19597127272457104,-0.04455574140030284,-0.2872766703412561,-0.16042792608574633,-0.24397126439162156,-0.4789647697886105,-0.2759589083200234,0.06789465012949254,0.4350401521384866,-0.002826105256212735,0.6215885552189496,-0.1985972317741616,0.4344441567710944,0.008742670176224451,0.3158765704544729,0.32145086849634313,0.17185465491939808,0.6471751446872499,-0.35955533057850014,0.07315788552679331,0.19748817399474544,-0.06758561889746369,-0.3854353481384299,-0.08995965163985346,0.30025785098263735,0.33356203402513185,-0.0949845356508386,0.0987898542563444,0.3434440315236176,0.21619434055139336,0.8340700892093089,0.8165353982610839,0.17509386066613483,0.31067529721262405,-0.0795123548385464,-0.23848606113763954,-0.01898676509064372,-0.3136614649485947,-0.5638255017117523,0.07875954997940102,0.08822658425078883,-0.10402908089068943,0.061160636040668064,0.020755717403191713,-0.2921701474100745,-0.019908294238698065,-0.5228745082698786,-0.08530565664622078,-0.2672321340564349
sub-34,rc7,Comedy,0.6323719181343106,-0.1609673973432791,-0.5625,0.5399869475364933,0.4829866788175208,0.5638821761337287,0.27083966044642305,0.250527264585893,0.06865514799731501,0.06164729473661503,0.9626318571201888,0.7472117928873808,0.8740136237159957,0.7029038217895089,0.25285680948803785,0.582232211022834,1.1321685051283905,-0.14479039562673213,0.4161640554675065,0.2034151794452704,0.1915328827211447,0.07863110488125288,0.2148880638035872,-0.07401072427356713,0.2474300521839951,0.2891479252221157,0.3967576409835217,0.2879916006215693,-0.4496437571408613,0.14058366004347025,1.005920869931442,0.4364744975828377,0.34523879043986344,-0.6640626406102519,0.5461362083952421,0.15050615682885213,0.694602857196965,0.5016714916472396,0.40071836096652136,0.3595131740215565,0.5081943648650847,0.4840007887774829,0.4561330285179904,0.04926579692839113,-0.06539275504613182,-0.3019172410131727,0.4945866622002388,0.008523697487627215,0.04065106123660481,0.1706601871744439,0.3701762445278663,0.4320156592896205,0.3191401635495031,0.3733234462126981,0.4529034706749632,0.6456766150409687,0.23740496589126572,0.16595591492349498,0.35979981146702067,0.41676037587613884,0.4302019650988437,0.5112437014555609,0.651571218394546,0.6472548023589342,0.10200588424250287,-0.1888139289499076
sub-34,uh4,Horror,-0.3909208221193923,-0.0804836986716395,0.4375,-0.029499183240958658,0.057986613619132814,-0.061238076131143016,-0.10829334225062096,-0.36794034819412,-0.0896522560547225,-0.48335611709624715,0.01583807314016739,0.10744379095876948,0.23646927280660315,0.10100690892013318,-0.5223128966373696,-0.4756477498855888,-0.47551477045124385,0.032907898691531365,-0.5181966345639899,-0.2691385682930262,-0.20469238962291667,-0.16134184530087906,-0.41516957157822926,-0.3609836259885021,-0.2222722498007825,0.4446063062882477,-0.10912922665061722,0.1794731899241909,-0.2876624197539129,0.5462995005577305,0.2060156894802772,0.12448910521555184,0.13835739916188586,-0.10363744118535903,0.27541817293358734,-0.17412135369628037,-0.00482548808105764,-0.2852542179537709,0.03251102359355265,-0.41222387733111,-0.5099471416273629,-0.1387264896737894,0.6215352222717728,-0.3630411846839112,0.08076908518466215,0.25603420438478813,0.09391932095785911,0.9532972773630717,0.828059085551675,-0.08291114941953771,0.7979587292699327,-0.2512609845263008,-0.21897083509188156,-0.11843610500185422,-0.21100302527571405,-0.2313861333805431,-0.5561752402155191,-0.07112430325229384,-0.2671684177078399,-0.24004871754011275,-0.19364021121476274,-0.1462325216359347,-0.34315368446315153,-0.2035999580450179,-0.42706669655418167,-0.051151260461084445
