,Trailer,Type,Onset,Offset,Pos_arousal,Neg_arousal,Pos_arousal_scaled,Neg_arousal_scaled,W_score,W_score_scaled,NAcc_onset,AIns_onset,MPFC_onset,NAcc_middle,AIns_middle,MPFC_middle,NAcc_offset,AIns_offset,MPFC_offset,NAcc_whole,AIns_whole,MPFC_whole,NAcc_ind_peaks_pos,AIns_ind_peaks_pos,MPFC_ind_peaks_pos,NAcc_trailer_peak_pos,AIns_trailer_peak_pos,MPFC_trailer_peak_pos,NAcc_trailer_peak_pos_yes,AIns_trailer_peak_pos_yes,MPFC_trailer_peak_pos_yes,NAcc_pos_peak,AIns_pos_peak,MPFC_pos_peak,NAcc_w,AIns_w,MPFC_w,NAcc_f,AIns_f,MPFC_f,NAcc_a,AIns_a,MPFC_a,NAcc_dem_peak_pos,AIns_dem_peak_pos,MPFC_dem_peak_pos,NAcc_dem_peak_pos_yes,AIns_dem_peak_pos_yes,MPFC_dem_peak_pos_yes,NAcc_dem_peak_pos_no,AIns_dem_peak_pos_no,MPFC_dem_peak_pos_no,NAcc_avg_peak_pos,AIns_avg_peak_pos,MPFC_avg_peak_pos,NAcc_avg_peak_yes_pos,AIns_avg_peak_yes_pos,MPFC_avg_peak_yes_pos,NAcc_avg_peak_pos2,AIns_avg_peak_pos2,MPFC_avg_peak_pos2,NAcc_avg_peak_yes_pos2,AIns_avg_peak_yes_pos2,MPFC_avg_peak_yes_pos2,AIns_dem_peak_pos4,AIns_dem_peak_pos5,AIns_dem_peak_pos6,AIns_dem_peak_pos7,AIns_dem_peak_pos8,AIns_avg_peak_pos4,AIns_avg_peak_pos5,AIns_avg_peak_pos6,AIns_avg_peak_pos7,AIns_avg_peak_pos8,MPFC_dem_peak_pos2,MPFC_dem_peak_pos3,MPFC_dem_peak_pos4,NAcc_seg1,NAcc_seg2,NAcc_seg3,NAcc_seg4,NAcc_seg5,AIns_seg1,AIns_seg2,AIns_seg3,AIns_seg4,AIns_seg5,MPFC_seg1,MPFC_seg2,MPFC_seg3,MPFC_seg4,MPFC_seg5,NAcc_TR1,NAcc_TR2,NAcc_TR3,NAcc_TR4,NAcc_TR5,NAcc_TR6,NAcc_TR7,NAcc_TR8,NAcc_TR9,NAcc_TR10,NAcc_TR11,NAcc_TR12,NAcc_TR13,NAcc_TR14,NAcc_TR15,AIns_TR1,AIns_TR2,AIns_TR3,AIns_TR4,AIns_TR5,AIns_TR6,AIns_TR7,AIns_TR8,AIns_TR9,AIns_TR10,AIns_TR11,AIns_TR12,AIns_TR13,AIns_TR14,AIns_TR15,MPFC_TR1,MPFC_TR2,MPFC_TR3,MPFC_TR4,MPFC_TR5,MPFC_TR6,MPFC_TR7,MPFC_TR8,MPFC_TR9,MPFC_TR10,MPFC_TR11,MPFC_TR12,MPFC_TR13,MPFC_TR14,MPFC_TR15,NAcc_ISC,AIns_ISC,MPFC_ISC,index,number,title,year,Release time,genre,"released (1 = yes, 0 = no)",url to trailer,Domestic Gross,Worldwide Gross,Domestic Openning,Theaters Num,Avg Domestic Opening,Openning_US_C_IMDb,Gross_US_C_IMDb,Gross_W_IMDb,Gross_US_W1_num,Theaters_US_W1_num,Gross_US_W2_num,Theaters_US_W2_num,Gross_US_W3_num,Theaters_US_W3_num,Gross_US_W4_num,Theaters_US_W4_num,Gross_Total_US,Total_Theaters_US,Total_weeks,Weeks_avg_per_theater,Gross_World_num,Released_Month,Budget,IMDb_rating,IMDb_vote,GT_W1_num,GT_W2_num,GT_W3_num,GT_W4_num,GT_W5_num,GT_W6_num,GT_W7_num,GT_W8_num,GT_W9_num,GT_W10_num,GT_W11_num,GT_W12_num,GT_W13_num,GT_W14_num,GT_W15_num,GT_W16_num,GT_W17_num,GT_W18_num,GT_W19_num,GT_W20_num,downloaded,video trimmed,audio extracted,budget,Unnamed: 57,Unnamed: 58,"The tool used to get the thumbnail: https://youtu.be/otNh9bTjXWg?si=NJaRcikG3tZUpNBl , size of thumbnail 640*480",index2,title2,year2,Release_date,genre2,released,url,Domestic_Gross,Worldwide_Gross,Domestic_Openning,Theaters_Num,DG_WK1,NumT_WK1,DG_WK2,NumT_WK2,DG_WK3,NumT_WK3,DG_WK4,NumT_WK4,Gross_US_M1,Theaters_US_M1,GrossOverTheaters_M1,GrossTheatersW1,GrossW1,GrossTheatersW2,GrossW2,GrossTheatersW3,GrossW3,GrossTheatersM1,GrossM1,TheatersM1,GrossTheatersM1_avg,GT_AVG_W2,GT_AVG_W3,GT_AVG_M1,GT_AVG_Total,GT_Total,GT_AVG_Total_log,Gross_US_M1_rank,Gross_US_M1_log,GrossOverTheaters_Total
0,rc1,comedy,108.0,138.0,1.8067359142025186,-0.32490501915833325,0.3925223518294238,-0.32490501915833325,3.076923076923077,0.8629807692307693,0.06160480684021819,-0.05220577112753939,-0.04158856513466162,-0.032853503767573504,-0.08170417546803693,-0.10274654700550939,0.012558182264922342,-0.017084233792816036,0.03033618756690874,0.013769828445855666,-0.05033139346279744,-0.037999641524420764,0.3962933182004354,0.3498943760172616,0.5098049215400531,0.07478660053667952,0.012165371728662961,0.06316982184426134,0.11387529359487218,0.040986824214921815,0.09468670087024751,0.3962933182004354,0.3498943760172616,0.5098049215400531,0.002619152061166003,-0.009471656128918407,-0.04568788437074585,-0.02485111788648719,-0.059764436560899165,-0.12717237536050513,8.432149521294375e-06,-0.030967808245990987,0.1342257485345459,0.10065579860729137,0.07484851881611475,0.12695168967305304,0.04587181144607175,0.053260082573278474,0.05269492686869525,0.10065579860729137,0.07484851881611475,0.12695168967305304,0.061688017083990444,0.07484851881611475,0.12695168967305304,0.061688017083990444,0.053260082573278474,0.12695168967305304,0.061688017083990444,0.012165371728662947,0.06316982184426136,0.061688017083990444,0.07484851881611475,0.06316982184426136,-0.007023896173516169,-0.017042420561271344,-0.019867545018567877,-0.021021102756905528,-0.020270632295167176,0.027291322282889094,0.009350586824410015,-0.001727263998373665,-0.006336678756470376,-0.009037400060277987,0.07408928061396348,0.033199352316792934,0.0380732459547685,0.05079241779528499,0.04869036817051274,-0.024519623886772264,-0.042956777595962566,0.03684275774621546,-0.050434822896899684,-0.09977879421932133,-0.026619938959043108,-0.10068701991559134,0.025863608676868106,-0.04967512633519447,-0.03216179604120672,-0.13984640890836514,0.023238025613988796,0.008447098048673678,0.061688017083990444,0.04177183383579687,0.04891740246606765,0.10065579860729137,0.05499098220794467,-0.00957567630369781,-0.06973911837055131,0.03337829392800888,-0.03719804721777434,-0.08113297087385297,-0.07633748604342236,0.028600124129387648,0.04587181144607175,0.038023299083188584,0.02663316270938608,-0.01705904616380525,-0.07892554787149451,-0.05531987465539927,-0.02564262103638515,-0.08408176591061285,-0.18961199571096604,-0.1304089870089931,0.06162765564497734,-0.01107848551311357,-0.13904906475208942,-0.07153126640671845,-0.09148072858796616,-0.050517775358788826,0.07484851881611475,0.053260082573278474,0.011224461709398746,-0.01686404233590353,-0.14338579837907864,0.005304368022742747,-0.06422181469046756,-0.037567941455895336,-0.06859697239125852,-0.17441146376964517,-0.17653079056419171,-0.05662556684655631,-0.0006120459845303442,0.12695168967305304,0.021226871554873936,-0.04858050427754816,0.05269492686869525,0.1834282546805707,0.2382829281938321,0.13471640364910037,0.0,1.0,Joy Ride,2023.0,July 7,comedy,1.0,https://youtu.be/jyI-AM5VXDo?si=mZtAKMiPG0Ac2myk,12897789.0,15518636,2611969.0,2820.0,926,5806277.0,12897789.0,15787674.0,8041997.0,2820.0,12168180.0,2820.0,12759173.0,335.0,12897789.0,66.0,12897789.0,6041.0,4.0,2.0,15518636.0,7.0,20000000.0,7.0,9400.0,2852.0,1463.0,1764.0,2100.0,,,,,,,,,,,,,,,,,,,,,,,"The pilot data collected by prolific, sample size = 20",0.0,Joy Ride,2023.0,7-Jul,c,1.0,https://youtu.be/UCtE8zur6CM?si=-GWf51SuzzcGCwgH,12897789.0,15518636.0,2611969.0,2820.0,8041997.0,2820.0,3962918.0,2820.0,590993.0,335.0,138616.0,66.0,12897789.0,6041.0,2135.042046018871,2851.771985815603,8041997.0,4257.062056737588,12004915.0,6021.220265692812,12595908.0,8121.462689935236,12734524.0,6041.0,2030.365672483809,2157.5,2026.3333333333333,2044.75,525.0,2100.0,6.263398262591624,7.0,16.3725664592932,2135.042046018871
1,rc10,comedy,568.0,598.0,1.4937785597030608,-0.3250050827516551,0.0795649973299659,-0.3250050827516551,2.3214285714285716,0.08705357142857142,-0.021498643942262263,-0.05131918761504655,0.03265835490904711,0.054881681900096756,-0.021824263862441934,0.01831383108758288,-0.0026763543313146677,-0.04843696059173236,0.06949262586723252,0.010235561208839939,-0.04052680402307361,0.04015493728795418,0.3490455061255329,0.34737938969340726,0.6356091776041166,0.08389654283534298,-0.01980995366995927,0.06138688069113835,0.1048201174344994,0.027027181140591727,0.14908073967362195,0.3490455061255329,0.34737938969340726,0.6356091776041166,0.010415434397659311,-0.010148430063386329,-0.05421007039034771,-0.039969764002966354,0.018093689956255377,-0.1541928112283716,0.05211292259139351,0.050562865514030206,0.06932119593435167,0.08226506130175462,0.1269313989774435,0.12189335111505147,0.019200589327351154,0.01465060493462593,0.12189335111505147,0.08552802436893132,0.1269313989774435,-0.0872530214279917,0.08226506130175462,0.1269313989774435,0.12189335111505147,-0.0027676721178611532,0.1269313989774435,0.13069342851590224,0.05686960253164467,-0.01980995366995927,0.11928582820272664,0.016477677127963993,-0.01980995366995927,0.061386880691138346,-0.06937186886349635,-0.0790889246809411,-0.0692090961791108,-0.04118902544246018,-0.039346677776055564,0.02861680321395699,0.028564383752636306,0.0376923831218748,0.034849664255891706,0.04988370921246423,0.06106206879376034,0.04208630019216398,0.007914555642127409,-0.05008414966686594,0.03890504683090255,0.06642240981074021,-2.8030836313098456e-05,-0.0040374700942639435,-0.07607617767409307,-0.019355631310620614,-0.006210950120038653,-0.0973793601295371,-0.0036119008810786657,0.0570945144320046,-0.06148641889054545,0.05262583619104453,0.11045445451510323,0.04208630019216398,-0.03554829809590754,-0.07905888215084166,-0.03564526875384873,0.019200589327351154,0.023558639961935388,0.07395591120342108,0.0314741437615347,0.08226506130175462,0.08552802436893132,0.0011852688648421174,-0.0369923877475706,0.03572302637378912,-0.0027676721178611532,0.010099676246424919,-0.019444414411355606,-0.08452681096115298,-0.10078581226432363,-0.0429159097968026,-0.012437907930429384,-0.015929497122524144,-0.02969948887890832,-0.07900796685322795,0.045724511558486114,0.01465060493462593,-0.06078898007318544,-0.1445271723415051,-0.08682192797392076,-0.1179571479507202,-0.01980995366995927,0.1269313989774435,-0.007919667133625538,0.13069342851590224,0.048509781913737164,0.0792612526772134,-0.0872530214279917,-0.1764674879208581,0.014425372946503059,0.06953643427953536,0.07391570134709523,0.11015913478563888,0.10452592346926895,0.1166783052904018,0.12189335111505147,0.00023078647246917972,0.004134762988971314,0.11871815985614383,0.2335383500249815,0.15669999039676924,16.0,17.0,Easter Sunday,2022.0,5-Aug,comedy,1.0,https://youtu.be/YIixb42aJPg?si=W_YbI5jjV8SOzHAJ,13013690.0,13021859,2033045.0,3175.0,640,5447130.0,13013690.0,13074255.0,7559570.0,3175.0,10948610.0,3176.0,12225220.0,1574.0,12660865.0,553.0,13013690.0,9026.0,7.0,3.0,13021859.0,8.0,17000000.0,6.0,2.0,2381.0,1067.0,811.0,788.0,783.0,513.0,297.0,,,,,,,,,,,,,,,,,,,,,9.0,Easter Sunday,2022.0,5-Aug,c,1.0,https://youtu.be/YIixb42aJPg?si=W_YbI5jjV8SOzHAJ,13013690.0,13021859.0,2033045.0,3175.0,7559570.0,3175.0,3389040.0,3176.0,1276610.0,1574.0,435645.0,553.0,12660865.0,8478.0,1493.3787449870251,2380.9669291338582,7559570.0,3448.045014776176,10948610.0,4259.106005881639,12225220.0,5046.890816008222,12660865.0,8478.0,1261.7227040020555,1724.0,1419.6666666666667,1261.75,42.42857142857143,297.0,3.7478219897473863,6.0,16.354026297780667,1441.8003545313538
2,rc11,comedy,512.0,542.0,1.487941449898221,-0.35526863119022567,0.073727887525126,-0.35526863119022567,2.2222222222222223,-0.06481481481481481,0.02164354852267404,0.04612319268955036,0.14191531318582784,-0.02368244445176524,-0.0659406156741628,0.07509662236044673,0.0002976601145461623,-0.08431400250851849,-0.013165376911616254,-0.000580411938181667,-0.034710475164376975,0.06794885287821943,0.3090305354363611,0.3618129877481063,0.6306480655917105,0.03585276950172364,0.05905107820100554,0.19558808399240396,0.09214470005829133,0.14203296184721553,0.21201341302683135,0.3090305354363611,0.3618129877481063,0.6306480655917105,-0.02804756298862691,0.0003244315685177663,-0.046257091244531263,0.05983297839499852,0.048677308657058084,-0.010676977890150775,-0.05914465267132095,-0.008577186017070632,-0.1282745199606801,0.002028341478590613,0.10439028392445188,0.23002692028533336,-0.016183577772165458,0.07869949077158056,0.23002692028533336,0.015889807868169303,0.10439028392445188,0.10531924228232743,0.08788911677561274,0.07869949077158056,0.23002692028533336,0.021108993229460374,0.03837202468543209,0.16114924769947456,0.035852769501723634,0.03707089118015433,0.19558808399240396,0.00022874706990444986,0.03837202468543209,0.13333552149245834,0.039694294107188575,0.029799654018113648,0.02026559900432318,-0.0003548003482255636,-0.016612678899652795,0.039694294107188575,0.029799654018113648,0.02026559900432318,-0.0003548003482255636,-0.016612678899652795,0.16879314033094756,0.14763517431474082,0.10678520050163433,0.022994862365738142,0.005142388563991039,-0.02465157778166404,-0.004693914126171262,-0.0016938187128022785,0.03750460234858024,0.02669256188572458,-0.05375359295544437,-0.08490594886700492,-0.09908999823374044,0.16556598775675,0.06570462724040137,0.11381597149103252,0.03958967098170793,-0.04493199307879459,-0.002720951906232799,-0.016183577772165458,0.08788911677561274,0.0166878521099499,0.022545303406205863,-0.023805989824182708,0.002028341478590613,-0.04523383208271328,-0.030749242740869445,-0.020651499089651443,0.021108993229460374,-0.01453923651832268,0.015889807868169303,0.001686045364910457,-0.022657309371486592,0.03837202468543209,-0.004557708411271903,0.07869949077158056,0.013711872477559207,0.10439028392445188,-0.038024470744837384,-0.009778906338186073,-0.027404676064629176,-0.12407719646351785,-0.13041782875964358,-0.08827596863020643,-0.03602404921116479,-0.12607491071049323,-0.10556141087682443,-0.06563367311390371,0.10552179528544212,0.16114924769947456,0.23002692028533336,0.10755936037656179,0.10531924228232743,-0.01576472093768519,0.009378994509693896,0.17257772299534568,0.15949119696805794,0.04979991826682129,-0.0078583263908503,0.07682742106915276,-0.10647733594817226,-0.030131057751381203,0.0018124144631696917,0.014036743344663784,0.22424363031688538,0.1681803074021385,25.0,26.0,My Big Fat Greek Wedding 3,2023.0,Sep 8,comedy,1.0,https://youtu.be/vsTfC_xF1ok?si=u1Fk0RICrG-_ufKt,28426750.0,38017696,3706845.0,3650.0,1016,10028675.0,28496030.0,38829246.0,13871615.0,3650.0,20803230.0,3678.0,25208780.0,3078.0,26897765.0,1474.0,28496030.0,13576.0,7.0,4.0,39126983.0,9.0,,5.0,4000.0,3800.0,1885.0,1431.0,1146.0,1200.0,789.0,586.0,,,,,,,,,,,,,,,,,,,,,10.0,My Big Fat Greek Wedding 3,2023.0,8-Sep,c,1.0,https://youtu.be/vsTfC_xF1ok?si=u1Fk0RICrG-_ufKt,28426750.0,38017696.0,3706845.0,3650.0,13871615.0,3650.0,6931615.0,3678.0,4405550.0,3078.0,1688985.0,1474.0,26897765.0,11880.0,2264.121632996633,3800.4424657534246,13871615.0,5685.057745796927,20803230.0,7116.360539819019,25208780.0,8262.211964513728,26897765.0,11880.0,2065.552991128432,2842.5,2372.0,2065.5,83.71428571428571,586.0,4.4274096405217,15.0,17.10755375561842,2099.000441956394
3,rc12,comedy,656.0,686.0,1.343906322965407,-0.2980200554919117,-0.07030723940768797,-0.2980200554919117,1.96,-0.37,-0.0640683920169231,-0.04639131604320723,-0.014227732757103007,0.014000450543458966,-0.014296429992110482,0.11931782438591453,0.023488735252035736,-0.05129044800163795,0.10329371408371295,-0.008859735407142801,-0.03732606467898522,0.06946126857084148,0.35053170836246034,0.3605302549973198,0.6282615892380825,0.05060947688224297,0.01991861095375836,0.1680217623030793,0.08900222603431766,0.09628804014782841,0.3128404540608676,0.35053170836246034,0.3605302549973198,0.6282615892380825,0.0702409062781733,0.07417684998410666,0.02840396298676979,0.008505200661413366,0.03919856320489137,-0.07338871519220257,-0.04909028310273885,-0.04816763792510001,-0.11027491299193215,0.006077457666658153,-0.08325114574472453,0.14358625071931325,-0.0050075799600221614,-0.08262966824782138,0.15302125769105682,0.02206133025182179,-0.08325114574472453,0.14358625071931325,0.08565946459805489,0.04274604092290756,0.14358625071931325,0.03120519578084635,0.04274604092290756,0.1771705170930423,0.05060947688224297,0.04274604092290756,0.12654198238888237,0.026633263016334067,0.04274604092290756,0.16802176230307933,-0.031510898021257304,-0.05129044800163796,-0.03215381274337689,-0.015442648577139508,-0.007545422557023841,-0.04247536337969326,-0.04639131604320725,-0.04104569199207472,-0.03144809961615451,-0.028136763898759236,0.01968417623881234,-0.036968296335911296,-0.045159094460991644,-0.04961798824666035,-0.06726613929093984,0.02303582648821112,0.04414138318177743,0.0054082408318976,-0.0558428139602768,-0.026248570023872632,-0.012349266171933014,-0.04047502766855058,-0.05171464557029312,0.049622022178692056,-0.04498251832469122,0.11950356296366609,0.12290176482702501,0.10026151120951551,-0.0050075799600221614,-0.06515288873794445,-0.07869349604201445,-0.06215882994330665,-0.10932916540132792,-0.03031042252818499,0.006077457666658153,0.04096869154615348,0.02206133025182179,0.03120519578084635,0.01555948916643104,0.08565946459805489,0.05937822199753375,-0.026718580770639048,-0.016434918731201887,0.04274604092290756,-0.06826182880460585,-0.1420126539991321,-0.0023730116379426357,-0.062055126697263235,-0.014317571736412042,0.02613745463936677,-0.004957413876992356,-0.05822783927817341,-0.020116779708341328,-0.08262966824782138,-0.018678635049489044,0.058515856957005764,-0.08325114574472453,-0.13040864792316065,0.10949771405845149,0.14358625071931325,-0.1042178982416886,-0.15027324148535856,-0.06973148883623269,0.08505717534751758,0.1588730075131163,0.1771705170930423,0.022467164284839653,0.15302125769105682,0.10062136539147336,0.11506267139854487,0.16041588756176087,0.1051788962179573,0.03518974984882841,0.13517097500455982,0.09565034902295202,0.20739554191518672,26.0,27.0,About My Father,2023.0,26-May,comedy,1.0,https://www.youtube.com/watch?v=gcqpsD7Re40&ab_channel=MovieCoverage,12089391.0,17655276,1464923.0,2464.0,595,4321148.0,12089391.0,18167819.0,6724093.0,2464.0,9916809.0,2464.0,11226509.0,960.0,11681574.0,273.0,12089391.0,6570.0,7.0,3.0,17657217.0,5.0,29100000.0,6.0,3900.0,2729.0,1296.0,1364.0,1667.0,1168.0,982.0,686.0,,,,,,,,,,,,,,,,,,,,,11.0,About My Father,2023.0,26-May,c,1.0,https://www.youtube.com/watch?v=gcqpsD7Re40&ab_channel=MovieCoverage,12089391.0,17655276.0,1464923.0,2464.0,6724093.0,2464.0,3192716.0,2464.0,1309700.0,960.0,455065.0,273.0,11681574.0,6161.0,1896.0516149975654,2728.9338474025976,6724093.0,4024.6789772727275,9916809.0,5388.949810606061,11226509.0,7055.854572510823,11681574.0,6161.0,1763.9636431277058,2012.5,1796.3333333333333,1764.0,98.0,686.0,4.584967478670572,5.0,16.27352328655898,1840.0899543378996
4,rc2,comedy,108.0,138.0,1.352548071564955,-0.26848518175948943,-0.06166549080814019,-0.26848518175948943,2.0,-0.2672413793103448,0.01367929293527982,0.008041330892992879,0.07938285200593195,-0.034698870530887986,-0.09590448660509775,-0.12727442764152921,-0.019734853883772233,-0.03475573013339125,-0.028497220708930862,-0.013584810493126785,-0.0408729619484987,-0.025462932114842678,0.33469898188891095,0.3479738240431978,0.5759421957507789,0.05242254607731063,0.06662005326950278,0.22990356776348853,0.14296622847849788,0.1644796580096043,0.12686087029183823,0.33469898188891095,0.3479738240431978,0.5759421957507789,0.08947502522165049,0.0647499701206285,0.0660583007206286,0.05600252596775045,0.01648095542295899,-0.07267815690368477,0.0018075356698974553,-0.018878900053712806,-0.17590756580744868,0.06702524535561988,0.06807537961275514,0.22990356776348853,0.06702524535561988,-0.0031619778134948325,0.22990356776348853,-0.042911154796109165,0.06807537961275514,0.22990356776348853,0.06702524535561988,0.09549960555408893,0.22990356776348853,0.06702524535561988,0.09549960555408893,0.09587238704618324,0.05242254607731063,0.06662005326950278,0.22990356776348853,0.05242254607731063,0.06662005326950278,0.02047116257304859,0.021266630126381046,0.025285902974582088,0.019671405225240357,0.011402888364825324,0.010033828905502055,0.0006165383700119373,-0.012407617359233628,-0.024093119100163464,-0.035528867511946435,-0.05188597728938966,0.14558028956510322,0.12801264182228478,0.10878642875212269,0.04247165562025243,-0.04408271975749958,-0.016623852247102687,-0.03963012328983425,-0.01005901279144992,0.0671051620505869,-0.07520435732100406,-0.11768324383964977,-0.07395301687476762,-0.004629353757659005,0.12801264182228478,-0.061755668288343425,-0.11564366593508493,-0.12893308569425638,0.05100511752118642,0.03781984679900138,0.06702524535561988,0.022569874706136004,-0.020339153330789176,-0.038679348853568975,-0.07322965708814064,-0.0009057538587669603,-0.00605464808643191,-0.042911154796109165,-0.05039313882499133,-0.06558584077722418,-0.002911390267287235,0.019836003570288644,-0.0200364137662898,-0.02997662817834856,0.037740500984916624,0.09549960555408893,0.06807537961275514,-0.034929066847559934,-0.1261797648392364,-0.06450424027621587,-0.08252062780481272,-0.10414335798264424,-0.1663857457314924,-0.06196846123032359,-0.13802355090451196,-0.021867038489467274,0.030545358462755707,-0.0031619778134948325,-0.0412714419222379,0.22990356776348853,0.0612570113667179,0.09287734633664799,0.0511077895416364,-0.03823145497883097,-0.19814333942783574,-0.1246587287743666,-0.0429948628796315,-0.1792774061512567,-0.0912978009745555,-0.18646138456420647,-0.10904007154400713,-0.054930061900086084,0.09587238704618324,0.11207302741746213,0.03714851000450042,0.25163635124472455,0.35794742742207714,1.0,2.0,80 For Brady,2023.0,Feb 3,comedy,1.0,https://youtu.be/-UeGXB2NjR8?si=JU3SbpBjbO05o2xl,39330588.0,40266090,4625369.0,3912.0,1182,12701640.0,39330588.0,12701640.0,18969658.0,3912.0,28647811.0,3939.0,34617281.0,3119.0,37473383.0,2397.0,39448525.0,15397.0,7.0,4.0,40384027.0,2.0,28000000.0,6.0,7600.0,4849.0,2457.0,1914.0,1192.0,932.0,951.0,684.0,,,,,,,,,,,,,,,,,,,,,1.0,80 For Brady,2023.0,3-Feb,c,1.0,https://youtu.be/-UeGXB2NjR8?si=JU3SbpBjbO05o2xl,39330588.0,40266090.0,4625369.0,3912.0,18969658.0,3912.0,9678153.0,3939.0,5969470.0,3119.0,2856102.0,2397.0,37473383.0,13367.0,2803.4250766813793,4849.094580777096,18969658.0,7306.102196923326,28647811.0,9220.007294711078,34617281.0,10411.539209604696,37473383.0,13367.0,2602.884802401174,3653.0,3073.3333333333335,2603.0,97.71428571428571,684.0,4.582047768567237,17.0,17.439141452256155,2562.0916412288107
5,rc3,comedy,12.0,42.0,1.4677398692555352,-0.29847789631751687,0.05352630688244033,-0.29847789631751687,2.5,0.2625,0.030879668802483207,0.0593514120651788,0.027966419213186922,-0.010957577751092556,-0.07519520641687473,-0.04668351275747991,-0.04150580571001444,-0.0813717666424289,-0.13519279644525023,-0.007194571552874588,-0.03240518699804159,-0.051303296663181064,0.328889788583466,0.33757950015397586,0.5359565394177197,0.06573166289920661,0.1316780453270997,0.13162384849081402,0.09044080750091654,0.1345190992322825,0.09662329649737536,0.328889788583466,0.33757950015397586,0.5359565394177197,0.005428716710140414,0.09326037785991327,0.041604343002636,-0.014142242312333386,0.08188038367366715,-0.05921975666305028,-0.07752101175855766,-0.016271162684209983,-0.05916634926372316,0.044374689903092165,0.1316780453270997,0.120417407387944,0.006534844076776823,0.041918009194045605,0.120417407387944,-0.019557132682070235,0.1316780453270997,0.02519708287956355,0.10619831630525096,0.08994684991467805,0.23805061410206446,0.10619831630525096,0.08994684991467805,0.120417407387944,0.0657316628992066,0.02816937415963582,0.131623848490814,0.0657316628992066,0.02816937415963582,0.010333798209499286,-0.052990871352615085,-0.05816272063463681,-0.05567633714838802,-0.050346933255829326,-0.058209949940556394,-0.01330259219458788,-0.024403327099156456,-0.03347779220975099,-0.034873024710807166,-0.03281021035951592,0.056854368372386686,-0.019603487634993012,-0.04150039342582753,0.020902816185524024,0.04535486178631205,-0.02653514865882826,-0.015107296680511362,-0.06058809039686948,0.05496406707239012,0.0159462136433515,-0.08290179806285347,-0.058288665450422404,-0.09174575219267386,0.11123094133916374,-0.024481106854537533,-0.0954729936970847,-0.12693265396144743,-0.12086067014199944,-0.00029571909836852985,0.03773915816177835,0.02526500949316225,0.10619831630525096,-0.014508420849406917,0.044374689903092165,-0.04726239594158656,-0.038877894111674985,0.006534844076776823,-0.019557132682070235,0.002257493229329417,-0.028022250588793242,-0.08213803970642881,-0.05435210235718228,-0.04527412912699735,0.1316780453270997,0.0668222574854771,-0.033608101595406364,0.08994684991467805,0.041918009194045605,-0.08402621817866911,-0.10104900970840602,-0.0688062667174307,-0.07885011776272369,-0.04324441971714429,-0.018370509900477158,-0.1132510667336458,-0.12987522382865951,-0.0927496638776447,-0.0526123688717174,0.02519708287956355,0.23805061410206446,0.07044512703586324,-0.09411091698261113,-0.09974981096894543,0.120417407387944,-0.006708670643170646,-0.17251919964975243,-0.10719111079833107,-0.0674159900840895,-0.09079451161787519,-0.22258746018237763,-0.15965275926192835,-0.19991080904014227,-0.0030184421239277393,0.011762955268672807,0.2597234535629852,0.32972987380992114,2.0,3.0,A Man Called Otto,2022.0,Dec 30,comedy,1.0,https://youtu.be/eFYUX9l-m5I,64267657.0,108641148,1555761.0,637.0,2442,56257.0,64267657.0,113190218.0,85480.0,4.0,6223126.0,637.0,26346249.0,3802.0,39302864.0,3802.0,64267657.0,24008.0,15.0,6.0,108641148.0,1.0,50000000.0,8.0,43000.0,21370.0,9635.0,5293.0,3408.0,2407.0,1504.0,1501.0,1398.0,1083.0,696.0,936.0,884.0,889.0,499.0,350.0,,,,,,,,,,,,,2.0,A Man Called Otto,2022.0,30-Dec,c,1.0,https://youtu.be/eFYUX9l-m5I,64267657.0,108641148.0,1555761.0,637.0,85480.0,6.0,6137646.0,637.0,20123123.0,3802.0,12956615.0,3802.0,39302864.0,8245.0,4766.8725288053365,14246.666666666666,85480.0,23881.903715332286,6223126.0,29174.67672953534,26346249.0,32582.51865483781,39302864.0,8247.0,8145.629663709453,15502.5,12099.333333333334,9926.5,23.333333333333332,350.0,3.1498829533812494,19.0,17.48680794950228,2676.926732755748
6,rc4,comedy,332.0,362.0,1.7718701052789507,-0.387549395867877,0.3576565429058557,-0.387549395867877,3.1153846153846154,0.9086538461538461,-0.013724071553812747,-0.001105563847806155,0.04170859577520337,-0.010304612229615966,-0.04817357255101574,0.0198383414300638,-0.028918183592689366,-0.08489487146043004,-0.15542606521341187,-0.017648955792039355,-0.04472466928641729,-0.03129304266938158,0.34694832875589526,0.33369784113038414,0.5062610041573022,0.05367175811403114,0.06588117799844254,0.15880143724270043,0.04323327561187505,0.06324271863311905,0.11721019412859555,0.34694832875589526,0.33369784113038414,0.5062610041573022,-0.012327747763723725,0.08801300059760325,-0.028255938932232234,0.01608722736726135,-0.028839867371374502,-0.023262634117624192,-0.024311114197260262,-0.0027967876416934026,-0.19609064329992254,-0.0069658030220145365,-0.07421261817449183,0.02065279657421323,-0.0069658030220145365,-0.07421261817449183,0.02065279657421323,-0.0069658030220145365,0.06588117799844254,0.15880143724270043,0.05367175811403114,0.06588117799844254,0.15880143724270043,0.05367175811403114,0.06588117799844254,0.15880143724270043,0.05367175811403114,0.06588117799844254,0.15880143724270043,0.05367175811403114,0.06588117799844254,0.15880143724270043,-0.03779511256400739,-0.0440384557349505,-0.05251341348826176,-0.05305625782964526,-0.0507225120191893,0.01717119973386528,-0.0011055638478061442,-0.004944976668271294,-0.004634196587400167,-0.010311956415071035,-0.007692842749695174,-0.0010053742815414291,0.012002756934710257,0.007292114366543167,-0.036339832578691916,0.002318818799475171,-0.028440205742737243,-0.033075673804785974,0.031231926787782416,-0.041121880124325,-0.0406125399098879,-0.06186260582625393,-0.11125824735940214,0.07464288812513573,-0.0010053742815414291,0.03542827271046105,-0.12560743433916816,-0.13992356556179505,0.05367175811403114,-0.005106274622401069,-0.026689140392000547,-0.08353089784667869,-0.0069658030220145365,-0.018522796867382514,0.017998198950427716,0.01584037485632298,-0.026882117408325204,-0.03995672067912281,-0.08689784241895836,0.041533945869869485,-0.02844973107857255,-0.05445375443053371,-0.01632353590525169,0.06588117799844254,0.04171866167392935,-0.013904059309024617,-0.025010981427886124,-0.07421261817449183,-0.024142040770597055,-0.0027695161021735,-0.05005627520876711,-0.06901182841872308,-0.09488820225481792,-0.056313323877946186,-0.034386291345997674,-0.15699099187343296,-0.12793509144964788,-0.04884865875512563,0.15880143724270043,0.05225717637376396,0.01287005075894277,0.02065279657421323,-0.0360384820736036,0.012369562654766037,0.051027150583465304,0.06736525698383503,-0.012107589435917289,-0.019462673635830145,-0.21181651401971047,-0.14554311536196385,-0.12250272124934757,-0.16406113137001954,-0.1332068440660181,0.0031141348281445574,0.13855603256322552,0.22072504826977635,3.0,4.0,Puss in Boots: The Last Wish,2022.0,Dec 21,comedy,1.0,https://youtu.be/RqrXhwS33yc?si=jhP7bbiB2SUukjNb,185535345.0,484643149,3200250.0,4099.0,781,12429515.0,186090535.0,481696020.0,6102855.0,4093.0,44407330.0,4099.0,74585835.0,4121.0,92969975.0,3919.0,186090535.0,47972.0,18.0,11.0,485252376.0,12.0,90000000.0,8.0,46000.0,1491.0,9345.0,7323.0,4691.0,5964.0,4224.0,3803.0,2934.0,2424.0,2820.0,1795.0,1379.0,1711.0,1208.0,970.0,728.0,1075.0,1962.0,,,,,,,,,,3.0,Puss in Boots: The Last Wish,2022.0,21-Dec,c,1.0,https://youtu.be/RqrXhwS33yc?si=jhP7bbiB2SUukjNb,185535345.0,484643149.0,3200250.0,4099.0,32866595.0,4099.0,37453885.0,4115.0,20436665.0,3977.0,22381420.0,3753.0,92969975.0,16232.0,5727.573620009857,8018.1983410587945,32866595.0,17119.992994764747,70320480.0,22258.706849429065,90757145.0,28222.314629871376,113138565.0,15944.0,7055.578657467844,5418.0,6053.0,5712.5,109.0,1962.0,4.6913478822291435,27.0,18.347787149528056,3879.148982739932
7,rc5,comedy,700.0,730.0,1.5963792592833326,-0.23103150050942625,0.18216569691023762,-0.23103150050942622,2.5,0.2764423076923077,0.036721842709659454,0.07750545399503991,0.13355738970267603,-0.09018579769118767,-0.04722931628409899,-0.13488712362551256,0.00013802205370845442,-0.049476195439924125,-0.08907655110101066,-0.01777531097593991,-0.006400019242994396,-0.030135428341282394,0.30998626078517894,0.3745189011949845,0.5667916675655236,0.0872845574606204,0.13950194536402494,0.1948767893778915,0.12175904748689144,0.14433157492673382,0.23176855752439296,0.30998626078517894,0.3745189011949845,0.5667916675655236,-0.058858613327717586,-0.05024747156975694,-0.17579489448888735,-0.04485506904044934,0.06662825869737957,-0.06182438684766563,-0.028733645326166256,0.033733871420906905,-0.11346122430481223,0.0209907276350794,0.14438719490040205,0.2758321799432419,0.0209907276350794,0.14438719490040205,0.11392139881254108,0.07507891976093828,0.13461669582764782,0.2758321799432419,0.09949019516030252,0.14438719490040205,0.2758321799432419,0.0209907276350794,0.14438719490040205,0.2758321799432419,0.08728455746062039,0.13950194536402497,0.1948767893778915,0.06024046139769095,0.13950194536402497,0.1948767893778915,0.03933213906360457,0.02808722104503811,0.013249876140699963,-0.0018601016858895867,-0.0068534363818641844,0.03933213906360457,0.02808722104503811,0.013249876140699963,-0.0018601016858895867,-0.0068534363818641844,0.24067280806052452,0.20640646263992102,0.13846638742520978,0.06518661418544006,-0.045823271976784256,-0.07952836667328962,-0.014120479988518175,-0.014591050426547634,0.11686512483667338,0.004313787118005398,-0.05678308935188178,-0.06565720891449643,-0.030738709903272557,0.19842233831119668,-0.04589985485960924,-0.13970076105615684,-0.05750991351066471,-0.10598895059117788,0.07507891976093828,0.09949019516030252,0.0209907276350794,0.010203765031417107,-0.022154394039439956,-0.12551918692232988,-0.09078697746164202,-0.08946170786569486,-0.058336414692531986,-0.08682470151373964,-0.023611662555402743,0.06807492410358784,0.010800187262170845,0.017705851440077764,-0.07227918998189149,0.07159148378197032,0.13461669582764782,0.14438719490040205,0.03925161336300498,-0.0023197178978255446,-0.023990534111163232,-0.016892451029227748,-0.060936848380990685,-0.09251996864542693,-0.04180677925368634,-0.10471597385479778,-0.05044887363500523,-0.04678906723884608,-0.04132585964900911,-0.004101202821962509,0.11392139881254108,0.2758321799432419,0.20551343617780707,0.13787377179871402,-0.06535383821892383,-0.2102194981586179,-0.11277828873727472,-0.17853377211056792,-0.12779022232062792,-0.045113836800474504,-0.029660229168620364,-0.09775567456289926,-0.18392422803183758,-0.06656308903280288,-0.06747953470889329,0.2795370363168959,0.2520561336206039,0.4448958115380433,4.0,5.0,Strays,2023.0,Aug 18,comedy,1.0,https://youtu.be/26Xq6_g2r6Q?si=W1w0lLc7rlqiJ8TI,23988885.0,35316418,3427540.0,3223.0,1063,8247810.0,23988885.0,36026155.0,11476230.0,3223.0,18211225.0,3232.0,22045000.0,2486.0,23236435.0,1500.0,23988885.0,11576.0,6.0,4.0,35958110.0,8.0,46000000.0,6.0,12000.0,3561.0,2084.0,1542.0,794.0,681.0,627.0,,,,,,,,,,,,,,,,,,,,,,4.0,Strays,2023.0,18-Aug,c,1.0,https://youtu.be/26Xq6_g2r6Q?si=W1w0lLc7rlqiJ8TI,23988885.0,35316418.0,3427540.0,3223.0,11476230.0,3223.0,6734995.0,3232.0,3833775.0,2486.0,1191435.0,1500.0,23236435.0,10441.0,2225.4989943492,3560.729134346882,11476230.0,5644.576597218169,18211225.0,7186.722614917284,22045000.0,7981.012614917284,23236435.0,10441.0,1995.253153729321,2822.5,2395.6666666666665,1995.25,104.5,627.0,4.6491870714048655,14.0,16.961232078869575,2072.294834139599
8,rc6,comedy,420.0,450.0,1.3919394877761797,-0.21617465660050286,-0.02227407459691517,-0.21617465660050286,2.310344827586207,0.023706896551724137,-0.05142344029113651,0.037609087630671535,0.018254849525486463,0.007593646426184835,-0.0780695837459772,0.0013815922818738188,-0.017980340378235694,-0.015291511180223512,-0.0755747502080829,-0.020603378081062464,-0.018584002431843046,-0.018646102800240868,0.33815453293485787,0.3342331393031907,0.5466937205260302,0.0099799214873441,0.050680323693030375,0.08914539076401319,0.044689013562368124,0.09546428284149715,0.11417893298987213,0.33815453293485787,0.3342331393031907,0.5466937205260302,-0.025645989274653568,0.0004869071015012595,-0.03401675752064216,0.020394520144557893,0.060713812994646864,0.045537271778227785,0.04915853433862507,0.014064362649253606,-0.0777687174153675,0.023884541560512843,0.050680323693030375,0.09734786075942262,0.006261285446535157,0.04449826463982249,0.09734786075942262,0.023884541560512843,0.050680323693030375,0.022437406859670543,0.03015705440633141,0.050680323693030375,0.09734786075942262,-0.026845680323047544,0.025041178975624127,0.09734786075942262,0.009979921487344098,0.050680323693030375,0.08914539076401319,-0.0014805693812673382,0.03187317340211463,0.08914539076401319,0.032621165722178,0.004483001096649939,-0.008401656051265215,-0.019700418522599333,-0.03561305435209976,0.03733506758118815,0.03760908763067155,0.03551443618816364,0.015002422817645668,0.004024002241584813,0.0420765808745974,-0.03403152444584641,-0.04333388983501121,-0.0508792872741361,-0.027836603904834535,-0.004386116731392638,0.0032389782557292203,-0.023153860750678257,0.042366739626697465,0.028662132749629844,-0.08946253084896913,-0.0897737137933565,0.015287360106783037,-0.004932406749546975,0.04471036061812592,0.055032027505932855,-0.10711849140895996,-0.08092200396675625,-0.04023523615927288,-0.06480384856120595,-0.0475987771019295,-0.07624652617437795,-0.028232813458896323,0.020969527918770676,0.023884541560512843,-0.026845680323047544,-0.010197211431643208,0.03015705440633141,-0.009954750311779646,-0.010485369327364076,0.006261285446535157,-0.03692647348105743,-0.03879639421751254,0.050680323693030375,0.031921630547239475,0.04449826463982249,0.022240051444660246,0.03870516782860515,0.025041178975624127,-0.10806965740546223,-0.07282494179084108,-0.08749299335060408,-0.14700150515860275,-0.11004133923398843,-0.012278296987478302,0.008769627441616929,0.011078904281419548,0.026013548597312645,-0.10559321212905799,0.020368506230031405,0.07042748565038567,0.0836340610164027,0.022437406859670543,0.028059613978304518,0.08094292076860377,0.09734786075942262,-0.013194699010227793,-0.18624773508673406,-0.07124098600250556,-0.06386675313764023,0.004085506841310195,-0.04869826067315837,-0.19815325806842052,-0.052544682428514504,0.25605886332973193,0.20218056912478338,6.0,7.0,Champions,2023.0,Mar 10,comedy,1.0,https://youtu.be/pCHiWnj5Oek?si=3Rq4Yp7lOL2GySLb,16271910.0,18852343,1820955.0,3030.0,601,5148740.0,16397335.0,19159065.0,7559905.0,3030.0,12022935.0,3039.0,14251805.0,1917.0,15199130.0,1121.0,16397335.0,9913.0,8.0,3.0,19115227.0,3.0,,7.0,11000.0,2495.0,1469.0,1163.0,845.0,1338.0,1856.0,935.0,689.0,,,,,,,,,,,,,,,,,,,,5.0,Champions,2023.0,10-Mar,c,1.0,https://youtu.be/pCHiWnj5Oek?si=3Rq4Yp7lOL2GySLb,16271910.0,18852343.0,1820955.0,3030.0,7559905.0,3030.0,4463030.0,3039.0,2228870.0,1917.0,947325.0,923.0,15199130.0,9107.0,1668.9502580432634,2495.0181518151817,7559905.0,3963.6032126904697,12022935.0,5126.289701996678,14251805.0,6152.643981519971,15199130.0,8909.0,1538.1609953799928,1982.0,1709.0,1493.0,86.125,689.0,4.4557997293338225,8.0,16.536748747336308,1654.124382124483
9,rc7,comedy,660.0,690.0,1.3724593732149495,-0.47478114667494076,-0.04175418915814543,-0.47478114667494076,1.92,-0.3675,0.04141953340521467,0.07217245589967118,0.09883206120222905,-0.0409356237031909,-0.12436186230467888,-0.08863531572774866,-0.024149691497403678,-0.09599857336376734,-0.04113367290434122,-0.007888593931793312,-0.04939599325625835,-0.010312309143286947,0.3099727973566753,0.35174835115397607,0.6446605202830963,0.09481891203689834,0.18458789191548935,0.22668773388740032,0.07849366190235343,0.23703416246634124,0.20328978224828875,0.3099727973566753,0.35174835115397607,0.6446605202830963,0.009872329549160376,0.04733479346692026,0.08274637010963762,-0.01982042015222001,-0.04383259939977137,-0.11036815583742532,-0.010874719234828247,0.023472794899073994,-0.12486175859169318,0.010763258320444445,0.18458789191548935,0.2382403092901693,0.010763258320444445,0.18458789191548935,0.2382403092901693,0.010763258320444445,0.18458789191548935,-0.13597895351613842,0.09481891203689834,0.18458789191548935,0.2382403092901693,0.010763258320444445,0.18458789191548935,-0.07384172366381264,0.09481891203689834,0.18458789191548935,0.22668773388740032,0.009644283509912446,0.18458789191548935,-0.01647493114947088,0.1061803236805245,0.07217245589967118,0.03677128969109819,0.022789542578930674,0.004868002507360712,0.1061803236805245,0.07217245589967118,0.03677128969109819,0.022789542578930674,0.004868002507360712,0.13116256172426927,0.098545515905659,0.0697562868816285,0.06260303333541618,-0.006691233178283293,-0.027431492849189762,-0.0716731291193007,0.0037498521523910565,0.13751520799070227,-0.06397262860850586,-0.1032812128340494,-0.1559226380035448,-0.061318694825893943,0.15915342731105667,-0.011859020251368996,-0.08759600856405746,-0.09154375948157828,-0.019716184730486676,0.09481891203689834,0.05045498421335123,0.04253520375599901,0.00852530869938044,0.010763258320444445,-0.03936226655467473,0.006923905003147436,-0.015708848596620775,-0.07350953495409601,-0.08302137341371052,-0.0581865973901962,-0.07381141655399537,-0.00624093438782245,0.015868052834768144,0.0016224380102274516,0.18458789191548935,0.17425311440783595,0.053704617648781525,0.012175670749991185,-0.06385901522374203,-0.14023454135176677,-0.061100940094074546,-0.12058277799362895,-0.1281599204144447,-0.1717311316694795,-0.1804828014825392,-0.11555398085861576,0.013494819529853479,-0.062299685739882475,-0.1351512182676529,0.21513515848463138,0.2382403092901693,0.024084814158369286,0.03331142426843849,-0.016611400190463185,-0.052277084832082335,-0.04120594095620396,-0.07370900108292441,-0.147873083653044,-0.12811146811448873,-0.13597895351613842,-0.010540856814107689,0.04089186136487088,-0.07384172366381264,-0.026198691892518257,0.11969455316048895,0.4558479030964548,0.17614636436102718,7.0,8.0,Book Club: The Next Chapter,2023.0,May 12,comedy,1.0,https://youtu.be/i9k213d5FU0?si=B8j2urRDZmCpvSOJ,17556340.0,29068729,2142255.0,3508.0,611,6677580.0,17581565.0,29014267.0,10125220.0,3508.0,15211970.0,3513.0,16876890.0,1339.0,17274770.0,382.0,17581565.0,9079.0,6.0,3.0,29121628.0,5.0,20000000.0,6.0,2900.0,2886.0,1448.0,1243.0,1042.0,1013.0,549.0,,,,,,,,,,,,,,,,,,,,,,6.0,Book Club: The Next Chapter,2023.0,12-May,c,1.0,https://youtu.be/i9k213d5FU0?si=B8j2urRDZmCpvSOJ,17556340.0,29068729.0,2142255.0,3508.0,10125220.0,3508.0,5086750.0,3513.0,1664920.0,1339.0,397880.0,382.0,17274770.0,8742.0,1976.066117593228,2886.322690992018,10125220.0,4334.301626374881,15211970.0,5577.707152887204,16876890.0,6619.277833515476,17274770.0,8742.0,1654.819458378869,2167.0,1859.0,1654.75,91.5,549.0,4.516338972281475,10.0,16.664757613491748,1936.508976759555
10,rc8,comedy,200.0,230.0,1.4194470514369952,-0.2821787150848165,0.005233489063900304,-0.2821787150848165,2.2758620689655173,0.040948275862068964,-0.013394947806008193,-0.0400426665059084,0.016673902621538048,0.022192111021591198,-0.02250312869797304,-0.0028937220916955973,0.0005713030138794924,-0.01265907201671412,-0.011863081070908787,0.0031228220764874938,-0.025068289073531865,0.0006390331529778829,0.35913054917430937,0.3565395110052673,0.5354032713556119,0.05161457422244793,0.05605155373299993,0.06349696486187362,0.15548095095593079,0.1319697475331819,0.12782888938520126,0.35913054917430937,0.3565395110052673,0.5354032713556119,0.0218163865898584,0.021796225047307667,-0.03835597953028845,-0.024180364721313068,0.03017682606180321,-0.09760890427717807,0.039158506443648225,-0.051130126815856373,0.06589241659426323,0.04476049300597944,0.005344485528242166,0.11099978892284984,0.025043749487911285,0.02710526973444575,0.015994140800897408,0.08716315937351723,0.005344485528242166,0.11099978892284984,0.08716315937351723,0.0849978377315541,0.11099978892284984,0.04476049300597944,-0.05366645664380161,0.024770497072074807,0.05161457422244792,0.05605155373299993,0.06349696486187363,0.04476049300597944,-0.029781984039676534,0.024770497072074807,-0.000561688136532974,-0.015423825002291742,-0.010652761982118245,-0.017752713197143003,-0.014865563356469868,-0.02605609868647612,-0.01820436832543105,-0.02522904368574113,-0.02086139665517211,-0.011580922795518535,0.05521216265234406,0.04149778977553113,0.04355880286331357,-0.02052210975910385,0.027251583206929244,0.0029962411618273963,-0.030886033991175142,0.03677442976395981,-0.0307131914916179,-0.07278088299947393,0.031035030704654996,-0.05234055466889148,-0.0005418469123309905,-0.014541472205352334,0.042139488701861835,0.011962397200728997,-0.10755335938213671,0.07118811144978766,0.04476049300597944,-0.03857103618785132,-0.06775578609543961,-0.021474398824108124,0.01606598907137862,0.08716315937351723,0.023896561656393794,-0.018191392840299223,0.003283554669387618,0.014808672248956625,-0.13251052371039332,0.025043749487911285,0.07188814770878077,0.03732309088592368,0.001112050697175008,-0.005897511435551432,-0.05366645664380161,-0.032575606395500625,-0.0334073069742153,-0.07466645108047307,-0.11026889094373335,0.02710526973444575,0.0849978377315541,-0.018998015352034867,-0.09535184466009686,-0.07487237246532687,0.013202553118749214,-0.06035242048729161,0.005344485528242166,0.05338239422205645,0.024770497072074807,-0.09844796837451629,0.03005305468638446,0.015994140800897408,0.11099978892284984,-0.0005754636181617183,0.01406904402190525,0.04974184212666088,-0.027923694546379167,-0.049780338442503194,-0.18657909901894132,-0.08630064068496565,0.08381128215638176,0.04704308637798189,0.08270996581499936,0.1664128916626069,0.14113644817577053,0.14084585914622816,10.0,11.0,No Hard Feelings,2023.0,23-Jun,comedy,1.0,https://youtu.be/P15S6ND8kbQ?si=gjAiNLYLM0PQdiXv,50452282.0,83453541,6352471.0,3208.0,1980,15002770.0,50452282.0,87256407.0,21802364.0,3208.0,35162492.0,3208.0,43290171.0,2686.0,48135693.0,2053.0,50452282.0,12597.0,7.0,4.0,83453541.0,6.0,45000000.0,7.0,47000.0,6796.0,4165.0,3026.0,2360.0,1590.0,1715.0,1226.0,,,,,,,,,,,,,,,,,,,,,7.0,No Hard Feelings,2023.0,23-Jun,c,1.0,https://youtu.be/P15S6ND8kbQ?si=gjAiNLYLM0PQdiXv,50452282.0,83453541.0,6352471.0,3208.0,21810952.0,3208.0,13351540.0,3208.0,8127679.0,2686.0,4845522.0,2053.0,48135693.0,11155.0,4315.167458538772,6798.925187032419,21810952.0,10960.876558603492,35162492.0,13986.818107374898,43290171.0,16347.033402065596,48135693.0,11155.0,4086.758350516399,5480.5,4662.333333333333,4086.75,175.14285714285714,1226.0,5.1656019674408435,20.0,17.689534518098984,4005.1029610224655
11,rc9,comedy,244.0,274.0,1.5007210241321434,-0.26990501990637433,0.08650746175904858,-0.26990501990637433,2.24,-0.06,0.006063208770774351,0.07004943947668713,0.13073143285138575,0.03901952773214653,-0.047602674079770695,-0.011453574098528934,-0.01685222131555859,-0.022884395618747187,0.06124872577380809,0.00941017172912076,-0.0001458767406102407,0.06017552817555497,0.33962608426294627,0.39461886195898815,0.6572228080382314,0.07472214722690627,0.09816289020436866,0.11016924618955255,0.07596587306352763,0.12059904581694877,0.24139506841643424,0.33962608426294627,0.39461886195898815,0.6572228080382314,0.09633421571185187,-0.0021081108726918995,-0.014320027287569053,0.058791648647191996,0.06441001681858831,-0.10842065913100715,-0.022760307533475223,0.0463638494606821,-0.1173286205091066,0.062223831299559204,0.004233821546621346,0.03824595044668588,0.062223831299559204,0.10506995215053445,0.024481688643476572,0.08722046315425334,0.12507442120192788,0.03824595044668588,0.08722046315425334,0.12507442120192788,0.17617231888777016,0.062223831299559204,0.12507442120192788,0.17617231888777016,0.07472214722690627,0.09816289020436866,0.18406824655229304,0.03589725689910504,0.09816289020436866,0.18406824655229304,0.0865033439592036,0.0751227002218566,0.053021866672994064,0.047248584985562975,0.026944757527649507,0.03545247217015509,0.03088375670831939,0.0065394581439753565,-0.009760186559911848,-0.0032422190116785676,0.0072377468226466155,0.0032019652905159257,-0.011217564995272156,-0.017432930679017217,0.04827955573016088,0.04005001922716689,0.012208512900139712,-0.03605429853284644,0.060185044301321745,0.06643072991731307,-0.053351813629362345,-0.020582285915443845,-0.053411058376879816,0.10564256309343936,0.1709672646214603,-0.02865658501136862,-0.005354644890175632,0.05827904306441947,-0.040641474590725604,-0.006283289261894702,-0.005374028184431332,0.07304415339227258,0.009570682498650871,0.062223831299559204,0.08722046315425334,0.03867133937989993,-0.005741744852652568,0.012723749679672764,-0.0054299787083914655,0.029331767729137842,0.003781883206671646,-0.03707406213040741,-0.07487071667480358,0.004233821546621346,0.10506995215053445,0.07125135920680944,0.12507442120192788,0.04461764327754264,0.029600125272468657,-0.05748230107131874,0.012608894860976516,-0.11518203467774484,-0.10755805478323509,0.04238355382595447,0.003427643210949111,0.03246174083675377,-0.03441846066953376,-0.15827645529785947,0.024481688643476572,0.19585680373562853,0.09658919690121301,0.14476530075979485,0.19196417421681594,0.17617231888777016,0.09241057103655756,-0.07589623662432216,-0.10248408944634133,-0.14747043434630894,0.09036357351312596,0.04104292616265614,0.04045475586177535,0.09613642288479717,0.03824595044668588,0.04786829734617586,0.2599309134534849,0.19569100463250802,11.0,12.0,House Party,2023.0,13-Jan,comedy,1.0,https://youtu.be/XgOP67mTgZg?si=r135es4jieCvHxg7,9002247.0,9204731,1409486.0,1400.0,1007,3985882.0,9002247.0,9285747.0,5410508.0,1400.0,7640509.0,1400.0,8590596.0,1047.0,8842868.0,368.0,9011251.0,4383.0,6.0,3.0,9213735.0,1.0,,5.0,2300.0,3865.0,1593.0,907.0,686.0,816.0,1514.0,,,,,,,,,,,,,,,,,,,,,,8.0,House Party,2023.0,13-Jan,c,1.0,https://youtu.be/XgOP67mTgZg?si=r135es4jieCvHxg7,9002247.0,9204731.0,1409486.0,1400.0,5410508.0,1440.0,2230001.0,1440.0,950087.0,1047.0,252272.0,368.0,8842868.0,4215.0,2097.9520759193356,3757.2972222222224,5410508.0,5305.909027777778,7640509.0,6213.346468083413,8590596.0,6898.868207213848,8842868.0,4295.0,1724.717051803462,2729.0,2121.6666666666665,1762.75,252.33333333333334,1514.0,5.530750964769339,3.0,15.995121816385511,2055.9550536162446
12,uc1,comedy,560.0,590.0,1.5554064271023407,-0.18458895271250986,0.14119286472924586,-0.18458895271250989,2.92,0.63,0.006851471309580533,0.009153205885691535,0.09258453713419015,-0.031391185605606726,-0.042301591819746784,-0.035184145577716784,-0.014780966629856382,-0.07103538395254418,-0.11565909256138075,-0.013106893641960866,-0.03472792329553312,-0.019419567001635784,0.3605411318147727,0.36389422297385304,0.6492915776015729,0.03676972083338283,0.09170296841550515,0.15285524636671463,0.057258051721209104,0.10343640659062127,0.17695889197944745,0.3605411318147727,0.36389422297385304,0.6492915776015729,0.00196792011042715,0.05248342673389137,0.04963932955659311,0.040821057164383626,0.005666176855374231,-0.04322919467300735,0.0008795346637973611,0.02415647318534702,-0.08620575633482398,0.014405345219072338,0.10402291263091168,0.195112399158132,0.014405345219072338,0.10402291263091168,0.195112399158132,0.004970734006142871,-0.06854503351440544,0.11059809357529726,0.05920232456212279,0.10402291263091168,0.195112399158132,0.05920232456212279,0.10402291263091168,0.195112399158132,0.03676972083338284,0.09170296841550515,0.1528552463667146,0.03676972083338284,0.09170296841550515,0.1528552463667146,-0.00840424869291024,0.001087941575390814,0.011987813183683325,0.0026146755589729932,-0.01273424930292617,-0.00840424869291024,0.001087941575390814,0.011987813183683325,0.0026146755589729932,-0.01273424930292617,0.13263242328212982,0.10550800880566377,0.08808114802391338,-0.0008880357534495531,0.01603897468475264,-0.02855869048283478,-0.07351748838552709,0.021390771727254468,0.06152687135783509,-0.03325262733215083,-0.03577123410012113,-0.11124155684131481,-0.054901069561914005,0.12528764671318562,0.05906171450425802,0.005797017295900681,-0.17557658153600564,-0.1116676319855177,0.0018674924691913565,-0.009502333735682891,0.004970734006142871,0.019030638415050857,0.01789082539320045,0.011195460246006666,0.0012832098367233614,0.014405345219072338,-0.10136462650430003,-0.08247531682553602,-0.07379449222989783,-0.06428265610114745,0.014337117104642865,0.05920232456212279,-0.009367126485002266,0.07938302420009861,0.10402291263091168,0.0011746772424949725,-0.08327281531214543,-0.055541769332902155,0.03905670264859507,0.06648717122514583,-0.053624150189289024,-0.1201767233362202,-0.14325095944696556,-0.06854503351440544,-0.12192867756257347,-0.0938961563275004,-0.007474307263425201,-0.06333274509481637,0.11059809357529726,0.195112399158132,0.07015244740612768,0.051259179852731665,0.03580056567866221,0.09012539798138024,0.10222240280501364,0.026670406065618324,-0.11150175698292987,-0.2834371777576663,-0.17816801281497674,-0.0651245540353739,-0.18197185465531995,-0.056054143435937044,-0.0969768978652962,0.08171626289041109,0.28004605143759215,0.25858621160484285,64.0,65.0,Next Goal Wins,2023.0,Nov 17,comedy,0.0,https://youtu.be/pRH5u5lpArQ?si=ZmxW32H1ZrXmARwc,,,,,,2500295.0,6713826.0,18062279.0,4021062.0,2240.0,6166715.0,2240.0,6542872.0,500.0,6671511.0,190.0,6713826.0,5275.0,5.0,2.0,17427756.0,11.0,14000000.0,7.0,5200.0,1795.0,958.0,752.0,677.0,403.0,,,,,,,,,,,,,,,,,,,,,,,28.0,Next Goal Wins,2023.0,17-Nov,c,0.0,https://youtu.be/pRH5u5lpArQ?si=ZmxW32H1ZrXmARwc,6713826.0,18648802.0,2500295.0,2240.0,4021062.0,2240.0,2145653.0,2240.0,376157.0,500.0,128639.0,190.0,6671511.0,5170.0,1290.4276595744682,1795.1169642857142,4021062.0,2752.9977678571427,6166715.0,3505.3117678571425,6542872.0,4182.359136278195,6671511.0,5170.0,1045.5897840695488,1376.5,1168.3333333333333,1045.5,80.6,403.0,4.389498649512582,1.0,15.71335692896787,1272.7632227488152
13,uc2,comedy,428.0,458.0,1.3748708658588045,-0.3769801672347539,-0.03934269651429046,-0.3769801672347539,2.423076923076923,0.15625,-0.06305503017242345,-0.039202130286359264,0.07667624485582056,0.03160012904529931,-0.0790385714166282,0.03389294213766282,0.019004691744102176,-0.06153405296655933,0.11167484037527718,-0.004150069794340642,-0.05992491822318226,0.07408134245625352,0.3310777125463513,0.3278389186051403,0.6742475440035436,0.08142110139877137,0.011925563132945505,0.1657775146874499,0.053107917590031105,0.0753254337362941,0.12753332953482657,0.3310777125463513,0.3278389186051403,0.6742475440035436,0.02790365384653357,-0.0011374054184683448,-0.15384361259452817,0.019240696129405103,-0.018907109875579302,-0.10601462819621944,0.10171215477374634,-0.03722419970853705,0.08555483530709666,-0.05261929860429748,0.0536882689308769,0.1478342782685236,0.11501978716969509,0.0536882689308769,0.1478342782685236,0.04275643747510555,-0.02272724507517935,0.1478342782685236,0.11501978716969509,0.056553567125640074,0.18372075110637617,0.07120479553405568,-0.02272724507517935,0.1478342782685236,0.08142110139877137,0.011925563132945505,0.1657775146874499,0.03152145787645238,-0.02272724507517935,0.133742707844222,-0.043320851589154254,-0.049823533217077,-0.057028658325454354,-0.05183700114770514,-0.05622140752640429,0.0179571937925681,0.0032929073075089557,-0.004428348557443703,-0.008283408982789894,0.002279394980169591,0.1657775146874499,0.13798367118877589,0.1096807661141164,-0.07729256482701831,-0.020579791372384568,0.02950671577824677,0.05671557113624526,-0.0091002796867924,0.016919421939699673,-0.1075343923265545,-0.06688453137528313,-0.09852672957808514,-0.04359835977568833,0.1109941982801462,0.03379970848190113,0.015520986149626402,0.11312889064027992,0.09696292872931397,-0.05261929860429748,-0.10156801301259431,-0.07769038286416309,-0.055422083307538936,-0.027975373073523484,0.021658082263908713,-0.008161879781150915,0.07120479553405568,0.025477231581835545,0.04782241562784765,0.11501978716969509,0.007304510611193028,-0.05575912159476562,-0.01429815494071712,0.04275643747510555,-0.02272724507517935,0.0536882689308769,0.01979724196340151,-0.11943526935018661,-0.12733364790070884,-0.07583425972876803,-0.09305428386734106,-0.020687058081209884,-0.08691225217729845,-0.11870500322852373,-0.04534569299827197,-0.13152949250745974,-0.19927420958565062,0.011925563132945505,0.056553567125640074,0.08088880890507773,0.10301518606718342,0.14907859986817745,0.048996420565919636,0.0014022088727445891,0.05100049600703914,-0.02166124772789533,0.027480329327142464,0.040743876849632106,0.07190125623239577,0.11965113741992037,0.1478342782685236,0.18372075110637617,0.08239598419142784,0.024772050890137915,0.1437497030620192,0.27674175959598896,0.009772597468955417,65.0,66.0,The Holdovers,2023.0,10-Nov,comedy,0.0,https://www.youtube.com/watch?v=AhKLpJmHhIg&pp=ygUaVGhlIEhvbGRvdmVycyB0cmFpbGVyIDIwMjM%3D,,Focus features,,,,211093.0,20026220.0,39761220.0,278167.0,6.0,1074260.0,64.0,5657480.0,778.0,10133085.0,1601.0,20035480.0,9907.0,16.0,6.0,39828466.0,11.0,13000000.0,8.0,43000.0,46361.0,12439.0,5891.0,2796.0,2368.0,1388.0,1139.0,1184.0,1625.0,1481.0,1280.0,1384.0,1066.0,600.0,484.0,380.0,510.0,245.0,389.0,204.0,,,,,,,,29.0,The Holdovers,2023.0,10-Nov,c,0.0,https://www.youtube.com/watch?v=AhKLpJmHhIg&pp=ygUaVGhlIEhvbGRvdmVycyB0cmFpbGVyIDIwMjM%3D,20355375.0,44637335.0,211093.0,,278167.0,6.0,796093.0,64.0,4583220.0,778.0,4475605.0,1478.0,10133085.0,2449.0,4137.6418946508775,46361.166666666664,278167.0,58800.119791666664,1074260.0,64691.14806930163,5657480.0,67719.29759568864,10133085.0,2326.0,16929.82439892216,29400.0,21563.666666666668,16871.75,23.75,380.0,3.1675825304806504,4.0,16.1313163708291,2022.3559099626527
14,uc3,comedy,244.0,274.0,1.65004519371901,-0.3960247735340209,0.23583163134591476,-0.3960247735340209,2.92,0.7075,0.07856286151401483,0.04422819170647228,0.15107694945477015,-0.003420502889968485,-0.0026681693507092847,0.013095124131123117,-0.027754016785518837,-0.13069079452997218,0.00039155875393795283,0.01579611394617583,-0.029710257391403053,0.054854544113277066,0.3574696901144832,0.3932150139451267,0.6677130260960874,0.11534994574402421,0.06839513276616674,0.2927412884843223,0.10856987671781435,0.046140289668445814,0.22571731600660672,0.3574696901144832,0.3932150139451267,0.6677130260960874,-0.04786130585011339,0.06352316172160724,0.10537816204890142,-0.04146040354033819,-0.023903120645169827,-0.12213011004512503,-0.010612605102285478,-0.027527454626044418,-0.10816577720797417,0.10546101682238833,0.06675468548224932,0.2927412884843223,0.10546101682238833,0.07003558005008415,0.0003919568937645623,0.006574239922959444,0.06675468548224932,0.2927412884843223,0.12523887466566008,0.05422474116901116,0.2927412884843223,0.12523887466566008,0.05422474116901116,0.17351535272231822,0.11534994574402418,0.016840861494425294,0.2927412884843223,0.11534994574402418,0.016840861494425294,0.23312832060332023,0.038596568262528004,0.035249294423975765,0.037075542989694774,0.034315373541755304,0.026453132377276214,0.03501152072779657,0.022292705427421785,0.006813982402577463,0.00010978264073898472,-0.018380667530961063,0.23312832060332023,0.20106893073354182,0.17157452105492904,0.10426608040882526,0.027128388462331933,0.0014486043110074449,-0.013541561649045323,-0.04032094180224013,0.06248641184783692,0.018513974019539126,0.011792862299443638,-0.08616962246159916,-0.15517491266223582,0.20106893073354182,0.06694816175055456,0.0034532185347781598,-0.0019373491176726443,0.004739758665183506,0.0820983497384274,0.10546101682238833,0.12523887466566008,0.055326340859794085,0.024689725483804353,0.001369099043397376,-0.03983294368830765,0.006574239922959444,0.03760451669837057,-0.02281742642626215,0.006258091926466668,-0.02406535044734051,-0.015923041269502218,-0.028906280300859864,-0.07613350383635828,0.06675468548224932,0.07003558005008415,0.050668970011177296,-0.020543018180160563,0.05422474116901116,0.02186019906976684,0.04620678581828981,0.017754356854118535,-0.02858255577407738,-0.07057963272164416,-0.04011541593029188,-0.14781381873286148,-0.15852699108554139,-0.1206578406684058,-0.1863399062327603,0.2927412884843223,0.17351535272231822,0.13695015099398503,0.0830912920190907,0.0690866630541347,0.04866653017843823,0.003826903336821527,-0.03814497163281825,0.04467772390033121,0.006449434872842881,0.0003919568937645623,-0.01265343911962538,0.03969656560662946,0.059062002059649704,-0.08453929167072863,0.1362495519305778,0.2946625683270747,0.1512753705425388,66.0,67.0,Wonka,2023.0,Dec 15,comedy,0.0,https://youtu.be/otNh9bTjXWg?si=NJaRcikG3tZUpNBl,,,,,,39005800.0,211067348.0,607567348.0,57502717.0,4203.0,110652896.0,4213.0,150224302.0,4051.0,167813855.0,3817.0,211500039.0,31445.0,9.0,8.0,607753494.0,12.0,125000000.0,7.0,33000.0,13681.0,12616.0,9768.0,4608.0,3859.0,2722.0,2353.0,1989.0,1554.0,2382.0,1368.0,1250.0,813.0,591.0,612.0,835.0,,,,,,,,,,,,30.0,Wonka,2023.0,15-Dec,c,0.0,https://youtu.be/X8fGvJHarb8?si=_hIagpJEhOLw9vrL,218402312.0,632302312.0,39005800.0,4203.0,57502717.0,4203.0,53150179.0,4213.0,39571406.0,4051.0,17589553.0,3817.0,167813855.0,16284.0,10305.444301154508,13681.35070187961,57502717.0,26297.106457872964,110652896.0,36065.41206142764,150224302.0,40673.62610386935,167813855.0,16284.0,10168.406525967337,13148.5,12021.666666666666,10168.25,172.66666666666666,1554.0,5.151362953591373,29.0,18.938365917122756,6726.03081570997
