Participant,Trailer,Type,Onset,Offset,Duration,W_score,A_score,F_score,NAcc_onset,AIns_onset,MPFC_onset,NAcc_middle,AIns_middle,MPFC_middle,NAcc_offset,AIns_offset,MPFC_offset,Pos_arousal,Neg_arousal,NAcc_whole,AIns_whole,MPFC_whole,NAcc_ISC,AIns_ISC,MPFC_ISC
sub-01,rc2,Comedy,108.0,138.0,30,4,4,2,-0.1829033742300655,-0.04890205701607144,0.18699846155393932,0.2615589867210633,0.2457977979768709,0.5545634889897383,0.2172034792858261,0.06489070984090753,0.1120843874438221,2.104875999811118,0.0,0.09861969725894129,0.08726215026723567,0.2845487793291666,-0.6168403827385346,-0.4050193250793467,-0.31176404725921336
sub-01,rc9,Comedy,244.0,274.0,30,1,1,1,0.006867345552251958,0.13025733629453112,-0.2599455727678794,-0.055856935602220034,-0.23196367880567367,-0.3133497283615085,0.0012288920593745035,0.277979944122937,0.5902746442477186,0.5262189999527795,0.0,-0.015920232663531198,0.05875786720393146,0.005659781039443598,0.42416475297454115,0.8152071819418759,0.9064721505785276
sub-01,uc4,Comedy,288.0,318.0,30,2,3,1,-0.11121556756439308,-0.2815118189666667,-0.27692521198762626,-0.2956863741532086,-0.30835317464004164,-0.4407721280187643,-0.2010875233847586,-0.2178080702060799,-0.35253665478465473,1.3155474998819487,0.2631094999763897,-0.20266315503412005,-0.2692243546042628,-0.3567446649303484,-0.3419830055596521,-0.1904203594234828,-0.19689930194848365
sub-01,rc6,Comedy,420.0,450.0,30,4,4,2,0.20699598893546814,0.06471852923349346,0.829382671514522,-0.20726463183060292,-0.44694667652900166,-0.28183792011012965,0.06411727510229012,0.10650130588413198,-0.12363162043771507,2.104875999811118,0.0,0.021282877402385117,-0.09190894713712543,0.14130437698889248,0.2220251824444983,0.40467831193016746,0.6067840454995581
sub-01,rc11,Comedy,512.0,542.0,30,4,4,2,0.24779343450250052,0.39693760293039176,0.28618864833574614,-0.1579886016221616,-0.2965459633596591,-0.5279200402062483,-0.0546717804133746,-0.07051555709449649,-0.3034903593817594,2.104875999811118,0.0,0.011711017488988116,0.009958694158745385,-0.18174058375075391,-0.3705202107448098,-0.011147715413369492,-0.3680914510167186
sub-01,uc1,Comedy,560.0,590.0,30,3,3,2,-0.17685654382932925,-0.22359337987409572,0.17694223062092396,-0.03061617343364865,-0.23681795726864338,-0.452474700487728,0.006502972113927419,0.1870949784549313,-0.3431694484179743,1.5786569998583386,0.0,-0.06698991504968348,-0.09110545289593595,-0.20623397276159275,-0.14797472467731682,0.15927778630565284,-0.1569016326873752
sub-01,rc12,Comedy,656.0,686.0,30,2,3,1,-0.10755096252522181,0.0617123646804865,-0.2785323746281871,0.10281459020332291,-0.3130043875776311,0.3263354983979604,0.09869716421888566,0.04923208139653716,0.4642022144228948,1.3155474998819487,0.2631094999763897,0.03132026396566225,-0.06735331383353582,0.17066844606422274,-0.011519002855843216,-0.08270951431523309,0.04738143684712835
sub-01,rc5,Comedy,700.0,730.0,30,3,2,1,0.3059018992508,-0.05456071209161365,0.5051379524285229,0.0856562143323707,0.01892589163097809,-0.2249052604362894,-0.05239329551675853,0.03149606962608682,-0.5181903517953659,1.3155474998819487,-0.2631094999763897,0.11305493935547076,-0.0013795836115162515,-0.07931921993437742,0.3407153309244403,0.5538300614753061,0.6869645661670876
sub-01,rc3,Comedy,12.0,42.0,30,2,3,1,0.11335037397949395,0.16203182472701622,0.19088045221737268,-0.24108809169060957,-0.21778768072934573,-0.2318351554762826,-0.028970237548957584,0.028823474917158264,-0.027290223201383947,1.608709133888276,0.4483287750180441,-0.05223598508669106,-0.008977460361723748,-0.022748308820097974,-0.005894208931098386,0.3042544927112601,-0.3686441635454777
sub-01,rc1,Comedy,108.0,138.0,30,3,3,2,-0.0431221007680927,-0.08061608130080795,-0.1962261714362556,0.24534740310902414,-0.07176009357275637,-0.10805619334272236,0.19118567153102609,0.30409199152551747,0.41354530081632446,1.8988042236058336,0.1582336853004861,0.1311369912906525,0.0505719388839844,0.03642097867911549,-0.007155763742651554,-0.13107221143525918,-0.02727799011006649
sub-01,rc8,Comedy,200.0,230.0,30,3,3,1,0.09908735833746775,-0.12192322997912233,-0.22707875959194554,0.08702916764793545,0.12047098514158557,0.3090542181164119,-0.2936480857666667,-0.22945575386558775,-0.8019909728613512,1.8988042236058336,0.1582336853004861,-0.03584385326042116,-0.07696933290104152,-0.2400051714456283,-0.4218585923384457,-0.3558962132341815,-0.2643390559486365
sub-01,uc3,Comedy,244.0,274.0,30,1,2,2,0.07684961565915685,-0.2317673486737787,-0.1845537733572315,-0.17572107407058854,-0.10275219804708964,-0.18433353416811257,0.042252668773187216,-0.23880211588577857,-0.053302153050299506,0.9757743926863311,0.3955842132512154,-0.018872929879414826,-0.19110722086888232,-0.1407298201918812,0.70876897020517,0.5671790442203152,0.15922703841657496
sub-01,rc4,Comedy,332.0,362.0,30,1,2,1,0.10030153445062373,0.07681502444196545,0.40797202874164745,-0.2867697965364104,-0.21844809119855402,-0.30767278450595575,-0.3333283446907912,-0.37352018994219344,-0.9936767098391645,0.9757743926863311,0.3955842132512154,-0.17326553559219263,-0.17171775223292732,-0.2977924885344908,-0.28391988047512673,-0.2889381279634289,-0.02546487075335397
sub-01,uc2,Comedy,428.0,458.0,30,3,3,2,0.05957637661838764,-0.05145522026135929,-0.356285441772678,-0.16889827699912824,0.026048245594858112,-0.15466530566916747,-0.05864498694494906,-0.12996155663165718,0.006112666942537726,1.8988042236058336,0.1582336853004861,-0.05598896244189657,-0.05178951043271946,-0.1682793601664359,0.43878382621331813,0.4267862620422757,-0.09394653992933936
sub-01,rc10,Comedy,568.0,598.0,30,1,1,1,-0.39594679167265906,0.05133967573691535,-0.40146511943891544,-0.5403284234197461,-0.44181706844752566,-1.049769236864917,0.058896006802503606,0.06752648691512628,0.06627907481871559,0.6329347412019446,0.0527445617668287,-0.29245973609663395,-0.10765030193182798,-0.461651760495039,-0.3843787232831862,-0.3591765227842431,0.010715655491582703
sub-01,rc7,Comedy,660.0,690.0,30,3,4,1,-0.03249205537466364,-0.07914552416747185,-0.15971887028822335,0.3776698856091146,0.1995938687266498,0.6790475701182844,0.3413388739975815,0.12821819466642176,0.4042737045284765,2.241643875090221,0.5010733367848728,0.22883890141067745,0.08288884640853321,0.30786746811951254,-0.1510613365025032,-0.21809999346049408,-0.26024521547463414
sub-02,rc2,Comedy,108.0,138.0,30,3,3,1,-0.14403800574618114,-0.06543205778382095,0.3936082001218515,-0.10253764100311924,-0.12307504282493968,-0.06022181624093028,-0.17345145141856338,-0.11802785934296803,0.04736970912841387,1.3714985404891729,-0.0138535206110017,-0.14000903272262125,-0.10217831998390954,0.12691869766977837,0.13636315343773234,0.35231131507296604,0.5728971907820274
sub-02,rc9,Comedy,244.0,274.0,30,2,3,2,-0.0010809684154182626,0.16786073464329912,0.2389514025419436,0.005515418063060329,-0.38904136279091206,-0.2943014627143875,-0.059136378606440054,0.0025605190170903402,-0.03057126280638205,1.1406065303058104,0.2170384895723607,-0.018233976319599332,-0.0728733697101742,-0.028640440992941975,0.5424282302366593,0.7625463280490882,0.6819475963925652
sub-02,uc4,Comedy,288.0,318.0,30,3,3,1,-0.04891514233275641,-0.1389612918041927,0.3741959542335437,0.22541096177029468,0.06956123048465876,0.048004569144775563,-0.03646723898744669,-0.14865496162812464,0.360061499203184,1.3714985404891729,-0.0138535206110017,0.04667619348336386,-0.07268500764921952,0.26075400752716776,0.21581356099140567,0.01881113557988493,0.10470526370429234
sub-02,rc6,Comedy,420.0,450.0,30,2,3,2,-0.04120949322811044,0.19454685401682534,-0.13133110126510278,-0.06643580813332695,-0.3744428792503577,-0.34822929489170096,-0.09784442952269197,-0.08383749670260124,0.14108152816518438,1.1406065303058104,0.2170384895723607,-0.06849657696137644,-0.0879111739787112,-0.1128262893305398,0.04635470375905592,1.1590833125524613,-0.1533934267100544
sub-02,rc11,Comedy,512.0,542.0,30,3,4,1,-0.00858863002029428,0.015498225354909623,0.021294764754191498,-0.1014276579926137,-0.15420486817479376,0.09723647555398471,-0.04938416059095263,-0.16517261106852746,0.08516160604241553,1.5977727104688682,0.2124206493686934,-0.05313348286795353,-0.10129308462947054,0.06789761545019721,-0.24709745368482305,0.3942960534770665,0.1961983805751622
sub-02,uc1,Comedy,560.0,590.0,30,3,3,2,0.18857735663459757,0.13222375927151184,0.16284755416666238,-0.15557304521880166,-0.06128716667852585,-0.1807097143758049,-0.04660811675428234,0.02230257284059637,-0.03247466694482396,1.3714985404891729,-0.0138535206110017,-0.004534601779495475,0.031079721811194113,-0.016778942384655483,-0.4095830532308991,-0.26267555451948593,-0.0936493892977931
sub-02,rc12,Comedy,656.0,686.0,30,3,3,1,-0.08637523669764484,-0.0613106837807623,-0.0025117403429504746,0.11738743042208148,0.0144377701215544,-0.0069288379365628925,-0.05327760496825634,-0.2502389464782027,0.2570023568952587,1.3714985404891729,-0.0138535206110017,-0.0074218037479398995,-0.0990372867124702,0.08252059287191511,-0.08636017830259883,-0.09270015864056648,0.30086735242963075
sub-02,rc5,Comedy,700.0,730.0,30,2,3,1,-0.06791078381152402,0.0298040875673784,-0.058974821558132426,-0.24231327295199448,-0.266312469933526,-0.135227911507057,-0.19021562475981993,-0.24552759411172514,-0.18000370676401972,1.1406065303058104,0.2170384895723607,-0.16681322717444616,-0.16067865882595764,-0.12473547994306973,0.32603376174113774,0.5435793660501176,0.11151186402912379
sub-02,rc3,Comedy,12.0,42.0,30,3,4,2,-0.06469335402853924,0.03211365604355224,-0.019223507314619127,-0.3349790493976542,-0.293567422161115,-0.1589263989719401,0.059765628724078826,0.15831931788193598,0.33937261011668773,1.5898922657734795,0.3777092123108266,-0.11330225823403822,-0.034378149411875586,0.0537409012767095,0.46461588403754983,0.29987837881942847,-0.3615766753338537
sub-02,rc1,Comedy,108.0,138.0,30,3,3,2,-0.13420308121369467,-0.27541709310425067,-0.3291567231687402,-0.20733874901450458,-0.3200824387190412,-0.16605478322742245,0.054828599849383465,-0.46159730074324357,-0.25470017208919166,1.343942081012941,0.1317590275502883,-0.0955710767929386,-0.3523656108555118,-0.2499705594951181,0.01956829236945342,0.46919552841205264,0.10861838517333533
sub-02,rc8,Comedy,200.0,230.0,30,3,4,2,0.3546364057431076,0.2648248408149446,0.5523037429251908,0.18379755641892354,0.08920458509318908,0.33311810112861473,-0.26600282988397084,-0.25884941569823394,-0.2016585442224331,1.5898922657734795,0.3777092123108266,0.09081037742602013,0.031726670069966594,0.22792109994379078,-0.17203555695364797,-0.28210858329327865,-0.007816418697719662
sub-02,uc3,Comedy,244.0,274.0,30,3,3,2,0.060264450056776685,0.0157382169209984,0.16396589765308703,-0.24578792279089692,-0.0906414762155153,-0.15157254177775323,0.13430266858881681,-0.06189615338405061,0.4548278106854376,1.343942081012941,0.1317590275502883,-0.01707360138176782,-0.04559980422618917,0.15574038885359046,0.021443475930996284,0.5551368506614109,-0.1484192664090208
sub-02,rc4,Comedy,332.0,362.0,30,3,3,1,0.11640911178389193,0.15479210178921507,0.3741655432228573,-0.07348076835742033,-0.11263093551626709,0.3224597602275307,0.02851795765693669,-0.00895379386465639,0.028552472822647355,1.343942081012941,0.1317590275502883,0.023815433694469413,0.011069124136097208,0.2417259254243451,0.7794738467309447,0.38074107350891756,0.6597271861336089
sub-02,uc2,Comedy,428.0,458.0,30,2,4,2,-0.3589254387232907,-0.17014602581216617,-0.019561254290098484,0.21224453194983256,-0.10676115044098218,0.3709337414207158,-0.016366726574945395,-0.06856285725847885,-0.22896517861152796,1.3878617568630371,0.5797397212212687,-0.05434921111613452,-0.11515667783720908,0.040802436173029775,-0.7836894474524011,-0.09238592709351354,-0.5186247270759333
sub-02,rc10,Comedy,568.0,598.0,30,3,3,2,-0.030928025153063678,-0.052363138441346616,0.21806813258124613,0.11019113908108347,-0.018538108579334033,0.06530801859888571,0.15201612995988162,-0.0208472583849545,-0.26420809365295567,1.343942081012941,0.1317590275502883,0.07709308129596715,-0.030582835135211713,0.006389352509058733,-0.03539754360842475,0.1251501239817574,-0.45160704483135966
sub-02,rc7,Comedy,660.0,690.0,30,4,4,2,-0.22940539492506762,-0.05350990226695342,0.172363548214365,-0.005733892654055472,-0.10267379112024658,0.15480622195888286,0.08562264839353813,-0.1608955369935731,0.2181948354944417,1.7919227746839217,0.1756787034003845,-0.049838879728528296,-0.10569307679359104,0.18178820188922984,-0.21763938986799325,-0.2695341662972908,0.1292295621410675
sub-03,rc2,Comedy,108.0,138.0,30,4,4,3,-0.08404507167535749,-0.16187997394060777,0.0612523259843417,0.0414867972275702,0.012608155589939695,0.1686952089885825,-0.19210824075188954,-0.01948567719794788,-0.23164810718262277,2.061296786564511,0.093695308480205,-0.07822217173322558,-0.05625249851620531,-0.000566857403232864,0.5126426781604123,0.5871317324100097,0.31446807597271276
sub-03,rc9,Comedy,244.0,274.0,30,2,2,1,-0.0061480694958897745,-0.055220181959613826,0.03789712392430517,0.1310996429190229,0.17984989115797628,-0.018180739713483947,0.02785097218476102,0.02770228175109956,0.06286156494871972,1.0306483932822554,0.0468476542401025,0.05093418186929803,0.05077733031648734,0.027525983053180318,0.29250474223130823,-0.1983139964884326,-0.0861816300142494
sub-03,uc4,Comedy,288.0,318.0,30,2,2,1,-0.0423588588300689,-0.046382729002532964,0.06826256061631594,-0.06577126556383169,4.254737005695564e-05,-0.030977027276233905,-0.11548006146814893,-0.1098719128619666,0.05061158850524421,1.0306483932822554,0.0468476542401025,-0.07453672862068318,-0.052070698164814216,0.02929904061510875,0.43530066801524675,0.07299047848979105,0.17366173542195848
sub-03,rc6,Comedy,420.0,450.0,30,2,2,1,-0.09877876425483782,-0.08837120173663157,-0.009709283161512705,-0.009720346699382333,0.07959038256267584,-0.25291349832799825,-0.08038407935885568,-0.03699745786157136,-0.28657128524785125,1.0306483932822554,0.0468476542401025,-0.06296106343769195,-0.015259425678509035,-0.18306468891245406,0.4478643752545985,0.4026404598520035,0.7719201414835566
sub-03,rc11,Comedy,512.0,542.0,30,1,2,1,-0.07153662503534992,-0.013335678487212344,0.024332704254278248,0.2293053421989316,0.021411132789667397,0.11259887506780637,0.02144643959756719,-0.11897201749713482,-0.21571559293775966,0.7846982085217172,0.2927978390006407,0.059738385587049615,-0.03696552106489325,-0.026261337871891687,-0.3458800423197174,-0.11167175880123124,-0.34479632735043964
sub-03,uc1,Comedy,560.0,590.0,30,3,3,2,-0.04288529800850133,0.05821582275569692,0.10850297830724036,0.06759562515565827,-0.17690704065089324,-0.28272160644811384,-0.05499801422349935,0.22194830882417085,0.06553490305185997,1.5459725899233832,0.0702714813601537,-0.010095895692114137,0.034419030309658184,-0.03622790836300451,-0.19669036206325366,-0.24877928012451087,0.08281168422671602
sub-03,rc12,Comedy,656.0,686.0,30,3,3,2,-0.31928295570216136,-0.09531297114158573,-0.07872745045933213,0.16862153642671568,-0.08188842757744277,0.014402309244921774,0.0482018649643566,-0.28798093481027626,-0.24166089210156017,1.5459725899233832,0.0702714813601537,-0.03415318477036304,-0.1550607778431016,-0.10199534443865683,-0.4309058305909799,-0.5739705500174537,-0.4406628482078672
sub-03,rc5,Comedy,700.0,730.0,30,2,3,2,-0.04388027167369102,0.23208227707644946,0.028679696685570764,-0.14689126778295222,-0.101256458822895,-0.03547997892536706,0.0073316679076833365,-0.06762898065766057,0.03330336015357648,1.300022405162845,0.316221666120692,-0.06114662384965331,0.02106561253196462,0.008834359304593392,0.2252365232677588,0.34664454856104676,0.45557694031387064
sub-03,rc3,Comedy,12.0,42.0,30,1,2,1,-0.017147488466224013,-0.025756774934215056,-0.19464379370378757,-0.12385944241845678,0.15261563438585313,0.08334117886215951,0.008938232726336,-0.13894609320755263,-0.13731137532896742,0.8316059238569995,0.3287744350132323,-0.04402289938611493,-0.004029077918638184,-0.08287133005686514,-0.3445723848504559,-0.2755177957396239,0.03217494659240546
sub-03,rc1,Comedy,108.0,138.0,30,2,3,1,0.05684923252588072,0.10100196481070738,-0.28079410924676346,-0.13204752653452462,-0.32700847744627154,-0.21778961134523564,0.11259564085845568,0.16932240115043767,-0.07567647589456031,1.373116757996441,0.3674537803089067,0.012465782283270591,-0.018894703828375502,-0.19142006549551974,0.15788757855764765,-0.11317017352821929,-0.26971496383805854
sub-03,rc8,Comedy,200.0,230.0,30,3,4,2,0.05862519260426234,0.11384691130907054,0.17735253572809498,-0.04989371220444892,0.09279440685514259,0.060878829973611756,0.29832193135018203,0.0979997462333154,0.024164438874528783,1.9146275921358824,0.4061331256045811,0.10235113724999848,0.10154702146584287,0.08746526819207849,0.11025442443563466,-0.5782621040761358,-0.401669585159456
sub-03,uc3,Comedy,244.0,274.0,30,1,2,1,0.05587270429044734,-0.22938950254204044,-0.1637664749511734,-0.1913510099195665,-0.13403999275476397,-0.2298708986876607,0.21538024039303924,-0.1542455145260236,-0.15480210508966896,0.8316059238569995,0.3287744350132323,0.026633978254640023,-0.17255833660760933,-0.18281315957616773,-0.061619254231358625,0.21135057526545203,-0.09460880084843962
sub-03,rc4,Comedy,332.0,362.0,30,1,1,1,0.20866815825912374,-0.01630732843634483,0.1075142416637962,-0.25542618657719024,0.04445223683283682,0.003220178295058307,-0.0006231532325966626,-0.10644991521142048,-0.1053278988540978,0.5415108341394415,0.0386793452956743,-0.015793727183554384,-0.0261016689383095,0.001802173701585576,0.4419886959668352,0.5253608852366681,0.41557540734529913
sub-03,uc2,Comedy,428.0,458.0,30,1,3,2,-0.04855148748899248,-0.04618818231884501,0.03641598873278211,-0.09741422466751001,-0.15106140675436644,-0.12363584099553353,-0.1307441169993318,0.008325972016318661,0.12436140416648789,1.1217010135745575,0.6188695247307903,-0.09223660971861143,-0.06297453901896428,0.012380517301245505,0.5440236944689137,0.5724254980054457,0.5789032689413055
sub-03,rc10,Comedy,568.0,598.0,30,1,2,1,0.005541218802735304,0.07506295035641011,-0.1619262181407573,0.12241546544423731,-0.20867590818902254,-0.06825181855755527,0.04192531532994247,-0.023856060991800543,-0.005609480065776712,0.8316059238569995,0.3287744350132323,0.056627333192305035,-0.052489672941470986,-0.07859583892136308,0.1062137548574639,0.2475777483639176,0.3209888041831939
sub-03,rc7,Comedy,660.0,690.0,30,3,4,2,0.09084120547391625,0.29336902866671527,0.016316211267905924,-0.31632810240473924,-0.2892637796731524,-0.16253146574340832,0.06319261608010027,-0.1405501678066839,-0.31096346901322963,1.9146275921358824,0.4061331256045811,-0.05409809361690759,-0.04548163960437366,-0.15239290782957735,-0.4206282244738641,-0.15100884249343471,-0.37670042909029233
sub-04,rc2,Comedy,108.0,138.0,30,3,4,3,-0.21531076809891597,-0.11274581967176975,-0.08542577668542592,-0.09538747920259785,-0.07336006638068125,-0.03170177803754359,-0.010378605136228158,-0.12455720860633204,0.2934773416837522,2.0312256571536347,0.4149815858700975,-0.10702561747924731,-0.103554364886261,0.058783262320260904,0.2538883532132947,0.20262039875145474,0.10928541631557674
sub-04,rc9,Comedy,244.0,274.0,30,2,2,2,0.3067305430051077,0.1470981784290696,0.3523824845415163,0.0069689562926856545,-0.001448844637421659,0.09160559850753973,-0.2217344589301793,-0.17021955908197126,0.11090066627397385,1.150299834517112,0.0728037869947539,0.030655013455871363,-0.008190075096774448,0.18496291644100998,-0.19724774146251572,0.5390076329806512,0.22960651465078838
sub-04,uc4,Comedy,288.0,318.0,30,2,2,1,0.023185522782034597,0.02152138879242248,-0.1571086120520891,-0.254564769898942,-0.2438082604726469,-0.23322056467711993,0.10015616601230803,0.1323161419608051,0.46941821787527205,1.150299834517112,0.0728037869947539,-0.04374102703486645,-0.029990243239806445,0.026363013715354336,-0.6173089613932086,-0.07042258971256943,-0.9229361906729207
sub-04,rc6,Comedy,420.0,450.0,30,3,2,2,0.024742614244324678,0.057081378359704706,0.05851254808890858,-0.08900232108842089,-0.16938296642208467,-0.2694051543670812,0.014891106251047437,-0.0979002692043254,-0.0898853650988231,1.4196738463977014,-0.1965702248858355,-0.01645620019768292,-0.07006728575556845,-0.1002593237923319,0.7553983737145199,0.6001280261940416,0.4815157389888835
sub-04,rc11,Comedy,512.0,542.0,30,3,2,2,0.1489449507738349,0.10226630483745303,0.19773866379773805,-0.18491236896229163,-0.17061819125686462,-0.0690186350846262,-0.2852204734289519,-0.17458666838428155,-0.39795506679203785,1.4196738463977014,-0.1965702248858355,-0.10706263053913621,-0.08097951826789772,-0.08974501269297534,-0.3960247136653519,0.32691020160037304,-0.07185249393047005
sub-04,uc1,Comedy,560.0,590.0,30,1,1,2,0.028084574846840783,-0.06283909638544112,0.3390403603880431,0.3101460735119199,0.1688327482846755,0.4076874366196849,-0.006795478189644011,0.028005658527161637,0.36009550209262015,0.575149917258556,0.0364018934973769,0.11047839005637224,0.044666436808798685,0.3689410997001161,0.23597444593609931,0.3453434934373918,-0.28620198938861074
sub-04,rc12,Comedy,656.0,686.0,30,2,3,2,-0.026130642190662478,-0.12423452157266587,-0.11435128786692861,0.14070013400899692,0.20576632479622364,0.043996573314680806,-0.06528255991404289,-0.22222512237530895,0.029919312620765526,1.4560757398950783,0.3785796923727205,0.016428977301430524,-0.04689777305058372,-0.013478467310494091,-0.03604327385372473,0.27476498273897243,0.7163578690882741
sub-04,rc5,Comedy,700.0,730.0,30,2,2,2,0.02994044418192765,0.11265201321452456,0.16844560931264443,-0.30952660926638653,-0.337088408157684,-0.31433644756855,-0.08337352569359355,-0.3455929106044132,-0.1625760638827985,1.150299834517112,0.0728037869947539,-0.12098656359268413,-0.19000976851585755,-0.10282230071290135,0.013120243938922329,0.22098822353344577,0.2584674422070928
sub-04,rc3,Comedy,12.0,42.0,30,2,2,2,-0.17006536952105628,-0.043552939333924526,-0.029518623245395847,0.23325114785694093,0.020959865567697283,0.22120241782001487,-0.07167461707035781,-0.20845173341353132,-0.36292327330770435,1.1383979980344912,0.1545972589923383,-0.002829612911491053,-0.07701493572658619,-0.057079826244361795,0.4439642612503863,0.32541276552678305,0.01382475269922142
sub-04,rc1,Comedy,108.0,138.0,30,3,2,2,-0.5151755740907479,-0.4190793392718386,-0.16281761873513134,0.049701558014413436,-0.07504605190324387,0.08561840469950688,0.16985136896196795,-0.09803988635032511,-0.03842152517006582,1.3843481827950297,-0.0913529257681999,-0.0985408823714555,-0.19738842584180247,-0.03854024640189676,0.030989193707428083,0.19265981722481343,0.1285588494905975
sub-04,rc8,Comedy,200.0,230.0,30,1,3,1,-0.12210342735365956,-0.18276546184835313,0.13758341644371258,-0.13161172575537305,-0.15833847262448897,0.23921160185210164,-0.08817557278638674,-0.07337956526446163,-0.13115916627370375,1.2156966275306604,0.723796258009584,-0.1139635752984731,-0.1381611665791012,0.08187861734070348,-0.3568686424252251,-0.054912790142634976,0.26736291403591417
sub-04,uc3,Comedy,244.0,274.0,30,2,2,1,-0.18785849128846194,-0.05615035315269219,-0.12599321964560145,-0.13879372396047648,-0.2778938769117866,-0.5674783072201173,0.08167830477989027,-0.17562258702099165,0.004398140205093793,1.1383979980344912,0.1545972589923383,-0.0816579701563494,-0.1698889390284902,-0.2296911288868749,-0.35418545529023215,-0.3318620488724259,-0.163342407010098
sub-04,rc4,Comedy,332.0,362.0,30,1,1,1,0.018615203388109226,0.03667955323646715,0.5263441676168219,-0.06172730103882582,-0.3012626149532542,-0.4436155372412663,-0.1001220858625655,-0.19409161081453682,-0.37577639142304825,0.5691989990172456,0.0772986294961691,-0.047744727837760695,-0.15289155751044128,-0.0976825870158309,-0.05210558707757364,0.5393703210336942,0.4389746195421194
sub-04,uc2,Comedy,428.0,458.0,30,3,4,3,-0.22529112812470684,-0.18869266565791623,-0.16087644140953172,-0.22800926512613282,-0.28183933634411557,-0.3735835730943595,-0.02633055904997562,-0.2712735766574089,-0.013715476334353115,2.030845811308444,0.5551447027452149,-0.15987698410027176,-0.24726852621981357,-0.18272516361274815,0.6461653546495266,0.4837004099735036,0.28859066478227524
sub-04,rc10,Comedy,568.0,598.0,30,3,3,3,0.0006356286895396107,0.021062234589578697,0.3645770219659149,0.12931979063945553,0.09452680324568725,0.5475329530595339,-0.03071019471713084,-0.07400431925499092,0.27371535741969144,1.7075969970517368,0.2318958884885075,0.03308174153728811,0.013861572860091683,0.3952751108150467,-0.3413517601031242,0.08790347450070304,0.02258589530916092
sub-04,rc7,Comedy,660.0,690.0,30,4,4,3,-0.2198419820089712,-0.24182347979128244,-0.19108272900491627,0.056391625276987226,-0.08006342791111246,-0.03239315275249275,0.08266461651949084,-0.16701015992516638,-0.22813777299936397,2.2767959960689823,0.3091945179846766,-0.026928580070831057,-0.16296568920918714,-0.15053788491892434,0.44427409927093536,0.38869552498958937,0.20156893953898666
sub-07,rc3,Comedy,12.0,42.0,30,2,3,2,-0.031135410166556538,0.04915554116119766,-0.14171481194701094,-0.021575884785358556,-0.2549798768355062,-0.12221770513328163,-0.2005096968645123,-0.06931345617092807,-0.371687318455358,1.302341785753292,0.1419614268830602,-0.08440699727214246,-0.09171259728174554,-0.21187327851188353,0.12257440220717258,0.2352026121312118,0.12814226336546852
sub-07,rc1,Comedy,108.0,138.0,30,1,2,1,-0.1398873382233094,-0.10700918937996837,-0.39194250254456664,-0.28073725208003436,-0.4195287695892206,-0.43216414131345343,0.13864055519557222,0.01809707982273345,-0.18269157933901825,0.7715294939296754,0.1913393144945595,-0.09399467836925719,-0.1694802930488185,-0.33559940773234614,-0.0543099394655032,0.13817022813621574,0.028349303631011104
sub-07,rc8,Comedy,200.0,230.0,30,1,2,1,0.17895473213637186,0.2744972894136869,0.4187826560756628,-0.44413788636227947,-0.37072311281423376,-0.7608855036865747,-0.15773664792709008,-0.24196849200438897,-0.5921485060959724,0.7715294939296754,0.1913393144945595,-0.14097326738433258,-0.11273143846831196,-0.31141711790229476,0.37874851345840377,0.06860594817088221,0.32958452190667004
sub-07,uc3,Comedy,244.0,274.0,30,1,1,1,0.2858935313707175,0.27231925396011686,0.37008916818631343,-0.008030238550868063,0.17978126599588676,0.403933304403813,-0.1319695137611434,-0.6919413781498231,-1.1537527542149082,0.5308122918236166,-0.0493778876114992,0.048631259686235336,-0.07994695273127318,-0.12657676054159395,0.4163587928902159,0.6073248556081232,0.6375374567435862
sub-07,rc4,Comedy,332.0,362.0,30,1,3,1,-0.3491471597975912,-0.6244306240450426,-0.24318685550755995,-0.3957766235043685,-0.5126957993969482,-0.7910596466289,0.16902947107890037,-0.03716014644664125,-0.9772580327276087,1.012246696035734,0.4320565166006181,-0.19196477074101975,-0.39142885662954396,-0.6705015116213562,0.6662822432486804,0.31349576333739954,0.4528455803103398
sub-07,uc2,Comedy,428.0,458.0,30,1,1,1,0.04417830455182951,0.03670330944260396,0.05802391705659893,-0.1787649430082599,-0.44688026393170804,-1.2167952109783824,-0.12701208851563067,-0.3021214059239032,-0.3220256898914538,0.5308122918236166,-0.0493778876114992,-0.08719957565735371,-0.23743278680433572,-0.4935989946044125,0.7068851773803361,0.806040908944891,0.32426971454850384
sub-07,rc10,Comedy,568.0,598.0,30,1,2,1,-0.42504889974951177,-0.19027135399345557,-0.9554522080852952,0.015593243250239131,-0.015502613159213276,-0.8956837005504916,-0.2761060729094859,-0.2088840920224225,-0.0758508176417821,0.7715294939296754,0.1913393144945595,-0.2285205764695862,-0.1382193530583638,-0.6423289087591897,-0.31332845021638545,-0.5418310413697274,-0.18471367706255923
sub-07,rc7,Comedy,660.0,690.0,30,2,3,2,0.10274626053261471,0.1585643350616342,-0.15456639257617327,-0.09367760519141291,-0.22331589435568625,-0.4167314716105229,-0.3131575628604017,-0.49949566179641247,-0.3870655912954408,1.302341785753292,0.1419614268830602,-0.10136296917306664,-0.18808240703015483,-0.3194544851607123,0.11711654823955785,0.12248920979736455,0.14118056421925623
sub-08,rc2,Comedy,108.0,138.0,30,2,2,2,-0.24388698225766223,-0.18833022329856938,0.23344102535613204,-0.2378919841017253,-0.29316605936236284,-0.11530735091373912,0.08171815790900723,0.1544796446415015,-0.17988486709536503,1.5101724359045283,-0.0503390811968176,-0.1333536028167934,-0.1090055460064769,-0.020583730884324036,-0.1020710762196437,-0.3268454686197193,0.21272260479789723
sub-08,rc9,Comedy,244.0,274.0,30,1,2,1,0.005264638977976503,0.09880081825918535,0.046251275027852035,0.08738840694878247,-0.09958712174638709,0.2708406082220579,0.06978275198654152,0.20720826560951372,0.00026485438852322794,1.120044556629192,0.3397887980785189,0.05414526597110016,0.06880732070743734,0.10578557921281105,0.37752877186325506,0.18243180051597516,0.3283780006136411
sub-08,uc4,Comedy,288.0,318.0,30,2,1,1,0.02490869340442934,-0.007276628782298206,0.23462984232967204,0.05117231167908819,0.04039672691661818,0.050178646479467216,-0.10056764587775562,-0.26270561875206283,-0.2925539210622562,1.1452140972276008,-0.4152974198737453,-0.008162213598079369,-0.07652850687258096,-0.0025818107510389896,-0.29726145585013364,-0.1404412645654191,-0.07569357924877662
sub-08,rc6,Comedy,420.0,450.0,30,2,2,1,-0.17018282357321585,0.026666298313348658,-0.042834677836143045,0.0700967375710767,-0.05225921576917893,0.3247294331131444,0.12479275199534542,-0.025759554186272137,-0.19924991802209086,1.5101724359045283,-0.0503390811968176,0.008235555331068754,-0.017117490547367463,0.02754827908497019,-0.19753260208527904,0.07094189732882633,0.20224803374344905
sub-08,rc11,Comedy,512.0,542.0,30,2,1,1,0.12440596210985688,0.0940578884382771,0.5153287231534662,-0.0023457741219966577,-0.14203755623927436,-0.2653298490181332,-0.06804542147903732,-0.14161534375683296,-0.14566176963576444,1.1452140972276008,-0.4152974198737453,0.018004922169607637,-0.0631983371859434,0.03477903483318953,0.2265857184278648,0.10179259994901822,0.06811240271750486
sub-08,uc1,Comedy,560.0,590.0,30,1,1,1,-0.19172257121538736,-0.18843675350588965,0.11881457966696893,0.11111882401358952,0.0009653714198719826,-0.22934180782940344,0.04370632379892532,-0.048431619522198856,0.18884905425243825,0.7550862179522643,-0.0251695405984088,-0.012299141134290833,-0.0786343338694055,0.026107275363334584,0.7388106986788597,0.5441044613323461,0.06064125971865987
sub-08,rc12,Comedy,656.0,686.0,30,3,3,1,-0.0316530382129209,0.06229045894331088,-0.2415612896835151,-0.30745999356419607,-0.09700412330769495,0.13301923292034618,-0.05592497372780549,-0.09093060192765236,-0.19545396375102791,2.265258653856793,-0.0755086217952264,-0.13167933516830752,-0.04188142209734547,-0.10133200683806563,0.1182477112169313,0.5649282438914109,0.14079880289501748
sub-08,rc5,Comedy,700.0,730.0,30,1,1,1,0.3211370036307843,0.17789464394629323,0.8779110883773236,0.0029394327504455807,0.004866326034229184,-0.24875478278133736,-0.05509720210386705,0.015754761218238038,-0.09360811848943036,0.7550862179522643,-0.0251695405984088,0.08965974475912093,0.06617191039958682,0.1785160623688519,0.533292900681432,0.17919319141506332,1.1051573173427973
sub-08,rc3,Comedy,12.0,42.0,30,1,1,1,0.28430175405416336,0.06768707536435067,-0.11771362936095638,-0.21203004098049094,0.01291742541305392,0.1334978931434482,0.1732979252699224,0.04236575459252684,-0.04121221081992458,0.8392036523972212,-0.0310816167554526,0.08185654611453162,0.04099008512331048,-0.008475982345810918,0.15704508927105898,-0.18797937317130323,-0.2764766311692231
sub-08,rc1,Comedy,108.0,138.0,30,1,1,1,0.048322780411644714,0.024426416985973986,0.006831002432387179,0.2444687828627253,-0.055577078323575835,-0.1797830623947174,0.07802144948389958,-0.021102934380767636,-0.04785512520221542,0.8392036523972212,-0.0310816167554526,0.12360433758608987,-0.017417865239456494,-0.07360239505484854,0.04685644379673891,-0.30016356460620064,-0.12427583387260864
sub-08,rc8,Comedy,200.0,230.0,30,2,2,2,0.04650628164353594,-0.04188021310000562,-0.04980703217281918,-0.08282108624047554,-0.07939956552350028,-0.24595781750597237,0.15239059486607176,0.014205956641329367,-0.35489260932897787,1.6784073047944423,-0.0621632335109053,0.03869193008971072,-0.035691273994058845,-0.21688581966925646,-0.24500177777703178,0.2247498728343789,0.4166394089629952
sub-08,uc3,Comedy,244.0,274.0,30,1,2,1,0.013052263536338432,-0.07307808885601315,-0.15561765643528494,0.010062748768597501,0.04772577447203462,0.8445657380748903,0.09160045821392857,-0.09332945595055339,0.06205226132195385,1.2432646702181054,0.3729794010654316,0.03823849017295484,-0.03956059011151065,0.2503334476538531,-0.11203825859678192,0.22795915697879512,-0.12034460946222385
sub-08,rc4,Comedy,332.0,362.0,30,1,1,1,-0.14534287212116842,-0.006596117947964236,-0.09196226721199552,0.17122815176924955,-0.07164343596628706,-0.09159366080640022,-0.33135106788165763,-0.04386177386769561,-0.22278228685917498,0.8392036523972212,-0.0310816167554526,-0.10182192941119218,-0.0407004425939823,-0.13544607162585684,-0.5596329199659155,-0.048565002482560245,0.15834506279866448
sub-08,uc2,Comedy,428.0,458.0,30,4,4,2,-0.05332227757626634,-0.22324963445268375,-0.1406787742197767,-0.10945707543719488,-0.07005440598415888,0.6323245897662872,0.034977983826330536,-0.040535636992198795,0.3941538638936722,3.3568146095888847,-0.1243264670218107,-0.042600456395710216,-0.11127989247634715,0.2952665598133943,-0.011147880142587543,0.026742539926200123,-0.25333597758232207
sub-08,rc10,Comedy,568.0,598.0,30,4,4,2,-0.17818120370955223,-0.31487751360937477,-0.14521171754663237,-0.471131692696338,-0.07473829909702676,0.2721020534836741,-0.19549236462561276,-0.013535596187669485,0.002462383737020235,3.3568146095888847,-0.1243264670218107,-0.28160175367716767,-0.13438380296469032,0.043117573224687344,-0.10655909201594041,0.019443665090754594,0.21877478616134538
sub-08,rc7,Comedy,660.0,690.0,30,3,3,1,0.14048871175019575,-0.05072266669404439,-0.22785639019406773,-0.07297466730257547,-0.27381345219694997,-0.044167760641121066,-0.02492546920070716,0.08068311771793538,0.1701191780012988,2.517610957191663,-0.093244850266358,0.014196191748971033,-0.081284333724353,-0.03396832427796334,-0.2930515076183111,-0.05229130191111345,0.016461169299205096
sub-09,rc2,Comedy,108.0,138.0,30,1,1,1,0.11059646296223688,0.12065117004633372,-0.04047197317394402,-0.21045586648075756,-0.2728273362130929,-0.14446777857984086,0.14316166321569457,0.16139029871737062,0.08034054554597016,0.5954583420518295,0.0,0.014434086565724634,0.0030713775168704958,-0.034866402069271586,0.3638680322373194,0.5179187719461003,0.637031272241144
sub-09,rc9,Comedy,244.0,274.0,30,3,3,2,-0.06639055618122301,0.10166072969192894,0.49979093577428557,0.18161865828844198,-0.019215636252541156,-0.22034124504391867,-0.09560662033213882,-0.09838293924682327,-0.053432939471855435,1.7863750261554885,0.0,0.006540493925026719,-0.005312615269145175,0.07533891708617048,0.6806400055165182,0.5029740074473584,0.5273192630021862
sub-09,uc4,Comedy,288.0,318.0,30,1,3,1,-0.04942977445453618,0.047669233783412694,0.28930730566800567,-0.05194713473535275,-0.09556968058451698,0.3776058362617839,-0.011546174799868508,-0.2928655650527089,-0.409619668309473,1.190916684103659,0.5954583420518295,-0.03764102799658582,-0.11358867061793773,0.08576449120677214,0.4287529780804737,0.0540322286393027,0.29007889433519163
sub-09,rc6,Comedy,420.0,450.0,30,1,2,1,-0.04488512343487852,0.035525780569562196,0.3628948200835808,0.0573244699509998,-0.2909084128060178,-0.030964011109385202,-0.17267609389598854,-0.09919306044831926,-0.32972227120399517,0.8931875130777441,0.2977291710259147,-0.053412249126622416,-0.11819189756159162,0.0007361792567335009,0.2377859064335579,0.15858689903957482,0.4870040917991472
sub-09,rc11,Comedy,512.0,542.0,30,3,4,3,0.013306852728531559,0.20958868726875685,0.5891080503535511,-0.1212257027678213,-0.06316744555373396,0.22650760562048644,0.16100892882312712,-0.05484216012915031,0.09608711166518238,2.084104197181403,0.2977291710259147,0.017696692927945793,0.0305263605286242,0.30390092254640655,-0.029985905388039205,0.1881824418379292,0.41509305957498777
sub-09,uc1,Comedy,560.0,590.0,30,1,2,1,0.03527942871179878,-0.07978350362110487,-0.17528617641009772,-0.06651132450761106,-0.16767616088833587,-0.4644506374758934,-0.24195156380232813,-0.19907757887201402,0.3852455596695851,0.8931875130777441,0.2977291710259147,-0.09106115319938013,-0.14884574779381823,-0.08483041807213536,-0.19739864763777754,-0.35650799226412505,0.05392834347790535
sub-09,rc12,Comedy,656.0,686.0,30,2,4,2,-0.10581197295201399,-0.1959316248996418,0.23067884921804466,0.10840503633284126,0.04229552880710018,0.4413062024649571,-0.0891961113515289,-0.09764564912013499,0.2909952760962506,1.7863750261554885,0.5954583420518295,-0.02886768265690054,-0.08376058173755888,0.3209934425930842,0.044357333979531184,0.2611871976242166,-0.11888509122786943
sub-09,rc5,Comedy,700.0,730.0,30,1,3,2,-0.07381257450606715,0.2475597863182656,0.2648136316833316,-0.1463371028188976,-0.11066359471410711,-0.21514766445166597,0.016493009295080983,-0.17232580940219638,-0.3892826914853994,1.190916684103659,0.5954583420518295,-0.06788555600996125,-0.011809872599345968,-0.1132055747512446,0.6483007883152994,0.40257006815104845,0.522331078478441
sub-09,rc3,Comedy,12.0,42.0,30,2,3,2,-0.14264936298647415,0.07672098673837531,0.1412973828463576,0.234099798878829,0.08299546919476206,0.2660569360353384,-0.18850776141688785,-0.22299852171363996,-0.7340888874200171,1.589306670095478,0.2963114130686484,-0.03235244184151101,-0.021094021926834204,-0.10891152284610701,-0.1533761658346847,0.060430212974067817,0.09909348363958662
sub-09,rc1,Comedy,108.0,138.0,30,1,2,1,0.1321482865732073,-0.12454316646618926,0.20053573567206434,-0.21529235355186854,-0.03414723111301547,-0.34128643932047764,0.05315856746019036,-0.09153068458219069,-0.09941132809864303,0.9517881753114162,0.3052905467980014,-0.009995166506156948,-0.08340702738713182,-0.08005401058235213,0.0487722991162724,1.0118762250613857,0.27039044703587695
sub-09,rc8,Comedy,200.0,230.0,30,1,1,1,-0.20394167105140437,0.04973874162568004,0.3834552375280222,0.17853881462346202,-0.06146753536455814,-0.08545561881024637,0.0037022718726643033,0.12402356969716107,0.46418303409532563,0.6375184947840618,-0.0089791337293529,-0.007233528185092689,0.037431591986094324,0.25406088427103385,-0.24227672618859397,0.13304538802543783,-0.278900993205192
sub-09,uc3,Comedy,244.0,274.0,30,1,2,1,-0.16429462683192791,-0.057668782795142225,0.347844256436,0.060305845754986334,0.13888228323258484,-0.42855347359436974,0.2170471165862568,0.014047148724005542,0.43599831735706357,0.9517881753114162,0.3052905467980014,0.03768611183643841,0.031753549720482714,0.11842970006623124,0.6695903361527837,0.6779950334084276,0.5052080169744675
sub-09,rc4,Comedy,332.0,362.0,30,1,1,1,-0.07446610268225687,-0.14470116695555962,-0.371392465878151,-0.13373784520165044,-0.09830993934172363,-0.11385476741120784,0.07776267437269983,0.02751558071574286,-0.1485437368929735,0.6375184947840618,-0.0089791337293529,-0.04348042450373581,-0.07183184186051347,-0.21126365672744413,0.10623610878835442,0.21491064915502237,0.14962395258405153
sub-09,uc2,Comedy,428.0,458.0,30,1,3,1,0.06431327295553065,-0.198059539113905,-0.27918073744655525,-0.24822081392176693,-0.29440022957730116,-0.3540351622433733,0.19316723634695127,0.15240001652896162,0.8359376443438917,1.2660578558387705,0.6195602273253559,0.003086565126904981,-0.11335325072074816,0.06757391488465443,0.14204487642041835,0.21650424150836703,0.44205976318820184
sub-09,rc10,Comedy,568.0,598.0,30,2,3,2,0.06873221873701615,-0.17443147517801863,-0.25982072006462376,-0.04638980748885776,-0.08621815185335838,0.026720034902101432,0.08355087905195838,-0.23379335859056805,-0.2712871933010335,1.589306670095478,0.2963114130686484,0.03529776343337225,-0.16481432854064834,-0.1681292928211853,-0.10222527547989137,0.15549975576555697,-0.07581509896552648
sub-09,rc7,Comedy,660.0,690.0,30,3,4,2,-0.0959171520141471,-0.16491261254154393,0.499241132908276,-0.15255326650789697,-0.43843566475305684,-0.036760259278871894,-0.16828421371528146,-0.16000651669283167,-0.5804261212947044,2.22682516487954,0.2873322793392954,-0.13891821074577518,-0.25445159799581085,-0.03931508255510013,0.08238703259444317,0.309207276683139,0.08489065389852338
sub-10,rc2,Comedy,108.0,138.0,30,3,4,3,0.20042362075310552,-0.07505088060575842,0.2721958097053374,-0.20348292342807545,-0.0919605402909112,0.2187272417213985,-0.09597220662497105,-0.3071386007543678,0.23519379191552353,1.7316900763752183,0.1154460050916812,-0.03301050309998033,-0.15805000721701248,0.2420389477807531,-0.2972278398032439,0.24337932291598893,0.09001142434125724
sub-10,rc9,Comedy,244.0,274.0,30,4,4,2,-0.034329276085476965,-0.026425107766413575,0.008645341463207373,-0.07869683676627418,-0.10243952712777109,-0.3310574650321213,0.04335136766406588,-0.055908473064223675,0.23216220842223995,2.0010640882558075,-0.1539280067889083,-0.023224915062561753,-0.06159103598613611,-0.03008330504889135,-0.22443707746273908,-0.33665475248235577,0.2965871208007878
sub-10,uc4,Comedy,288.0,318.0,30,4,4,2,0.04969801527242934,-0.26268076229973636,0.20509596454024806,-0.0761419881986835,-0.08622356412533091,-0.3484843437086132,0.28319477891556066,0.035109515367476224,0.036814968244174004,2.0010640882558075,-0.1539280067889083,0.08558360199643551,-0.10459827035253033,-0.03552447030806371,0.3250111873300656,0.03799884823077637,0.1484145562569483
sub-10,rc6,Comedy,420.0,450.0,30,3,3,3,-0.09191633052176967,0.27313950963279143,0.05479534648080812,0.0276340689239404,-0.3611390487734763,-0.06020520766518885,-0.15232302964073652,-0.17768330658169496,-0.0754040266676066,1.5007980661918556,-0.1154460050916812,-0.0722017637461886,-0.0885609485741266,-0.02693796261732911,0.05624873851827027,0.6194862034138519,0.2713709505494098
sub-10,rc11,Comedy,512.0,542.0,30,3,3,1,0.25435508720001737,-0.048202121764188345,0.47156999217632334,0.10950046572790266,-0.054532901165381564,0.44580243193992963,-0.09637588983950487,-0.0737861467065569,0.13355951082402576,1.5007980661918556,-0.1154460050916812,0.08915988769613835,-0.05884038987870894,0.35031064498009296,0.7482033297047805,0.11404242300738908,0.6950213262076557
sub-10,uc1,Comedy,560.0,590.0,30,2,4,2,-0.05584130853079702,-0.12175216157425432,-0.09339291897766787,-0.0009818585260690793,0.10331090754593555,0.252557110035376,0.043183173392164445,-0.07947589671836938,-0.46793548065008767,1.4623160644946285,0.3848200169722707,-0.00454666455490055,-0.03263905024889605,-0.10292376319745981,-0.02064803705288942,-0.06670135465341959,-0.31445233868039374
sub-10,rc5,Comedy,700.0,730.0,30,4,4,2,-0.2623009331791743,0.1172802431726679,0.16073883933570643,-0.010915464690910464,0.023809435283614174,-0.11084186259239803,-0.1687157954762692,-0.22007121505098676,-0.2042721424538088,2.0010640882558075,-0.1539280067889083,-0.14731073111545132,-0.026327178864901553,-0.051458388570166796,-0.192185654665489,-0.035894433830225926,0.09793401711329318
sub-10,rc3,Comedy,12.0,42.0,30,1,1,1,0.09201736924706554,0.08748718835305178,0.22487814786124766,0.026405410066774448,-0.11239532620797141,0.23457586388615176,0.10391721473258589,-0.07666439044896618,0.389886229784971,0.539972451087909,0.025712973861329,0.07411333134880863,-0.033857509434628605,0.2831134138441235,0.39498163177459983,0.3381588691963578,0.04903331997026607
sub-10,rc1,Comedy,108.0,138.0,30,3,3,2,-0.021841455555101585,0.07103752842602631,-0.2270566587049533,-0.006038358332808633,-0.055178430793227165,-0.07760548037401532,0.08946395447897978,3.056364298744674e-05,0.5509475081290726,1.619917353263727,0.077138921583987,0.02052804686368986,0.005296553758595531,0.08209512301670131,0.082084202955886,-0.008341910181393613,-0.18018079333196366
sub-10,rc8,Comedy,200.0,230.0,30,4,4,4,0.056527492414502355,-0.11431277113027594,0.38171958986017246,0.1183964335035389,-0.1317347049858974,0.4243963129121317,0.1745647512611222,0.14256575572869692,0.5963430087217104,2.159889804351636,0.102851895445316,0.1164962257263878,-0.03449390679582549,0.46748630383133816,0.10978508487775615,-0.3772646422866121,0.1534803128622628
sub-10,uc3,Comedy,244.0,274.0,30,2,2,2,0.1480424109199266,-0.08471013555166404,0.05084957284911294,0.18955187870680365,-0.12272053530566315,-0.3127670411697745,-0.19697536947791405,-0.07748697301450377,-0.2559459011702527,1.079944902175818,0.051425947722658,0.04687297338293871,-0.09497254795727698,-0.17262112316363812,0.09989550204933217,-0.025268895652415437,-0.20617702180351644
sub-10,rc4,Comedy,332.0,362.0,30,1,1,1,-0.17072751994242152,-0.1948544565067105,0.125278579433408,0.016579168004950115,0.07096255500996713,0.41566318522181855,0.0324590757376476,-0.08936758229233914,0.12191432394803421,0.539972451087909,0.025712973861329,-0.04056309206660794,-0.07108649459636082,0.22095202953442025,0.2005135122701789,-0.17092839598530513,0.24210078780731034
sub-10,rc7,Comedy,660.0,690.0,30,2,4,2,-0.3222632607815102,-0.3379828508145568,-0.5692255212647336,0.11181657004425768,-0.30190381582843195,0.006807965768636665,0.47468997035116123,-0.043409926492344056,0.6841731730326286,1.645630327125056,0.617111372671896,0.08808109320463625,-0.22776553104511094,0.04058520584551061,0.3764299949892995,0.15481559263995712,0.15288675428791212
sub-11,rc2,Comedy,108.0,138.0,30,3,3,1,0.01832449891762338,-0.239139267614655,0.043606774458704096,-0.23756266591955755,-0.12834327392169914,-0.15921954978175226,-0.010842784059872485,-0.15338252991209925,0.21273089326134373,1.635954364835775,0.0197102935522382,-0.07669365035393555,-0.1736216904828178,0.03237270597943186,-0.43634677410634726,0.0939417469797881,0.07993502050560963
sub-11,rc9,Comedy,244.0,274.0,30,4,4,2,-0.011269727755479925,-0.15331086029815197,-0.10933176060902508,0.10362177324910622,-0.24081487390490638,-0.3835022148277124,-0.035958521407693275,-0.17075758400683363,0.03069604501287978,2.1812724864477,0.0262803914029844,0.018797841361977662,-0.18829443940329738,-0.15404597680795257,0.12300119302384165,0.32950888684440427,0.030721019979128485
sub-11,uc4,Comedy,288.0,318.0,30,2,3,2,0.04018665495704038,0.07680912000683497,-0.12572021674916029,0.02658464794519754,-0.09866296658890258,0.19797841609360864,0.14308375821455382,0.11870388706831933,-0.12244996119481877,1.3665803529551857,0.2890843054328277,0.0699516870389306,0.032283346828750566,-0.016730587283456808,-0.36408881043805663,-0.11448792088327828,0.0771108431076241
sub-11,rc6,Comedy,420.0,450.0,30,4,4,2,0.02128709880673932,-0.09672337938818378,-0.026999152682169937,-0.06811374522126734,-0.3184688348937216,-0.38691448808489604,0.012808515484565481,-0.030736612780575923,0.06200740643199072,2.1812724864477,0.0262803914029844,-0.011339376976654183,-0.1486429423541604,-0.11730207811169174,0.11199652779336859,0.571845267353664,0.2730157352692234
sub-11,rc11,Comedy,512.0,542.0,30,4,4,1,-0.019374819000100026,0.02154427759995988,0.12563843104451017,0.03638723923532167,0.11004824549478506,-0.5026797738553223,0.14744689282078868,-0.06171618264912023,0.10165281592966868,2.1812724864477,0.0262803914029844,0.0548197710186701,0.0232921134818749,-0.0917961756270478,0.16431940878517284,0.08496679378940786,-0.388089985991702
sub-11,uc1,Comedy,560.0,590.0,30,2,3,2,-0.21635389240994699,-0.2155908768773967,-0.024436529348636587,0.0005272237114293793,-0.12092101955304549,0.08709585155569906,0.10189354338558321,0.09303774336633096,0.2708645387630192,1.3665803529551857,0.2890843054328277,-0.0379777084376448,-0.0811580510213704,0.11117462032336055,0.009441557395127866,-0.00441742901882988,0.15033443897183268
sub-11,rc12,Comedy,656.0,686.0,30,4,4,2,0.21256795374457513,-0.24621999106424125,-0.1636165903956372,-0.1468478057000634,-0.49763637147583334,0.11304527780978584,0.1151744679054564,-0.11983910362825809,0.29927502919552634,2.1812724864477,0.0262803914029844,0.060298205316656035,-0.2878984887227776,0.08290123886989167,-0.2033567952901431,0.5611439744388081,-0.08903934434089135
sub-11,rc5,Comedy,700.0,730.0,30,1,2,1,0.08271933990544875,0.43800860456190155,0.1357954993475704,-0.17965927858786632,-0.26468410298149164,-0.24143251578466446,-0.12661697876011352,0.22176308555567173,-0.19516367019902875,0.8212622313432607,0.2825142075820817,-0.07451897248084369,0.13169586237869388,-0.10026689554537427,0.09159207218097293,0.41452606515020035,0.521047185467148
sub-11,rc3,Comedy,12.0,42.0,30,4,4,2,0.08093111228092417,-0.09749733717203603,-0.19399892092749532,0.14721357135666344,0.26801644509296213,0.003662223423080557,0.09694509733834515,0.13390774366433186,0.07637641966663077,1.9073687797756025,-0.0602326983087032,0.10836326032531093,0.10147561719508598,-0.03798675927926133,-0.14517072623581243,-0.521409836258279,-0.4257858675859878
sub-11,rc1,Comedy,108.0,138.0,30,2,2,1,-0.2895966078215615,-0.739973165424832,-0.9575463423939373,0.14700346778657838,-0.2842163726318338,-0.20414074075504632,-0.09555495149684194,-0.05588569703697179,-0.02041245815093856,0.9536843898878012,-0.0301163491543516,-0.07938269717727502,-0.36002507836454595,-0.3940331804333075,0.03334814160745322,-0.09840140746765311,-0.03259279153190452
sub-11,rc8,Comedy,200.0,230.0,30,4,4,2,-0.23453712754473108,-0.695445955813698,-0.6790887978111458,-0.08529669730609467,-0.1647912447569107,-0.050817821084777934,0.016631171174807426,0.5354317584597508,0.18529011742031987,1.9073687797756025,-0.0602326983087032,-0.10106755122533945,-0.10826848070361925,-0.18153883382520125,-0.2971210924680691,0.14278481728402276,-0.1646746241437879
sub-11,uc3,Comedy,244.0,274.0,30,4,4,1,-0.04135330504662839,-0.14462819502768634,0.16263773747178017,0.11654088637045228,0.147120364585891,-0.1792442250171927,-0.14803627539034023,0.21339676440991248,-0.22212440433738384,1.9073687797756025,-0.0602326983087032,-0.024282898022172105,0.0719629779893724,-0.0795769639609321,0.5625060907987672,-0.3404191785816399,0.6409021560085043
sub-11,rc4,Comedy,332.0,362.0,30,2,2,1,-0.18662667759679025,-0.3979815737414646,-0.41050064446243584,-0.044818892763379206,-0.34556887191617386,-0.17062825255005748,0.052444198185614334,-0.3294575292765007,-0.033706642500563565,0.9536843898878012,-0.0301163491543516,-0.05966712405818504,-0.3576693249780464,-0.2049451798376856,0.3042195077972479,-0.08712507760057561,-0.12328043096927055
sub-11,uc2,Comedy,428.0,458.0,30,2,3,1,-0.27094536038667755,-0.11534813446972172,-0.3679048134589983,0.05475778349066658,-0.32522820604194336,-0.13129489796832378,0.011565668682437438,-0.31192161437576776,0.15239293411408017,1.1845764000711638,0.2007756610290108,-0.06820730273785787,-0.25083265162914425,-0.11560225910441392,-0.5538343412433091,0.5730930814302061,0.47544364363712366
sub-11,rc10,Comedy,568.0,598.0,30,3,4,1,-0.19645984397804575,-0.6024233094008684,-0.18170370927964585,-0.010395690263115468,0.014151538199305983,-0.07538581821842491,-0.1900921012106258,-0.14121171302432572,0.2729488841219088,1.6614185950150644,0.1857174864518349,-0.13231587848392898,-0.24316116140862937,0.00528645220794602,-0.046014735653020916,0.0604302773202173,-0.14664400420971324
sub-11,rc7,Comedy,660.0,690.0,30,4,4,1,0.031033098354876176,-0.17231586329095536,-0.500651638036899,-0.09789742095709292,-0.4095613273276862,-0.32623538309121475,0.2037232158887809,-0.092065145625396,0.02395346147303077,1.9073687797756025,-0.0602326983087032,0.04561963109552138,-0.22464744541467913,-0.26764451988502774,0.19061953958771455,0.13505950150651472,0.16164453419777264
sub-12,rc2,Comedy,108.0,138.0,30,4,4,3,0.04929377254985664,-0.03374623651459552,-0.04734795730355433,0.015127493825366902,-0.018975963756297932,0.1529669081320939,0.011976776861284344,0.044703611034841814,0.05933207467753383,2.05703790890632,0.0,0.025466014412169297,-0.0026728630786838838,0.05498367516869115,0.27969062221199276,0.26608142254332184,0.18539113882882605
sub-12,rc9,Comedy,244.0,274.0,30,3,3,2,-0.10233151982058553,-0.04196994314867584,0.16440956304375834,0.08531138392535169,0.06240942205805383,-0.010146403272262062,-0.07169112403954178,0.07881112064215598,0.16371939690161416,1.54277843167974,0.0,-0.029570419978258537,0.03308353318384465,0.10599418555770347,0.34480994934787207,0.5129149682849989,0.4881981301975246
sub-12,uc4,Comedy,288.0,318.0,30,2,2,1,0.0028044961870580198,0.010169998659091517,0.13587520372102668,0.19514056089488796,0.007278917796147311,0.14612324768442644,-0.02343927909250588,-0.05600331029850588,-0.14446738219876323,1.02851895445316,0.0,0.058168592663146695,-0.012851464614422351,0.04584368973556332,0.041269699523262586,-0.13933047736362986,0.3094505983197415
sub-12,rc6,Comedy,420.0,450.0,30,1,2,1,-0.28327720939514933,0.008196449570013042,-0.010114847348727357,-0.09221700015886167,-0.11166099676538215,-0.012994780943438334,-0.05605505813397591,-0.21106483261428188,0.10239038918240677,0.77138921583987,0.2571297386132899,-0.14384975589599558,-0.10484312660321701,0.026426920296747026,0.6620511504491204,0.6747305380356514,1.0320307570236673
sub-12,rc11,Comedy,512.0,542.0,30,4,3,2,-0.087107520599598,0.1184397077369109,-0.13682675753157325,-0.14949829332829717,0.12138252884886724,0.24365194511893754,0.35383968708723945,-0.0440399320067447,-0.03806927522514338,1.79990817029303,-0.2571297386132901,0.03907795771978143,0.06526076819301116,0.022918637454073625,-0.29668323608784963,-0.13845584076654108,-0.3419749395493079
sub-12,uc1,Comedy,560.0,590.0,30,3,3,2,-0.15788873101411502,-0.015494539717876381,0.02730528103660016,0.10086073471510246,-0.1733354159415069,-0.0340048141112479,0.05808115961261242,0.003164818614857143,0.005341772855751102,1.54277843167974,0.0,0.0003510544378666209,-0.06188837901484205,-0.0004525867396322072,-0.15647937458894776,-0.09355357854313441,-0.2700978947445708
sub-12,rc12,Comedy,656.0,686.0,30,4,2,3,-0.05565661979272315,0.16520318874077244,0.24113120299802918,-0.052905128201754636,-0.4215454592250669,0.01987649753397193,0.1410625994353082,-0.13480575646489323,0.019600591194589834,1.54277843167974,-0.5142594772265799,0.010833617146943468,-0.13038267564972925,0.09353609724219698,-0.39907292502142416,-0.14675392829533848,-0.25790655883712593
sub-12,rc5,Comedy,700.0,730.0,30,4,2,3,-0.147086365972594,0.17061059114560972,0.11552305962033733,-0.15987714892560606,0.054871470366072664,0.09776169946778193,0.01642649433286204,-0.052058224868759315,-0.2597199714110189,1.54277843167974,-0.5142594772265799,-0.09684567352177936,0.057807945547641015,-0.015478404107633197,-0.4081105677034216,-0.729903665948213,-0.6748210067291948
sub-12,rc3,Comedy,12.0,42.0,30,4,3,3,-0.07161736848732185,-0.14579712652588134,0.03734314941385198,-0.19025151284158714,-0.15014137233582509,0.13703941025214467,0.048252980432636663,-0.041920436171661454,-0.07736495851629428,1.8856180831641267,-0.3771236166328254,-0.07120530029875743,-0.11261964501112263,0.03233920038323411,0.2848346421318753,0.08357364756288788,-0.05420820966122591
sub-12,rc1,Comedy,108.0,138.0,30,3,3,2,0.06017220743580219,0.020817869202304284,0.18544310867924235,0.15428797842146288,0.154819361362249,0.11082172992757441,0.12843803141909754,0.07609829506981478,-0.1080000192082583,1.6027753706895076,-0.0942809041582063,0.11429940575878755,0.08391184187812267,0.06275493979951947,-0.27040775295735825,-0.2676842283744477,-0.32759209203905265
sub-12,rc8,Comedy,200.0,230.0,30,4,3,3,0.2059654579319429,-0.21374717933519097,0.04422070739493622,-0.03536068016477171,-0.22693305893980248,-0.02538685697251728,0.1935049915549315,0.07620303652336262,-0.08709761387416558,1.8856180831641267,-0.3771236166328254,0.12136992310736758,-0.12149240058387695,-0.02275458781724888,0.5290600123618171,0.3894044525672349,0.20176375372210273
sub-12,uc3,Comedy,244.0,274.0,30,2,2,3,-0.22995470519577185,-0.40123452932201537,-0.045342788826516586,0.08906252144338878,0.05687263561188245,0.284552670251029,0.055264587523856934,-0.05351064214000349,0.1327973305259341,1.068516913793005,-0.0628539361054709,-0.028542532076175384,-0.13262417861671214,0.12400240398348218,0.21621694066298883,0.4266958083476288,0.2294815974761987
sub-12,rc4,Comedy,332.0,362.0,30,1,2,1,-0.07189845580788314,0.14389758105260433,-0.03391250050609431,0.05540168367042758,0.06979444527988213,-0.03142630042087905,-0.06150742813030128,-0.017751420778644778,-0.07436595722117226,0.7856742013183862,0.2199887763691481,-0.02600140008925228,0.06531353518461389,-0.04656825271604855,-0.21143047319211558,-0.4308676410280416,-0.15051607774469297
sub-12,uc2,Comedy,428.0,458.0,30,1,3,2,-0.04237954096032463,-0.2226505915459597,-0.012439482442995909,-0.08035914463529438,-0.23757148926513336,-0.04645317320850161,-0.15667630259870868,-0.3159497926786812,-0.08521708430316705,1.0370899457402698,0.4714045207910316,-0.09313832939810922,-0.25872395782992474,-0.048036579984888195,0.20896465025140826,0.4530608688866629,0.26445837290952706
sub-12,rc10,Comedy,568.0,598.0,30,2,3,2,0.03165605048340632,0.15906221661236533,0.0629439336146869,0.2858078247637591,0.12448490148534212,-0.07792985296887359,-0.03432023904326474,0.18196818788028524,0.08273621137839274,1.3199326582148887,0.1885618083164126,0.09438121206796692,0.15517176865933088,0.022583430674735352,-0.24629984952073417,-0.40022003036510795,0.08884893234684617
sub-12,rc7,Comedy,660.0,690.0,30,4,3,3,0.0986518594580635,0.1473727432313675,0.1535916618408926,-0.0328941035459444,-0.15761227674255732,-0.5240651198234675,-0.07042248843327756,-0.06346721285689776,0.09254228864458039,1.8856180831641267,-0.3771236166328254,-0.001554910840386161,-0.02456891545602919,-0.09264372311266485,-0.13342862912495196,0.061681534154306446,-0.22534837094645807
sub-13,rc2,Comedy,108.0,138.0,30,4,4,3,-0.05928639946070661,-0.04190376870570414,0.13254043740698024,-0.18403235255297168,-0.32686590775623325,0.08139751069503848,-0.04158688154912773,-0.22997095532262096,-0.09922423873327349,2.020305089104421,0.1346870059402947,-0.09496854452093535,-0.19958021059485279,0.03823790312291508,0.2094316161192274,0.3531138313028192,0.16370625988366372
sub-13,rc9,Comedy,244.0,274.0,30,3,3,2,0.10315781062032296,0.11298942124175085,0.20323000427981824,0.02752995881701804,-0.37584623417584045,-0.11701299515506677,-0.0005647375202598254,-0.35729280484552767,-0.13277818919895337,1.515228816828316,0.101015254455221,0.04337434397236039,-0.2067165392598724,-0.015520393358067297,0.6307160654675964,0.800584161513474,0.7539325840541734
sub-13,uc4,Comedy,288.0,318.0,30,3,2,2,0.08211497742372134,-0.0570528974149118,0.20475325359718277,-0.06421078168669062,0.01909779441856984,0.08026514940586274,-0.15330241352973936,-0.23325810538762695,-0.015862342502851585,1.2458548049477265,-0.1683587574253685,-0.04513273926423621,-0.0904044027946563,0.089718686833398,-0.10190565879009068,0.1406000325020281,0.057856173024107053
sub-13,rc6,Comedy,420.0,450.0,30,4,3,3,-0.13214680592856465,-0.053831726376925015,-0.31671198991481947,0.07333613049878666,-0.1595443234707455,-0.0542612911507248,-0.044383817038988305,0.11196107419173995,0.01557991916753938,1.750931077223832,-0.1346870059402947,-0.03439816415625542,-0.03380499188531023,-0.11846445396600162,0.7860969276639272,0.9682885434357913,0.9839723870286157
sub-13,rc11,Comedy,512.0,542.0,30,4,4,2,0.08949777456158052,-0.06164437017379705,0.03934870686483445,-0.050240660808965734,-0.07969529676531871,0.21319430606225462,0.2662214494966926,-0.12734637191269127,0.02197330870398311,2.020305089104421,0.1346870059402947,0.10182618774976912,-0.08956201295060234,0.09150544054369074,-0.17086764919717964,-0.19269656665271775,-0.2904897908984775
sub-13,uc1,Comedy,560.0,590.0,30,4,3,3,0.019779047575662335,0.18103540228729498,-0.12240720863313292,-0.17636104818856743,-0.15643254502345277,0.15215125764782544,0.00343005856223004,-0.5203860854594105,-0.2208273143434917,1.750931077223832,-0.1346870059402947,-0.05105064735022501,-0.16526107606518944,-0.0636944217762664,0.37491909201055135,-0.0036781618924225505,0.017189487204970606
sub-13,rc12,Comedy,656.0,686.0,30,4,3,2,-0.30974061067892433,-0.40008841843724624,-0.29771066162265764,-0.09689050482391356,-0.36895442931417133,-0.08858774162156023,-0.06158201491459012,-0.18870134472152905,0.1762637653484795,1.750931077223832,-0.1346870059402947,-0.15607104347247602,-0.3192480641576489,-0.07001154596524614,-0.04749625485498975,0.0206619167219909,0.5347514879529945
sub-13,rc5,Comedy,700.0,730.0,30,2,2,2,0.2334336866156943,0.313735393457666,0.3153350867993966,-0.0904624071091433,-0.19542474044880923,-0.28733692689254847,0.07682326398446453,-0.11059290845087566,-0.0935573009028364,1.0101525445522106,0.0673435029701473,0.07326484783033851,0.0025725815193270367,-0.021853046998662747,-0.6014653870651253,0.020690286762684452,-0.11442823554044665
sub-13,rc3,Comedy,12.0,42.0,30,3,3,2,0.23190984816702861,0.035101603148568875,0.4550801530511605,-0.27869982527795156,-0.6733789367883227,-0.5188259751984695,-0.2449747631476748,-0.2829912142806103,-0.6997847237027879,1.5412041679739443,0.1558521068737696,-0.09725491341953259,-0.30708951597345474,-0.2545101819500323,-0.3124512398776063,0.2015793853689121,-0.21008208198008127
sub-13,rc1,Comedy,108.0,138.0,30,1,2,1,0.044593293216872845,-0.46113517993465347,-0.2808401117791357,-0.35632816361801734,-0.46322911846395326,-0.1226357684677259,-0.16784480720988224,-0.26428551633981423,-0.2973073131203151,0.7965774351326004,0.3347934147658756,-0.15985989253700889,-0.39621660491280686,-0.23359439778905886,-0.28424990395894795,0.20593482771580962,0.13060180624954357
sub-13,rc8,Comedy,200.0,230.0,30,3,3,3,-0.2913689746724867,-0.2670833618459284,-0.3603221439829069,-0.11360718158532461,-0.05727026887058373,0.10625114937267988,0.10834637149190227,0.28316143887776135,0.49664392143510677,1.5412041679739443,0.1558521068737696,-0.09887659492196965,-0.013730730612916919,0.08085764227495994,0.6071468992946377,1.4750322130307105,0.6254092680690598
sub-13,uc3,Comedy,244.0,274.0,30,3,3,3,-0.14496756331295943,-0.459602229192261,-0.4419022132332822,0.20548142046077386,-0.02025342553618987,0.5257886095688864,-0.01221609090160578,-0.241574934205064,-0.058701897307100424,1.5412041679739443,0.1558521068737696,0.016099255415402875,-0.2404768629778383,0.00839483300950128,0.07869105360239172,0.2984155681124475,-0.06833916308432832
sub-13,rc4,Comedy,332.0,362.0,30,1,3,1,0.0044613508478619,-0.005239932084031676,0.21662279293177886,-0.03090653953352628,-0.06379617145502872,-0.14438830655665089,-0.21356133017251322,-0.16504626682117415,-0.38385094950848464,1.0794201476072194,0.6176361272404945,-0.08000217295272587,-0.07802745678674486,-0.10387215437778557,-0.160231756164106,0.03986369527273655,0.08773293953231312
sub-13,uc2,Comedy,428.0,458.0,30,3,3,2,0.044437015950679934,-0.18315618604893322,0.19678395416550704,0.013108057941135254,-0.3144940765525225,-0.08007377307724642,0.23053287959504135,0.2556131113921265,0.5723487689635331,1.5412041679739443,0.1558521068737696,0.09602598449561886,-0.08067905040310969,0.22968631668393122,0.4585747023346013,0.6907552028013114,0.19684694034849534
sub-13,rc10,Comedy,568.0,598.0,30,3,3,2,-0.19177728175179184,-0.2976585671735908,-0.2735624104975057,-0.15067976632076005,-0.29160497949989217,0.06821914086676337,-0.1667348040381264,-0.040693138707980525,-0.0527331549780522,1.5412041679739443,0.1558521068737696,-0.1697306173702261,-0.2099855617938212,-0.08602547486959816,0.19902523511147463,0.3369886820290586,-0.22291865108476983
sub-13,rc7,Comedy,660.0,690.0,30,4,3,2,0.14473839586121168,0.03016997374140324,0.39489430605202447,-0.1530799560917627,-0.36031331686241697,-0.12282954958074266,0.2766116439007448,-0.02546421224139994,0.15050710885261215,1.7720961781573066,-0.0750399033095927,0.08942336122339789,-0.11853585178747124,0.14085728844129797,0.11601372377343099,0.1587401527222209,-0.10681288641471542
sub-15,rc2,Comedy,108.0,138.0,30,4,4,1,0.10218630476404085,-0.022075095668527715,0.007951070144130124,0.036143086670625456,-0.07477283817754207,0.006615804468365928,-0.02101062391970542,-0.19943089064011293,-0.11146691262511146,1.926609780624216,-0.0409916974600897,0.039106255838320295,-0.09875960816206092,-0.03230001267087181,-0.5624977726145373,-0.2536653958441671,-0.29869826502251134
sub-15,rc9,Comedy,244.0,274.0,30,4,4,1,0.004011887087253113,0.17776291062027433,-0.05817138505337881,0.020392182218163198,0.015772627020713206,0.11825339944971999,-0.005478096055172982,-0.059294168174637674,-0.03663327988593712,1.926609780624216,-0.0409916974600897,0.006308657750081105,0.04474712315544996,0.007816244836801352,-0.5601337888277539,-0.5612153729307375,-0.37212482635980837
sub-15,uc4,Comedy,288.0,318.0,30,1,2,1,0.12030834303418007,-0.03794150783373591,0.3913330730858538,0.0799083715553824,0.1102524406362397,0.08896616360644258,-0.1664374931413884,-0.13841876510557335,0.06455255952003361,0.71735470555157,0.2254543360304934,0.011259740482724682,-0.022035944101023185,0.18161726540410994,0.28538249376036684,0.23528041937224228,0.31062708682004375
sub-15,rc6,Comedy,420.0,450.0,30,4,4,2,-0.10844774039819698,-0.32620145266297423,0.03876562635844596,0.13916800713859942,-0.1980986112001823,-0.17910669590373798,-0.11744918187485287,-0.13255332870330325,0.025555675241936304,1.926609780624216,-0.0409916974600897,-0.02890963837815014,-0.2189511308554866,-0.038261798101118565,-0.38123701703317153,-0.4438327107543743,-0.30877685304729907
sub-15,rc11,Comedy,512.0,542.0,30,3,3,1,0.3069288933964829,0.1554380221335108,0.8052556823542186,0.18906783428908774,0.18531157682000238,0.4976381099241521,0.11509739567504296,0.4015900682149681,-0.052008214125591944,1.4449573354681624,-0.0307437730950672,0.20369804112020445,0.24744655572282706,0.41696185938425956,-0.20533990028317137,-0.5297237936565923,0.08353209931946413
sub-15,uc1,Comedy,560.0,590.0,30,3,3,2,-0.13564583868940447,-0.13351141633339342,0.08542486872227686,-0.1353122677749133,-0.23951337973867548,0.04397556939109591,-0.047830207973897476,0.09399655945874422,-0.17462224747773986,1.4449573354681624,-0.0307437730950672,-0.10626277147940509,-0.09300941220444157,-0.015073936454789025,0.009615903916921952,0.05882985757371691,-0.1603182542171608
sub-15,rc12,Comedy,656.0,686.0,30,3,3,1,-0.34019676177684066,-0.3991136081821156,-0.33572035934604966,-0.039033847250982155,0.059258837872141826,-0.16746366677561536,0.03506909033461476,-0.11477408065669006,0.14778997574581335,1.4449573354681624,-0.0307437730950672,-0.11472050623106937,-0.1515429503222213,-0.11846468345861719,-0.35365221644726613,0.2591874149171179,-0.17566636343340927
sub-15,rc5,Comedy,700.0,730.0,30,3,3,2,0.08506805868755886,-0.23655571184075558,0.6045054632861873,0.1194820463718689,-0.03807372618982734,0.05917131398648233,0.12112116749479951,-0.25178862648912126,-0.02488704830308598,1.4449573354681624,-0.0307437730950672,0.1085570908514091,-0.17547268817323475,0.2129299096565279,-0.05391886163597931,0.01154085856223189,0.5919107946701124
sub-16,rc2,Comedy,108.0,138.0,30,3,3,2,-0.14430641148442197,-0.2878602282778903,-0.1783031130705165,-0.07224905915328315,-0.3335659838731531,-0.15412086146793777,-0.07941553759904543,-0.059002264095790416,0.07947608916999407,1.6825160130069132,-0.1038590131485748,-0.09865700274558353,-0.22680949208227796,-0.08431596178948672,-0.3350667512716547,-0.15065222473955187,-0.19025487053670512
sub-16,rc9,Comedy,244.0,274.0,30,3,4,3,0.03902324583597726,-0.2698708411049126,0.20378834855694655,0.15794735417122302,0.04678984376038472,0.30083654034729357,0.2211695095727193,0.14050235065240307,0.38031470221558117,1.945625512983303,0.1592504868278149,0.13938003652663988,-0.02752621556404163,0.2949798637066071,-0.5554014506110698,-0.5266103574103572,-0.4583338194181315
sub-16,uc4,Comedy,288.0,318.0,30,1,3,1,0.1804484540235804,-0.06784752937945351,-0.09298711073950898,-0.08127006975790571,0.019747668664342785,-0.2739131697724216,0.05724728771866881,0.18971086752712674,0.3763239640242464,1.087057670955084,0.4915993289032545,0.052141890661447816,0.047203668937338676,0.0031412278374385832,0.02771216059032204,-0.17811402502222579,-0.2931104306817973
sub-16,rc6,Comedy,420.0,450.0,30,3,3,2,-0.1193661527992624,-0.18785004008152656,-0.004199483397859499,0.09149363953286992,0.09734519781940403,0.4586829859820698,-0.036996825980312904,-0.1947412957814449,-0.030759618774912297,1.6825160130069132,-0.1038590131485748,-0.02162311308223513,-0.0950820460145225,0.14124129460309934,0.92615606568853,0.6653196831060949,0.790746879695283
sub-16,rc11,Comedy,512.0,542.0,30,4,4,3,-0.01575731400311124,0.00885893453300258,0.3247666502721112,0.008787986291963267,-0.011863160561919378,0.027546562817873228,0.15931157599911266,-0.21875531459271863,0.10730340570006473,2.243354684009218,-0.1384786841980998,0.050780749429321564,-0.07391984687387847,0.15320553959668307,0.24762064670606945,0.393759553589814,0.3021978836964518
sub-16,uc1,Comedy,560.0,590.0,30,3,4,2,-0.04186014955543528,0.07706317939288845,-0.20972100705132163,-0.06659904145581744,-0.24628187718102096,-0.19528785258849096,-0.18488578717043938,-0.1712620395835678,0.3354664687571653,1.945625512983303,0.1592504868278149,-0.09778165939389735,-0.11349357912390011,-0.023180796960882422,-0.3554523642940522,-0.477841599395326,-0.16805756436331187
sub-16,rc12,Comedy,656.0,686.0,30,4,4,3,-0.46073395328678507,-0.12381110324029357,-0.2414687265489448,0.0663452758202911,-0.1661050065554511,0.3185178476436601,0.15818988320559796,-0.09216185096026781,-0.02368391718262445,2.243354684009218,-0.1384786841980998,-0.07873293142029868,-0.12735932025200414,0.017788401304030293,-0.07264413720852034,-0.24433225552479887,-0.0847913045078595
sub-17,rc2,Comedy,108.0,138.0,30,2,2,2,0.20476942010635177,0.03698086640824316,0.019470322015006147,-0.21107247576272684,-0.04956188289557347,-0.2576312684689482,-0.09542936357715244,0.05432675377689043,-0.18385266216971824,1.018119369473856,0.034318630431703,-0.033910806411175824,0.013915245763186711,-0.1406712028745534,0.03561052069404788,0.021313915642572713,0.39088611472157186
sub-17,rc9,Comedy,244.0,274.0,30,3,3,2,-0.19867033401477477,-0.10919579782494951,-0.08163957917503857,0.02865363159155886,0.15026458727663122,-0.2758408332838124,0.03809077728520388,0.08361723891388792,0.33773400527911435,1.527179054210784,0.0514779456475545,-0.04397530837933734,0.04156200945518987,-0.006582135726578894,-0.5465564737994537,-0.32182354956855846,-0.6425969479430904
sub-17,uc4,Comedy,288.0,318.0,30,4,2,2,-0.0019523148365931053,0.04944049481989008,-0.005752768692083188,0.24616594994112848,0.01861071795214011,-0.019983909544560995,-0.13392759795668918,0.036241566029586204,-0.09949388727639064,1.5100197389949326,-0.4575817390893735,0.03676201238261543,0.03476425960053879,-0.04174352183767828,0.2930031538621725,-0.09869038010932889,0.17497285215985403
sub-17,rc6,Comedy,420.0,450.0,30,3,3,2,0.017302389842203347,0.06515348455862766,-0.11428446114110409,0.18052533941708387,0.1134273870870887,0.25210809070447565,0.13295021213604188,0.29455086854783075,0.2898218271976888,1.527179054210784,0.0514779456475545,0.11025931379844302,0.1577105800645157,0.14254848558702007,-0.080914362980937,0.23355455212177553,-0.20910507276894416
sub-17,rc11,Comedy,512.0,542.0,30,4,3,3,0.05676936632243129,-0.07665630433482375,0.056377601420840716,-0.2527294151300166,-0.048169736579735896,-0.08697369886498388,0.09437741248600114,0.08995904831198993,0.4578030482388683,1.7731292389713225,-0.1944722391129837,-0.03386087877386141,-0.011622330867523246,0.14240231693157504,-0.3253029792102745,-0.6115872473779124,-0.761840816754725
sub-17,uc1,Comedy,560.0,590.0,30,1,2,2,0.0047407021701293735,-0.20999789511033468,-0.018066468070423336,0.15932422120527706,0.21785623026760237,0.09143052066605317,0.07345338008579091,0.31662954091795104,-0.16968351921429092,0.7721691847133177,0.2802688151922413,0.07917276782039911,0.10816262535840623,-0.032106488872887015,0.41129213451432456,-0.015153356379139865,-0.36628156276278245
sub-17,rc12,Comedy,656.0,686.0,30,3,3,2,-0.04507227320154129,-0.14536750438205076,-0.14448662713486363,-0.20013819575566924,-0.1495449807134991,-0.24227106347761457,0.04249756568011378,-0.020805605997141322,0.08557234964006469,1.527179054210784,0.0514779456475545,-0.06757096775903225,-0.10523936369756372,-0.1003951136574712,-0.11357270929026403,0.24489597838530802,0.40261222370068495
sub-17,rc5,Comedy,700.0,730.0,30,4,4,3,-0.2663497995556303,-0.009194662426042244,0.03587601905038471,0.022820860490800808,0.13414633440418203,0.006303004485523405,0.0011781691990019548,-0.2472583553685188,0.09280516564795359,2.036238738947712,0.068637260863406,-0.08078358995527586,-0.04076889446345969,0.0449947297279539,0.16522595837187531,0.029501141560106144,0.35240359885658057
sub-17,rc3,Comedy,12.0,42.0,30,4,4,3,-0.15943361348186297,0.04247841059835357,-0.046853644631999355,0.12381908185956698,-0.02718212521950354,0.03400405172708176,0.19009999166037045,0.24075601157777798,0.003958677628845974,1.866377082315513,0.0192410008486135,0.05149515334602482,0.08535076565220936,-0.0029636384253572106,0.28194525692554956,-0.1652463510700699,-0.44401332462522264
sub-17,rc1,Comedy,108.0,138.0,30,2,3,2,0.11385411847993132,-0.16952723228657113,-0.015925279717282925,-0.12379341552484827,-0.08934324226396048,-0.2858381996632671,-0.1315398300112118,0.08685808704632231,-0.1716803008876297,1.1688908015532722,0.2453227608198226,-0.047159709018709584,-0.05733746250140311,-0.15781459342272658,-0.4668052392113447,-0.08119427082845064,-0.45958941165611494
sub-17,rc8,Comedy,200.0,230.0,30,4,3,3,0.0010823847172437117,0.0818847823445183,0.35763901347333465,-0.0508001456640272,-0.13820612872774957,-0.0002932892201215065,0.21062972781141226,0.020048472250742543,-0.0582039147436484,1.630674821919997,-0.2164612595469022,0.05363732228820959,-0.012090958044162917,0.09971393650318826,0.412378026547221,0.24602779893896948,0.26650867032771614
sub-17,uc3,Comedy,244.0,274.0,30,2,3,2,-0.02067129040543624,-0.08920302019743034,0.23705058874479393,0.050319847521654595,-0.11472170727364124,0.11888475525516506,0.15436960463283453,0.08362565072636843,0.19923200366807275,1.1688908015532722,0.2453227608198226,0.06133938724968429,-0.040099692248234384,0.18505578255601057,-0.6770920444743425,-0.4809805854788538,-0.31848194945759034
sub-17,rc4,Comedy,332.0,362.0,30,4,3,4,-0.23499514300746208,-0.13541973280316064,-0.14996177315524084,0.034835052471146655,-0.039738429132942406,-0.1860249985418549,-0.06273759983078474,-0.36879972644520537,-0.16225687491047586,1.630674821919997,-0.2164612595469022,-0.08763256345570004,-0.1813192961271028,-0.1660812155358572,0.15750669957808527,-0.2571658133908284,0.12133960129518409
sub-17,uc2,Comedy,428.0,458.0,30,2,3,2,0.10189011223246022,0.024351245140512325,-0.2094449707887907,0.09154145921662273,0.18642945689043952,0.40604258460157966,0.21809199386946623,0.3063239868051432,0.11842494601323532,1.1688908015532722,0.2453227608198226,0.13717452177284972,0.17236822961203171,0.10500751994200813,-0.007466322790864871,-0.020587022027563268,-0.19604267878106008
sub-17,rc10,Comedy,568.0,598.0,30,3,2,2,0.2975475820838625,0.022659095233061987,0.1896582571395164,0.4324636255126685,0.1897917111879559,0.45201809197694737,0.1905860967192583,-0.05266355471490428,0.4442094493057235,1.164080551341119,-0.2212715097590556,0.30686576810526306,0.05326241723537121,0.3619619328073957,-0.13847626512571812,0.23657629481448667,0.002763766929810938
sub-17,rc7,Comedy,660.0,690.0,30,2,3,1,-0.12727455997423742,-0.11968890043665241,-0.18443120755708325,-0.18692659734998382,-0.07760366016061873,-0.12724611324672147,0.018150403694184032,0.06424938841307716,0.14114058212677075,1.1688908015532722,0.2453227608198226,-0.09868358454334573,-0.044347724061398,-0.05684557955901131,0.30982032453188435,0.35364091849715124,0.14509149086344447
sub-18,rc2,Comedy,108.0,138.0,30,4,3,2,0.08029227271480026,-0.08442182607644663,-0.07854982893808166,0.05473729315520546,-0.07229649342381197,-0.35912920649886004,-0.26798240471877116,-0.16957207144037795,-0.33998067974702295,1.5065787442407137,-0.2011508405117028,-0.04431761294958848,-0.10876346364687883,-0.25921990506132153,0.2520589648114826,0.22563370784778256,0.5799238466944842
sub-18,rc9,Comedy,244.0,274.0,30,2,2,2,-0.05963289552255489,-0.003221144235201756,0.12282240679239001,-0.006197636854371899,-0.15501640563447164,0.016451479167539907,0.20023203078347224,0.13197092072700145,0.13101320819868473,0.8620750307644409,0.0082102383882328,0.044800499468848475,-0.008755543047557334,0.09009569805287156,-0.33180965730188683,-0.25630176822390427,0.15936289617154026
sub-18,uc4,Comedy,288.0,318.0,30,3,4,2,0.14708820238353176,0.030603331327487927,0.12721019041868586,-0.16130940998106444,0.03274057542015799,0.2962402872011655,-0.02466551762812403,-0.06216350874448735,-0.08582941191122903,1.51068386343483,0.2298866748705176,-0.012962241741885566,0.0003934660010528529,0.11254035523620744,-0.054134566604302006,-0.5018709220622505,0.29526263479476017
sub-18,rc6,Comedy,420.0,450.0,30,3,4,3,0.0813289715650338,-0.0076691919631023,-0.015609991957998434,-0.2339273677442988,-0.13972075253894398,-0.26004659218509324,0.04136459855387113,0.061579327720222475,-0.12293942924346331,1.51068386343483,0.2298866748705176,-0.037077932541797955,-0.028603538927274606,-0.13286533779551837,0.13136383767201795,0.5604013862100593,0.5915271654712763
sub-18,rc11,Comedy,512.0,542.0,30,2,2,1,-0.11730635405927506,-0.14967224786573932,-0.15487696082336372,-0.07351429362279324,-0.06705601503745279,-0.055063590638756946,-0.09511120210303138,-0.026366290169451977,-0.044676585816095425,0.8620750307644409,0.0082102383882328,-0.09531061659503322,-0.08103151769088135,-0.08487237909273869,0.38118712452595543,0.3931700481108406,0.7912145884676547
sub-18,uc1,Comedy,560.0,590.0,30,2,3,2,-0.011081115304057958,-0.1068430661127607,-0.049010718963392395,0.12808167796559838,0.08272941943530117,-0.0219361795325009,0.05101660526511422,0.05249401887073616,0.168300084568786,1.0796463480526095,0.2257815556764013,0.056005722642218224,0.00946012406442554,0.03245106202429757,0.1448125176637195,0.31722549154175855,-0.19766292512100517
sub-18,rc12,Comedy,656.0,686.0,30,4,4,3,-0.009108534823854254,-0.12760404310729792,-0.2930900262297339,-0.1463787675033259,-0.2585991039923622,-0.3928596157193006,-0.06037912253556371,-0.0897846399785057,-0.11825239214887329,1.7241500615288818,0.0164204767764656,-0.07195547495424795,-0.15866259569272195,-0.2680673446993026,0.22763004652022706,0.09708953959100698,0.41490411402243227
sub-18,rc5,Comedy,700.0,730.0,30,3,4,2,0.18225293348620827,0.20365495373776765,0.26321789790102235,-0.2748908764158179,0.008207979856201655,-0.11389156373365487,0.2007301908336912,-0.24930290736440625,-0.34951121023753534,1.51068386343483,0.2298866748705176,0.03603074930136055,-0.012479991256812328,-0.0667282920233893,0.19210452026967356,0.07273311990968742,0.3569560776530038
sub-18,rc1,Comedy,108.0,138.0,30,1,2,1,-0.2844149980848345,-0.04551121307733329,-0.1594161429438165,-0.013703065546804057,-0.029807795920891715,0.1313886169985337,0.254228192002486,0.007804092895292447,0.21375788471548257,0.7602096619871183,0.2683092924660417,-0.014629957209717515,-0.022504972034310854,0.0619101195900666,0.43291746431939054,0.973305039650194,0.6002353061328389
sub-18,rc8,Comedy,200.0,230.0,30,3,3,2,-0.128521226602003,-0.10528487865267952,-0.30836415441835047,-0.09112605633777256,0.006483171584940802,-0.11414535307191309,0.11379661238519448,0.21213267181631057,0.24393280510828558,1.5092397701214848,0.0335386615582551,-0.03528355685152704,0.03777698824952396,-0.05952556746065931,-0.03653679382609674,0.8204703123544588,0.33579164328003247
sub-18,uc3,Comedy,244.0,274.0,30,3,3,1,-0.07429522756872033,-0.19405727075347418,-0.04656233108131289,0.07656374711144787,0.16863059397696495,-0.463587500631116,-0.23107766372892263,-0.37486635080322633,-0.28407351562200156,1.5092397701214848,0.0335386615582551,-0.07626971472873169,-0.1334310091932452,-0.2647411157781435,-0.09207907964900695,0.26930224100354355,0.0014439906460319073
sub-18,rc4,Comedy,332.0,362.0,30,1,3,1,0.16166572190090922,0.05192917964536522,0.09719894942044208,-0.004197008115456322,-0.19020824365425162,0.175508196158533,-0.24495333083741277,0.08363082433246351,-0.35349357269374926,1.0173394006004082,0.5254390310793317,-0.029161539017319955,-0.018216079892140972,-0.026928809038258054,-0.12660779930067453,0.0959101426121425,-0.07884683213844677
sub-18,uc2,Comedy,428.0,458.0,30,1,2,1,0.12545339081249443,0.1241428300522824,0.04257875424853345,0.17631343209951403,0.21366743855105277,0.2009733715987559,0.07237379978184985,-0.13297360699338776,0.04968652175476077,0.7602096619871183,0.2683092924660417,0.12471354089795277,0.06827888720331579,0.09774621586735005,-0.06777198788777021,0.09686971876674338,-0.22793360252419698
sub-18,rc10,Comedy,568.0,598.0,30,2,2,1,-0.27305443102043847,-0.061451299730824506,-0.4361443906073725,0.08312097682327811,0.03374769593923103,0.35137979333612335,0.059294101812503205,0.11527191111514967,0.2689839604339512,1.0061598467476565,0.0223591077055035,-0.04354645079488571,0.029189435774518734,0.06140645438756735,-0.35827608256760385,0.027589413609549744,-0.27340641300711876
sub-18,rc7,Comedy,660.0,690.0,30,1,2,1,0.053671554856684324,-0.031228994720019998,0.12643417449494573,-0.19728471339728348,-0.267849734969729,-0.24341444116021987,0.06660322855213403,-0.08562739954533424,0.16373340824251031,0.7602096619871183,0.2683092924660417,-0.025669976662821708,-0.12823537641169444,0.015584380525745383,0.2046232494819894,0.3935617331293907,0.2711049722068588
sub-19,rc3,Comedy,12.0,42.0,30,3,4,2,0.3121340195373966,0.4584238609935139,0.6430985219083744,-0.28216667068366225,0.08335716284072228,-0.41057288463673747,-0.15083894954628313,-0.22631916064789576,-0.2942656701535178,1.5065787442407137,0.2011508405117028,-0.04029053356418292,0.10515395439544681,-0.02058001096062693,0.2585881428020136,0.1176460513210725,0.03637781464207495
sub-19,rc1,Comedy,108.0,138.0,30,3,3,2,0.08793717291017988,-0.2674149172151381,-0.12059657254559782,-0.4033344113073509,-0.230197637543069,-0.5770059212818213,-0.5149985812576596,-0.14556484152651378,-0.5414033391494412,1.2931125461466615,-0.0123153575823491,-0.2767986065516103,-0.21439246542824025,-0.4130019443256201,-0.07930377967863428,0.1531870382315535,-0.25412698571388664
sub-19,rc8,Comedy,200.0,230.0,30,4,4,4,-0.6447854511549225,-0.7057446565443353,-1.2286755602957498,-0.26395203794031774,-0.3584206587294055,-0.502127418014885,0.32114976098556147,0.5103814010611873,0.16798677128188327,1.7241500615288818,-0.0164204767764656,-0.1958625760365596,-0.18459463807085114,-0.5209387356762507,0.13050314964600412,0.3566213933862937,-0.060987717100130054
sub-19,uc3,Comedy,244.0,274.0,30,4,4,2,0.14468345703029878,0.05232594092587295,1.1466792486649688,-0.16300038711826959,-0.2604707067204457,0.6412732293754395,0.20546177029120472,0.1501113918639018,0.3215369183100637,1.7241500615288818,-0.0164204767764656,0.06238161340107797,-0.019344457976890318,0.703163132116824,-0.3234143984623872,-0.050718835513551906,0.32918462937097553
sub-19,rc4,Comedy,332.0,362.0,30,3,3,2,0.07752303934781582,0.24506060147925907,0.4066380055634758,-0.0347633622438083,-0.24450495946619238,0.3952920520332757,0.31672164066799346,0.41214693692103505,0.6408966908622917,1.2931125461466615,-0.0123153575823491,0.11982710592400034,0.1375675263113673,0.48094224948634773,0.1487263198103359,0.41593263219799653,0.15146159473313758
sub-19,uc2,Comedy,428.0,458.0,30,4,4,2,0.4109193274410714,0.23673559207350525,1.1069956118163742,0.11489468840535944,-0.046406768740953994,0.8109445342317395,0.08402784931294152,-0.03534419014516605,-0.07558552971996521,1.7241500615288818,-0.0164204767764656,0.20328062171979072,0.05166154439579505,0.6141182054427161,0.10916277601923062,0.47370902764130784,0.41564791943274654
sub-19,rc10,Comedy,568.0,598.0,30,4,4,2,-0.15792954117635033,-0.24048331500270556,0.31773140263295996,0.32951231528332336,0.16970687836226533,0.9553049733387002,0.037001952138594314,-0.12992023098658578,0.5650516700469475,1.7241500615288818,-0.0164204767764656,0.06952824208185578,-0.06689888920900869,0.6126960153395359,-0.41582356092679734,-0.23032602329955015,0.0030815445238330562
sub-19,rc7,Comedy,660.0,690.0,30,4,4,2,-0.12037550050035888,0.14893818271143827,0.2328113656274707,0.036711580614362915,-0.23777358652840802,0.24879340320083204,-0.19028420533851054,-0.10621480526786672,-0.11472034052599125,1.7241500615288818,-0.0164204767764656,-0.09131604174150217,-0.06501673636161216,0.12229480943410385,0.16479477848025642,0.3421951105365677,0.09687884456391146
sub-21,rc2,Comedy,108.0,138.0,30,3,4,2,0.1813737685894958,0.1106285874579273,0.24852366797107434,-0.12193430578659392,-0.18247725165865278,-0.33226695841526277,-0.0025893163920595206,-0.05191315892905268,-0.11732020474809968,1.7846028287089055,0.3703892663358105,0.01895004880361412,-0.04125394104325939,-0.06702116506409604,0.5154409869751998,0.5576037833328804,0.25326503847191584
sub-21,rc9,Comedy,244.0,274.0,30,2,3,2,-0.039920656706306915,0.2117858032126254,0.1258117698531847,-0.05784560999818996,-0.06525274357922556,-0.3173052218971164,-0.04938551298687536,-0.12710123511601096,-0.007377708948956096,1.2795265564328,0.3367175148507368,-0.04905059323045742,0.006477274839129632,-0.06629038699762925,0.1301018334234962,0.9259240679623374,0.6512158202770869
sub-21,uc4,Comedy,288.0,318.0,30,2,3,2,0.09591226877516197,0.15236641412466076,0.25497493131499693,0.12448419893919065,-0.16442773731290136,0.5530164865537694,-0.027116178770403683,0.10154013711075804,0.3717232520724745,1.2795265564328,0.3367175148507368,0.0644267629813163,0.02982627130750583,0.39323822331374697,0.11481270524748766,0.22356202716863635,0.11423387042290621
sub-21,rc6,Comedy,420.0,450.0,30,4,4,2,0.025474977941852363,0.2792729087204002,0.1326445643455656,0.0114525387576544,0.05938970058662836,0.13117204959236844,0.07274669986111068,-0.2915770264154808,-0.16513888355138925,2.020305089104421,0.1346870059402947,0.03655807218687248,0.015695194297182597,0.03289257679551492,-0.4962119105240758,0.5698411473819216,0.4046029892252379
sub-21,rc11,Comedy,512.0,542.0,30,2,4,1,0.025718392430751035,0.13788438194421312,0.4635934654206711,0.042611368481882836,-0.1564213075986604,0.12320676787199876,0.07852006479130295,-0.09114469714337745,0.14969466511980595,1.5489005683133896,0.6060915267313264,0.04894994190131228,-0.03656054093260823,0.24549829947082522,0.4132751399640773,0.87435150519096,0.8510878605530627
sub-21,uc1,Comedy,560.0,590.0,30,2,3,1,-0.23745236553387014,-0.2073514035162342,0.03157744170065725,-0.06420414511805028,-0.24332511784372773,-0.07054076619784076,0.06436248487147228,-0.17394919763407887,-0.058789956972115934,1.2795265564328,0.3367175148507368,-0.0790980085934827,-0.2082085729980136,-0.03258442715643314,0.49156803508493574,0.4384409165204324,0.41217888362106714
sub-21,rc12,Comedy,656.0,686.0,30,2,4,2,-0.1089738944904705,0.20080451543587846,0.5128738721779621,-0.017787558314032156,-0.05914870845741712,0.17175529192128608,-0.013312795017284157,-0.05458194653207578,0.02299158064011852,1.5489005683133896,0.6060915267313264,-0.0466914159405956,0.02902462014879519,0.23587358157978897,-0.1499171016265548,-0.029761587999986388,-0.09524800189321085
sub-21,rc5,Comedy,700.0,730.0,30,3,4,2,-0.1435683122964827,0.1363007951019829,0.15297431833079406,-0.09030929562527559,-0.11812136946835364,-0.20376466242955577,0.147255337251774,0.03985504106363595,-0.0968555334208789,1.7846028287089055,0.3703892663358105,-0.028874090223328104,0.019344822232421743,-0.049215292506546875,0.031926790139668884,0.4724655969356472,1.0749261072979224
sub-21,rc3,Comedy,12.0,42.0,30,3,4,2,-0.06646340723220541,0.02192568799058172,-0.08875136033519575,0.16743482782482288,0.06574462453947905,0.1738274867646712,0.07567433398844174,-0.1683317140993717,-0.5423802110517002,2.011325955375068,0.502831488843767,0.05888191819368641,-0.026887133856436984,-0.15243469487407496,-0.17311474003530772,-0.28647148805327916,-0.07837814272558295
sub-21,rc1,Comedy,108.0,138.0,30,2,3,2,0.01060796812189253,-8.017709512105897e-05,-0.22172552869338288,-0.09647677248778844,-0.20679648414089552,-0.23885545483833423,0.15299558696088605,-0.28370903976327644,-0.09951582598785477,1.4456405304258302,0.4399775527382961,0.02237559419833005,-0.1635285669997643,-0.18669893650652397,-0.2701424435170006,0.13556183754182155,0.2665005531711669
sub-21,rc8,Comedy,200.0,230.0,30,1,3,2,0.006761437297360245,-0.025898042409411515,0.6836433330248641,0.0537962335219927,-0.5075268511779528,-0.2350611193117329,0.29042691505538587,-0.2090173025588294,-0.019129311601595776,1.1942247860039468,0.6913932971601796,0.11699486195824628,-0.24748073204873122,0.14315096737051178,0.18919124731084302,0.1428456063954783,0.05239561029895798
sub-21,uc3,Comedy,244.0,274.0,30,3,4,2,-0.02327347186319015,0.27746349163966116,0.2876538631997595,-0.17564356078098808,-0.1680025553277878,-0.3324873551247788,-0.13185851419108768,-0.19292231706472843,-0.3178500578493405,2.011325955375068,0.502831488843767,-0.1102585156117553,-0.02782046025095168,-0.12089451659145324,-0.16799094012815632,0.41029283508170356,0.21911866276915212
sub-21,rc4,Comedy,332.0,362.0,30,1,2,1,-0.281507433551456,-0.12046706495564181,-0.3418721743385327,-0.2469332744366221,-0.5733995554775188,-0.36388610987788894,-0.21286462691927266,-0.5634013396044572,-0.33537043523859483,0.8799551054765924,0.3771236166328252,-0.24710177830245025,-0.41908932001253935,-0.34704290648500546,0.6271439598850697,-0.018187237934852666,0.15000398780536597
sub-21,uc2,Comedy,428.0,458.0,30,2,3,2,-0.07754975679183462,0.11836906258400548,0.1571195350418742,-0.08741785390271432,-0.22534766110785137,-0.23784983017382028,-0.14475316593420892,-0.2428620552719159,-0.2930170555867985,1.4456405304258302,0.4399775527382961,-0.10324025887625264,-0.11661355126525393,-0.12458245023958155,0.25833488385971215,0.8488738303073898,0.36584078422459315
sub-21,rc10,Comedy,568.0,598.0,30,2,3,2,-0.3097184477611382,-0.27928985223551517,-0.17780470993897085,-0.021419475158659263,-0.14472262055035737,-0.11538032777826537,-0.00023084454708397484,-0.19062896321308936,-0.18409974064366277,1.4456405304258302,0.4399775527382961,-0.11045625582229378,-0.20488047866632067,-0.15909492612029968,-0.25457091332586684,0.4793047345955862,0.2428013719339455
sub-21,rc7,Comedy,660.0,690.0,30,1,3,1,0.16837146503822664,0.08349856264355263,0.20073218276797902,0.09051676198994965,-0.22775856637467556,-0.13663284352750066,-0.02148433488079086,-0.18357175533492606,-0.22050859538384895,1.1942247860039468,0.6913932971601796,0.07913463071579516,-0.10927725302201635,-0.05213641871445686,-0.310344886842642,0.09586700487754678,-0.16430968943058477
sub-22,rc2,Comedy,108.0,138.0,30,4,3,3,-0.04392106726123116,0.0002733664529651625,0.49647475728104407,-0.23349305128140857,-0.1871189533914393,-0.49180889460327737,0.004181429964734085,-0.04524462729087002,-0.15690210893700451,1.9948237636562576,-0.1601683313884585,-0.09107756285930188,-0.0773634047431147,-0.05074541541974594,-0.0556551660751059,0.20738330585030806,0.24377967009468668
sub-22,rc9,Comedy,244.0,274.0,30,2,2,1,-0.11068691180648546,-0.3424660757029903,0.1643979095562154,-0.11682442617474753,-0.24645165615719017,0.07849220635794052,-0.1499231843710328,-0.039783955710521866,-0.21185600317475428,1.150299834517112,0.0728037869947539,-0.12581150745075526,-0.2095672291902341,0.010344704246467207,0.07424061262532007,-0.12906256041909692,-0.04428306457817302
sub-22,uc4,Comedy,288.0,318.0,30,4,2,2,0.2718055711176116,0.19020235825556586,0.7485702892301401,-0.13909218009234636,-0.24557025270848717,-0.16625083471211316,-0.1844100616475528,-0.17518209290813436,0.01400008634606873,1.689047858278291,-0.465944236766425,-0.017232223540762544,-0.07684999578701857,0.1987731802880319,-0.28574326436473874,-0.3413696077395569,-0.1786238619447497
sub-22,rc6,Comedy,420.0,450.0,30,2,2,2,-0.2892543881425251,-0.061400804441831956,-0.2640770658103613,-0.2017483471183036,-0.3343046673859234,-0.3287820236426561,-0.10331715209121291,-0.34492856947600303,-0.2293016817148718,1.150299834517112,0.0728037869947539,-0.19810662911734722,-0.24687801376791946,-0.2740535903892964,-0.3752953874142667,0.15373273154033643,-0.3243496553674484
sub-22,rc11,Comedy,512.0,542.0,30,4,4,2,0.011054711134749904,0.29839602686438793,-0.11912417910816905,-0.21418289803726148,-0.6317602737652986,-0.5933105814853462,-0.13650096925473104,-0.49872011486252915,-0.360676829326823,2.300599669034224,0.1456075739895079,-0.11320971871908085,-0.2773614539211467,-0.35770386330677933,-0.3657566084205821,0.1145161141816466,0.12038891211243503
sub-22,uc1,Comedy,560.0,590.0,30,2,2,2,-0.13315201486123754,-0.04292276238553849,0.547947012608363,-0.34758172218664657,-0.45718235079751607,-0.018613221182029537,-0.06577338462301086,-0.23674560106201037,-0.3556329491566797,1.150299834517112,0.0728037869947539,-0.182169040556965,-0.24561690474835499,0.05790028075655123,-0.23394510599905605,-0.20950288757516836,0.1827003889816746
sub-22,rc12,Comedy,656.0,686.0,30,2,3,2,-0.12478432185770387,-0.318542412447943,-0.3451712703044731,-0.08377802053268904,0.0863023951867719,-0.09874779107181293,0.11882559047328731,-0.13757390878407358,0.050459697218095886,1.4560757398950783,0.3785796923727205,-0.029912250639035222,-0.12327130868174825,-0.13115312138606336,0.2634487968099521,0.2655080180929069,-0.14997046184335172
sub-22,rc5,Comedy,700.0,730.0,30,4,1,4,0.08625259156863815,0.14304035253105493,0.36576160730795926,0.08675626430041093,-0.033798883116171755,-0.16124989881508567,-0.18866401929350282,-0.26268965228363894,-0.057993135790444426,1.3832719529003246,-0.7717201421443916,-0.005218387808151259,-0.051149394289585225,0.048839524234143075,-0.3333945015905605,-0.05782422377106162,0.11590639748592976
sub-23,rc2,Comedy,108.0,138.0,30,3,2,1,0.10788820383215587,0.26257384544787415,0.2818978977731442,-0.19794890214345567,0.02207982263574862,-0.051050897816274365,0.09757088449727849,0.0347263252801073,-0.006098352764716463,1.4830131410831373,-0.3516422911846614,0.002503395395326243,0.10645999778791003,0.0749162157307178,0.1916595303127167,0.3636000912409637,0.5854606311962258
sub-23,rc9,Comedy,244.0,274.0,30,3,3,1,-0.23412276875990848,-0.023220244612269753,-0.2133109219352364,0.037743750191509835,0.006330500678006346,0.3278413165279223,0.14333165476528595,0.052056735307727364,0.017053639895379842,1.7658558535577566,-0.0687995787100425,-0.017682454601037546,0.011722330457821317,0.043861344829355255,0.38880554886542357,0.17149858831295764,0.2665874315551816
sub-23,uc4,Comedy,288.0,318.0,30,2,2,1,-0.008433497437873676,0.035020980106978024,-0.0029180852877448093,-0.23646593635592333,-0.16755406089260125,-0.5627535224471024,-0.11520750764063195,-0.19509445863548172,0.16909557647176243,1.177237235705171,-0.0458663858066949,-0.12003564714480967,-0.10920917980703498,-0.13219201042102824,-0.28814173241124447,0.06042695881057591,-0.23064229757356736
sub-23,rc6,Comedy,420.0,450.0,30,2,2,1,-0.0111607286715174,0.33336447873692726,-0.0007526158742876099,-0.04068101079845345,-0.0334155197823397,0.26017659271498494,-0.13781806938600077,0.034628064032898254,0.22318319033901565,1.177237235705171,-0.0458663858066949,-0.06321993628532388,0.11152567432916191,0.16086905572657098,0.0816259920471811,0.6119509758629882,-0.10337862918699897
sub-23,rc11,Comedy,512.0,542.0,30,4,3,1,-0.10264985989900215,0.264981776091084,-0.1398763685089801,0.21714322583493667,-0.2866327592258398,0.3738768552317422,0.041889818048439054,-0.20788064944079987,0.3870523397842314,2.071631758935723,-0.374575484088009,0.052127727994791186,-0.07651054419185191,0.20701760883566453,-0.44904829387835815,0.08298932272278622,-0.6745206722648129
sub-23,uc1,Comedy,560.0,590.0,30,2,2,2,0.04524575609166773,-0.1365452180911359,-0.03890409010757532,-0.21832564494566045,-0.12525372871850501,-0.13234330328244553,0.018998332931861074,0.08121554649745497,-0.4365886002815847,1.177237235705171,-0.0458663858066949,-0.051360518640710555,-0.06019446677072867,-0.20261199789053522,0.25077945209373514,0.39851064941111264,0.5256250023346337
sub-23,rc12,Comedy,656.0,686.0,30,4,3,1,-0.181465033172881,0.024755449524045403,-0.021941459767986376,-0.22992274769913754,-0.009546204128301579,-0.0788052194351286,0.05132764478437043,0.024007406940365118,0.1291085613995083,2.071631758935723,-0.374575484088009,-0.12002004536254937,0.01307221744536965,0.009453960732131107,-0.19351271043701973,0.08612976256873792,-0.24997970482477447
sub-23,rc5,Comedy,700.0,730.0,30,2,3,2,0.004192196839223328,-0.17235172111019287,0.20013479777289875,0.23102955183410107,0.0514155924512122,-0.07164144665354218,0.0319024978889614,-0.26384902856644554,-0.016793827105943366,1.46007994817979,0.2369763266679239,0.08904141552076193,-0.12826171907514208,0.03723317467113774,-0.25124668458913746,-0.30298646011559305,0.19855156019295003
sub-23,rc3,Comedy,12.0,42.0,30,2,3,1,-0.16518306155237342,-0.025328169337815575,0.05146747490515231,0.039003806137072716,-0.32694657734630506,-0.3286360880419258,-0.14566040062216135,-0.1580202485227414,-0.21064442855607704,1.3829410265958029,0.1598374050839369,-0.090613218679154,-0.1700983317356207,-0.16260434723095016,0.10968058714560443,0.3796774451854625,0.1278268445519808
sub-23,rc1,Comedy,108.0,138.0,30,3,2,1,0.04004872799924545,-0.031735556701933926,0.05938085893334477,0.1230078747747269,0.09624131493916559,0.148366679197309,0.12500194540947795,0.3788865313986238,0.22385742255606714,1.4315871933604796,-0.4030682389073194,0.0960195160611501,0.14779742987861852,0.14386832022890694,-0.396163965105404,-0.04653356002805948,-0.30725890403604045
sub-23,rc8,Comedy,200.0,230.0,30,2,3,1,0.05117593904558341,-0.06699135353478866,-0.05224783872336954,-0.21641268205593273,-0.06794698381299108,-0.1540836658314617,-0.0007869718824190741,0.2237534982353513,0.10840376138320948,1.3829410265958029,0.1598374050839369,-0.05534123829758943,0.029605053629190522,-0.03264258105720726,0.16125779584360575,0.12721505470195177,0.21401938120102745
sub-23,uc3,Comedy,244.0,274.0,30,1,3,1,-0.30706888991513026,-0.23066063737296685,-0.0499254450291452,0.2324576284622532,0.03457365397214539,-0.1371023892076248,-0.20605090015774294,-0.20306556092025643,-0.2149757270192346,1.0771651212178364,0.4656133104619034,-0.09355405387020668,-0.13305084810702597,-0.13400118708533484,0.23222519612942813,0.4216497096557447,0.23688762030364247
sub-23,rc4,Comedy,332.0,362.0,30,1,3,1,0.05074776579979269,-0.036836895509319144,0.08251592581578197,0.15393956870685388,-0.24152542401687954,-0.03950163313678348,-0.32022199724831124,-0.33662525711058944,-0.6169210135783622,1.0771651212178364,0.4656133104619034,-0.03851155424722155,-0.2049958588789294,-0.1913022402997879,0.3630713894950533,0.49703367349435945,0.08879648918313923
sub-23,uc2,Comedy,428.0,458.0,30,3,3,2,-0.256767881634416,-0.4344176568314369,-0.29318060324487705,-0.1313112702505787,-0.015126433093906155,0.05732295432673542,0.35083352997829415,0.4087959974307803,0.7538726004211709,1.6887169319737694,-0.1459385002940295,-0.012415207302233526,-0.013582697498187583,0.17267165050100974,0.20065707258449345,-0.206221257119279,0.2581001737185943
sub-23,rc10,Comedy,568.0,598.0,30,3,3,1,0.15822869957166655,4.238445202838226e-05,0.015138943406869828,-0.36414918728295415,-0.18474147653766507,-0.2761831946526344,-0.2420394192616056,-0.20863531998174684,-0.07198473296815706,1.6887169319737694,-0.1459385002940295,-0.14931996899096442,-0.13111147068912782,-0.11100966140464054,-0.215014328985772,0.4322888585907841,-0.15417427382210785
sub-23,rc7,Comedy,660.0,690.0,30,3,3,1,-0.0270578132752074,-0.12852282089553335,-0.3302295775922526,-0.0092979419556457,0.038189919215037185,0.061454319030911655,0.15333734050662043,0.0348981622318054,0.24639774763918582,1.6887169319737694,-0.1459385002940295,0.038993861758589106,-0.018478246482896924,-0.007459170307385031,0.41441698775931796,0.09855404460792061,0.22413670463095847
