Participant,Trailer,Type,Onset,Offset,Duration,W_score,A_score,F_score,NAcc_onset,AIns_onset,MPFC_onset,NAcc_middle,AIns_middle,MPFC_middle,NAcc_offset,AIns_offset,MPFC_offset,Pos_arousal,Neg_arousal
sub-01,rh6,Horror,12.0,42.0,30,2,2,3,0.06402750175137914,-0.012821654131560362,-0.10407879054931324,-0.15638857284281976,-0.2757691509971324,0.09863056236502545,-0.03635265597023716,0.021953162181907983,-0.01576966750969001,1.052437999905559,0.0
sub-01,uh1,Horror,60.0,90.0,30,4,2,2,0.19591137013726723,-0.15306449694044244,0.17562855834653948,0.053054288892483446,-0.19195538439401041,0.004097453695394682,0.2768478685265678,0.08407838873891056,0.35838529939144487,1.5786569998583386,-0.5262189999527795
sub-01,rc2,Comedy,108.0,138.0,30,4,4,2,-0.1829033742300655,-0.04890205701607144,0.18699846155393932,0.2615589867210633,0.2457977979768709,0.5545634889897383,0.2172034792858261,0.06489070984090753,0.1120843874438221,2.104875999811118,0.0
sub-01,rh2,Horror,152.0,182.0,30,2,3,3,-0.18286306575123495,-0.18566063601781613,-0.18856071811095573,-0.21882658084418524,-0.16915219769356676,-0.38789959993623835,0.1313257309240568,0.1899668166700361,0.22955983035211908,1.3155474998819487,0.2631094999763897
sub-01,rh1,Horror,196.0,226.0,30,1,2,3,0.12213470532364648,0.3865321535862013,0.41001300999868046,-0.017498084058617185,-0.08732723440932252,-0.06502988857709008,-0.07438698281864915,-0.14682709250219492,0.35883610656092296,0.7893284999291693,0.2631094999763897
sub-01,rc9,Comedy,244.0,274.0,30,1,1,1,0.006867345552251958,0.13025733629453112,-0.2599455727678794,-0.055856935602220034,-0.23196367880567367,-0.3133497283615085,0.0012288920593745035,0.277979944122937,0.5902746442477186,0.5262189999527795,0.0
sub-01,uc4,Comedy,288.0,318.0,30,2,3,1,-0.11121556756439308,-0.2815118189666667,-0.27692521198762626,-0.2956863741532086,-0.30835317464004164,-0.4407721280187643,-0.2010875233847586,-0.2178080702060799,-0.35253665478465473,1.3155474998819487,0.2631094999763897
sub-01,rh9,Horror,332.0,362.0,30,3,3,3,0.2086154482056076,-0.07216774260334036,0.1992109244171714,0.361712271683503,0.1595812096860918,0.2261459743333881,0.1093287902583084,0.15032492322985666,0.06664471668764282,1.5786569998583386,0.0
sub-01,uh2,Horror,376.0,406.0,30,1,2,4,0.010735033794976137,-0.1960955172100971,0.44006267266551147,0.2022113855340522,0.07160668797982829,0.3193513039256647,-0.17514517829407242,-0.2234801162227066,0.23453606467221352,0.7893284999291693,0.2631094999763897
sub-01,rc6,Comedy,420.0,450.0,30,4,4,2,0.20699598893546814,0.06471852923349346,0.829382671514522,-0.20726463183060292,-0.44694667652900166,-0.28183792011012965,0.06411727510229012,0.10650130588413198,-0.12363162043771507,2.104875999811118,0.0
sub-01,rh3,Horror,468.0,498.0,30,3,3,3,0.11915138363699718,0.3183865864755856,0.15877786190386786,0.02054995522952578,-0.09937183075048808,0.04356499427985485,-0.24674877800180792,-0.3979074386783631,-0.5526466478895417,1.5786569998583386,0.0
sub-01,rc11,Comedy,512.0,542.0,30,4,4,2,0.24779343450250052,0.39693760293039176,0.28618864833574614,-0.1579886016221616,-0.2965459633596591,-0.5279200402062483,-0.0546717804133746,-0.07051555709449649,-0.3034903593817594,2.104875999811118,0.0
sub-01,uc1,Comedy,560.0,590.0,30,3,3,2,-0.17685654382932925,-0.22359337987409572,0.17694223062092396,-0.03061617343364865,-0.23681795726864338,-0.452474700487728,0.006502972113927419,0.1870949784549313,-0.3431694484179743,1.5786569998583386,0.0
sub-01,rh11,Horror,608.0,638.0,30,4,2,4,-0.12721530510246826,0.16245347953842612,0.12046378199927428,-0.17977350192323666,0.049913267258247976,-0.0918567647762229,-0.12980337218302473,0.15362067349226913,0.014717864259524802,1.5786569998583386,-0.5262189999527795
sub-01,rc12,Comedy,656.0,686.0,30,2,3,1,-0.10755096252522181,0.0617123646804865,-0.2785323746281871,0.10281459020332291,-0.3130043875776311,0.3263354983979604,0.09869716421888566,0.04923208139653716,0.4642022144228948,1.3155474998819487,0.2631094999763897
sub-01,rc5,Comedy,700.0,730.0,30,3,2,1,0.3059018992508,-0.05456071209161365,0.5051379524285229,0.0856562143323707,0.01892589163097809,-0.2249052604362894,-0.05239329551675853,0.03149606962608682,-0.5181903517953659,1.3155474998819487,-0.2631094999763897
sub-01,rc3,Comedy,12.0,42.0,30,2,3,1,0.11335037397949395,0.16203182472701622,0.19088045221737268,-0.24108809169060957,-0.21778768072934573,-0.2318351554762826,-0.028970237548957584,0.028823474917158264,-0.027290223201383947,1.608709133888276,0.4483287750180441
sub-01,rh12,Horror,60.0,90.0,30,2,1,4,-0.09150508026288143,0.028627117021145194,0.09456314798878204,0.049948535208125554,-0.5019668872363312,-0.5579948648007624,0.18326053922786598,0.39339594823640256,0.09931166762437141,0.9230298309195024,-0.2373505279507292
sub-01,rc1,Comedy,108.0,138.0,30,3,3,2,-0.0431221007680927,-0.08061608130080795,-0.1962261714362556,0.24534740310902414,-0.07176009357275637,-0.10805619334272236,0.19118567153102609,0.30409199152551747,0.41354530081632446,1.8988042236058336,0.1582336853004861
sub-01,rh7,Horror,152.0,182.0,30,4,3,4,-0.5545738096822986,-0.8419495480233661,-0.5761593773331255,-0.33751197541102046,0.037519792584603404,-0.031142191244059925,0.10049663691217318,-0.052358957708464424,0.2850177898298943,2.188899313323392,-0.1318614044170717
sub-01,rc8,Comedy,200.0,230.0,30,3,3,1,0.09908735833746775,-0.12192322997912233,-0.22707875959194554,0.08702916764793545,0.12047098514158557,0.3090542181164119,-0.2936480857666667,-0.22945575386558775,-0.8019909728613512,1.8988042236058336,0.1582336853004861
sub-01,uc3,Comedy,244.0,274.0,30,1,2,2,0.07684961565915685,-0.2317673486737787,-0.1845537733572315,-0.17572107407058854,-0.10275219804708964,-0.18433353416811257,0.042252668773187216,-0.23880211588577857,-0.053302153050299506,0.9757743926863311,0.3955842132512154
sub-01,rh10,Horror,288.0,318.0,30,4,1,4,-0.16372805611546676,-0.21736870019055327,-0.17341609698328445,-0.3043955783694855,-0.17008898653852073,0.08507912890037414,-0.0573152504843704,0.08765045315323405,0.045123254975670504,1.5032200103546185,-0.8175407073858451
sub-01,rc4,Comedy,332.0,362.0,30,1,2,1,0.10030153445062373,0.07681502444196545,0.40797202874164745,-0.2867697965364104,-0.21844809119855402,-0.30767278450595575,-0.3333283446907912,-0.37352018994219344,-0.9936767098391645,0.9757743926863311,0.3955842132512154
sub-01,rh4,Horror,380.0,410.0,30,2,2,4,-0.11234316542209036,0.2679515827194417,-0.10034292942327742,-0.22138680676268457,-0.27443428877832954,-0.08131594904447059,-0.06235915310261214,-0.0235233699923609,0.24004239990344303,1.2658694824038892,0.1054891235336574
sub-01,uc2,Comedy,428.0,458.0,30,3,3,2,0.05957637661838764,-0.05145522026135929,-0.356285441772678,-0.16889827699912824,0.026048245594858112,-0.15466530566916747,-0.05864498694494906,-0.12996155663165718,0.006112666942537726,1.8988042236058336,0.1582336853004861
sub-01,rh5,Horror,476.0,506.0,30,3,1,4,0.16586652254656803,0.03629180322555878,0.36710864534407583,0.1469878879608506,0.1118110116199541,0.3073328672442722,0.34596164187955625,0.2121464238751821,0.3804461436657451,1.2131249206370605,-0.5274456176682872
sub-01,rh8,Horror,520.0,550.0,30,4,1,4,0.2638169149631678,0.04856201483472219,0.30615908466917574,0.3950234082740259,-0.4742951919802464,0.42570553744584244,0.6924421685384028,0.18342206905524688,1.2270040452644664,1.5032200103546185,-0.8175407073858451
sub-01,rc10,Comedy,568.0,598.0,30,1,1,1,-0.39594679167265906,0.05133967573691535,-0.40146511943891544,-0.5403284234197461,-0.44181706844752566,-1.049769236864917,0.058896006802503606,0.06752648691512628,0.06627907481871559,0.6329347412019446,0.0527445617668287
sub-01,uh3,Horror,616.0,646.0,30,1,1,4,-0.5561270888612352,-0.48752989732475616,-0.36466796032209275,0.05613671833480836,0.25321803905745843,0.2724477116735762,0.14859083130445883,0.18716981975532515,-0.2042128678647825,0.6329347412019446,0.0527445617668287
sub-01,rc7,Comedy,660.0,690.0,30,3,4,1,-0.03249205537466364,-0.07914552416747185,-0.15971887028822335,0.3776698856091146,0.1995938687266498,0.6790475701182844,0.3413388739975815,0.12821819466642176,0.4042737045284765,2.241643875090221,0.5010733367848728
sub-01,uh4,Horror,704.0,734.0,30,2,2,4,0.031857358023504256,-0.3872169125263015,-0.0623760052152935,-0.0973065313204772,-0.09194649926689212,-0.4841649002896192,-0.0439039395127371,0.32341550778248146,0.12381159083567876,1.2658694824038892,0.1054891235336574
sub-02,rh6,Horror,12.0,42.0,30,4,3,4,0.10074864831870978,0.07236017152619786,0.39186674257396087,0.01574186034616848,0.1026300912032057,-0.025391639870871376,0.09358037911595922,-0.15420097666166188,-0.25568838447963327,1.602390550672535,-0.2447455307943641
sub-02,uh1,Horror,60.0,90.0,30,3,2,3,-0.14733276820914154,-0.14216163008920052,-0.24711716648335796,-0.27383499735945155,-0.4415108750964619,-0.8249687628954578,-0.11406201147854003,-0.061221153862106824,-0.45635052061474723,1.1452243705094776,-0.2401276905906969
sub-02,rc2,Comedy,108.0,138.0,30,3,3,1,-0.14403800574618114,-0.06543205778382095,0.3936082001218515,-0.10253764100311924,-0.12307504282493968,-0.06022181624093028,-0.17345145141856338,-0.11802785934296803,0.04736970912841387,1.3714985404891729,-0.0138535206110017
sub-02,rh2,Horror,152.0,182.0,30,3,2,3,0.3958521658523052,0.19788112655203358,0.7707639530389533,0.38186136841139906,0.48345393555727023,0.5778101311768361,-0.12412444870560906,-0.04073051799247319,0.06693072284943492,1.1452243705094776,-0.2401276905906969
sub-02,rh1,Horror,196.0,226.0,30,4,4,3,0.1010184420124585,0.0055060624598381545,-0.012217234044338198,-0.1206563600510139,-0.16410212678353273,-0.3760545336796028,-0.27162770872086384,-0.2907986601834372,-0.2979629954951971,1.8286647206522304,-0.0184713608146689
sub-02,rc9,Comedy,244.0,274.0,30,2,3,2,-0.0010809684154182626,0.16786073464329912,0.2389514025419436,0.005515418063060329,-0.38904136279091206,-0.2943014627143875,-0.059136378606440054,0.0025605190170903402,-0.03057126280638205,1.1406065303058104,0.2170384895723607
sub-02,uc4,Comedy,288.0,318.0,30,3,3,1,-0.04891514233275641,-0.1389612918041927,0.3741959542335437,0.22541096177029468,0.06956123048465876,0.048004569144775563,-0.03646723898744669,-0.14865496162812464,0.360061499203184,1.3714985404891729,-0.0138535206110017
sub-02,rh9,Horror,332.0,362.0,30,3,4,2,0.3184656037170126,0.23959856001623397,0.11055157477098862,-0.15594774991553914,-0.09393738252365488,0.017518161004290024,-0.13337425887678017,-0.1756392775934651,0.08760638307206532,1.5977727104688682,0.2124206493686934
sub-02,uh2,Horror,376.0,406.0,30,4,4,3,0.0014176865738755816,0.11519384068140275,-0.17698585550044535,-0.12614667991476505,-0.05478085106204998,0.02991929358350203,-0.052335586086286044,-0.13283781148999624,-0.24703656545787095,1.8286647206522304,-0.0184713608146689
sub-02,rc6,Comedy,420.0,450.0,30,2,3,2,-0.04120949322811044,0.19454685401682534,-0.13133110126510278,-0.06643580813332695,-0.3744428792503577,-0.34822929489170096,-0.09784442952269197,-0.08383749670260124,0.14108152816518438,1.1406065303058104,0.2170384895723607
sub-02,rh3,Horror,468.0,498.0,30,3,4,2,-0.03158999159883861,0.2770294825086825,0.35732102703998414,0.014747976193793111,-0.21788038276946411,-0.039075372955287645,0.04980178817704782,-0.26391500623636927,0.5031195435923387,1.5977727104688682,0.2124206493686934
sub-02,rc11,Comedy,512.0,542.0,30,3,4,1,-0.00858863002029428,0.015498225354909623,0.021294764754191498,-0.1014276579926137,-0.15420486817479376,0.09723647555398471,-0.04938416059095263,-0.16517261106852746,0.08516160604241553,1.5977727104688682,0.2124206493686934
sub-02,uc1,Comedy,560.0,590.0,30,3,3,2,0.18857735663459757,0.13222375927151184,0.16284755416666238,-0.15557304521880166,-0.06128716667852585,-0.1807097143758049,-0.04660811675428234,0.02230257284059637,-0.03247466694482396,1.3714985404891729,-0.0138535206110017
sub-02,rh11,Horror,608.0,638.0,30,4,2,4,0.27557743714795746,0.1411090658133802,0.3165750445092899,0.0009008341766341577,0.03721005447443933,0.024018807408090044,0.11216515957294038,0.10585658230841632,-0.28011398156069334,1.37611638069284,-0.4710197007740593
sub-02,rc12,Comedy,656.0,686.0,30,3,3,1,-0.08637523669764484,-0.0613106837807623,-0.0025117403429504746,0.11738743042208148,0.0144377701215544,-0.0069288379365628925,-0.05327760496825634,-0.2502389464782027,0.2570023568952587,1.3714985404891729,-0.0138535206110017
sub-02,rc5,Comedy,700.0,730.0,30,2,3,1,-0.06791078381152402,0.0298040875673784,-0.058974821558132426,-0.24231327295199448,-0.266312469933526,-0.135227911507057,-0.19021562475981993,-0.24552759411172514,-0.18000370676401972,1.1406065303058104,0.2170384895723607
sub-02,rc3,Comedy,12.0,42.0,30,3,4,2,-0.06469335402853924,0.03211365604355224,-0.019223507314619127,-0.3349790493976542,-0.293567422161115,-0.1589263989719401,0.059765628724078826,0.15831931788193598,0.33937261011668773,1.5898922657734795,0.3777092123108266
sub-02,rh12,Horror,60.0,90.0,30,4,2,4,-0.13553664469380178,-0.10875319622884275,-0.21753500195528924,-0.2478792279699995,-0.1484182988542939,-0.22284564565118353,0.029237957144834938,0.31846666265350454,0.19802765655735874,1.300022405162845,-0.316221666120692
sub-02,rc1,Comedy,108.0,138.0,30,3,3,2,-0.13420308121369467,-0.27541709310425067,-0.3291567231687402,-0.20733874901450458,-0.3200824387190412,-0.16605478322742245,0.054828599849383465,-0.46159730074324357,-0.25470017208919166,1.343942081012941,0.1317590275502883
sub-02,rh7,Horror,152.0,182.0,30,4,1,4,0.1592254751258218,0.07723883222805858,-0.0333194994635289,-0.0752630294330505,0.12746124994494415,-0.15411108715107474,-0.016987824175047142,0.0002661358707575501,0.03558070156396367,1.0540722204023067,-0.5621718508812302
sub-02,rc8,Comedy,200.0,230.0,30,3,4,2,0.3546364057431076,0.2648248408149446,0.5523037429251908,0.18379755641892354,0.08920458509318908,0.33311810112861473,-0.26600282988397084,-0.25884941569823394,-0.2016585442224331,1.5898922657734795,0.3777092123108266
sub-02,uc3,Comedy,244.0,274.0,30,3,3,2,0.060264450056776685,0.0157382169209984,0.16396589765308703,-0.24578792279089692,-0.0906414762155153,-0.15157254177775323,0.13430266858881681,-0.06189615338405061,0.4548278106854376,1.343942081012941,0.1317590275502883
sub-02,rh10,Horror,288.0,318.0,30,4,2,3,-0.10415097672773302,0.11278065113758659,0.01565882710227281,-0.1586400964392916,-0.023403002478161933,0.25685381948457275,-0.06622398803900345,-0.22699090271405775,-0.32873421127768154,1.300022405162845,-0.316221666120692
sub-02,rc4,Comedy,332.0,362.0,30,3,3,1,0.11640911178389193,0.15479210178921507,0.3741655432228573,-0.07348076835742033,-0.11263093551626709,0.3224597602275307,0.02851795765693669,-0.00895379386465639,0.028552472822647355,1.343942081012941,0.1317590275502883
sub-02,rh4,Horror,380.0,410.0,30,4,2,3,0.06227055449641807,-0.009771470685744205,-0.22790748008698758,-0.20904889545203792,-0.2582054272196702,-0.43226557413954836,-0.030758073777835748,0.30179344993567125,-0.16561872820695003,1.300022405162845,-0.316221666120692
sub-02,uc2,Comedy,428.0,458.0,30,2,4,2,-0.3589254387232907,-0.17014602581216617,-0.019561254290098484,0.21224453194983256,-0.10676115044098218,0.3709337414207158,-0.016366726574945395,-0.06856285725847885,-0.22896517861152796,1.3878617568630371,0.5797397212212687
sub-02,rh5,Horror,476.0,506.0,30,4,3,3,0.06259769914994731,-0.0387067822601385,0.18185928411144164,-0.20064949843590058,0.0541514960132232,-0.1594828867145524,-0.3338505947751826,-0.11878096023302001,-0.11876881302157538,1.5459725899233832,-0.0702714813601537
sub-02,rh8,Horror,520.0,550.0,30,4,2,4,0.03282002825199322,0.2880612935304695,0.39276569591945176,0.02847215529799616,0.11400446064427357,0.45611723861636033,-0.19401225082372942,0.01002418170878986,0.09617216200577638,1.300022405162845,-0.316221666120692
sub-02,rc10,Comedy,568.0,598.0,30,3,3,2,-0.030928025153063678,-0.052363138441346616,0.21806813258124613,0.11019113908108347,-0.018538108579334033,0.06530801859888571,0.15201612995988162,-0.0208472583849545,-0.26420809365295567,1.343942081012941,0.1317590275502883
sub-02,uh3,Horror,616.0,646.0,30,4,3,3,0.0025696503730939014,-0.11993898790930399,0.14509552601302564,0.12095360535706504,-0.03899554898105943,-0.422886448893866,0.07824195790772978,0.14841470830814543,0.13438511254764682,1.5459725899233832,-0.0702714813601537
sub-02,rc7,Comedy,660.0,690.0,30,4,4,2,-0.22940539492506762,-0.05350990226695342,0.172363548214365,-0.005733892654055472,-0.10267379112024658,0.15480622195888286,0.08562264839353813,-0.1608955369935731,0.2181948354944417,1.7919227746839217,0.1756787034003845
sub-02,uh4,Horror,704.0,734.0,30,4,3,3,-0.13032281168534618,0.1747627399154688,0.07901790635343489,-0.2601651462161618,-0.08783003337698944,-0.14105379354879405,-0.19376291506496818,-0.09003414031558084,-0.0625946025793988,1.5459725899233832,-0.0702714813601537
sub-03,rh6,Horror,12.0,42.0,30,3,3,2,-0.07128225271328018,-0.049756631097311224,-0.06395712621965469,-0.004891579356257813,-0.07896409379794705,0.011885280922866722,-0.16215073749053255,-0.22510412977170993,-0.16876479457281124,1.5459725899233832,0.0702714813601537
sub-03,uh1,Horror,60.0,90.0,30,4,2,3,-0.07126068915853215,0.15944354538673183,0.04095086385965792,0.18721601499552068,0.04903164193812798,0.10187552775539954,0.033926336998103955,-0.15168511159738726,-0.1051850715773099,1.522548762803332,-0.445052715280974
sub-03,rc2,Comedy,108.0,138.0,30,4,4,3,-0.08404507167535749,-0.16187997394060777,0.0612523259843417,0.0414867972275702,0.012608155589939695,0.1686952089885825,-0.19210824075188954,-0.01948567719794788,-0.23164810718262277,2.061296786564511,0.093695308480205
sub-03,rh2,Horror,152.0,182.0,30,2,3,2,0.2037882908681842,0.0694077556784575,0.3804567776547281,0.012259784151022857,-0.06093979688535134,-0.14033773261206012,-0.19977333218377777,-0.23644913980806154,-0.22350552995755218,1.300022405162845,0.316221666120692
sub-03,rh1,Horror,196.0,226.0,30,3,2,3,0.0009970000021213622,0.10431125790684555,0.3434500457042745,-0.004104363762094521,-0.16564535254297477,-0.32141568409145893,-0.07154063999392178,0.08107833430992138,-0.058508470212379614,1.2765985780427938,-0.1991025305204357
sub-03,rc9,Comedy,244.0,274.0,30,2,2,1,-0.0061480694958897745,-0.055220181959613826,0.03789712392430517,0.1310996429190229,0.17984989115797628,-0.018180739713483947,0.02785097218476102,0.02770228175109956,0.06286156494871972,1.0306483932822554,0.0468476542401025
sub-03,uc4,Comedy,288.0,318.0,30,2,2,1,-0.0423588588300689,-0.046382729002532964,0.06826256061631594,-0.06577126556383169,4.254737005695564e-05,-0.030977027276233905,-0.11548006146814893,-0.1098719128619666,0.05061158850524421,1.0306483932822554,0.0468476542401025
sub-03,rh9,Horror,332.0,362.0,30,3,3,3,-0.18787841549035908,0.0669253214117519,-0.0866329549490634,0.14006895257457647,0.1866580057282148,0.3904851610385122,-0.0820937926667915,-0.15961096934365265,0.14680854724154693,1.5459725899233832,0.0702714813601537
sub-03,uh2,Horror,376.0,406.0,30,4,3,4,0.0429188116528169,-0.029924514885883137,0.15887021003001664,-0.020925781175927076,-0.12173643753060479,0.08560702524774201,0.04016272944148893,-0.023470676073916,-0.2066178659620103,1.7919227746839217,-0.1756787034003845
sub-03,rc6,Comedy,420.0,450.0,30,2,2,1,-0.09877876425483782,-0.08837120173663157,-0.009709283161512705,-0.009720346699382333,0.07959038256267584,-0.25291349832799825,-0.08038407935885568,-0.03699745786157136,-0.28657128524785125,1.0306483932822554,0.0468476542401025
sub-03,rh3,Horror,468.0,498.0,30,4,3,4,-0.002547839848538813,0.06570136022450049,-0.06616230725190322,0.020209242532038086,-0.12779043837208276,0.04356442446860756,-0.08156735767462808,-0.11013829914760631,0.17924584054071507,1.7919227746839217,-0.1756787034003845
sub-03,rc11,Comedy,512.0,542.0,30,1,2,1,-0.07153662503534992,-0.013335678487212344,0.024332704254278248,0.2293053421989316,0.021411132789667397,0.11259887506780637,0.02144643959756719,-0.11897201749713482,-0.21571559293775966,0.7846982085217172,0.2927978390006407
sub-03,uc1,Comedy,560.0,590.0,30,3,3,2,-0.04288529800850133,0.05821582275569692,0.10850297830724036,0.06759562515565827,-0.17690704065089324,-0.28272160644811384,-0.05499801422349935,0.22194830882417085,0.06553490305185997,1.5459725899233832,0.0702714813601537
sub-03,rh11,Horror,608.0,638.0,30,4,2,4,-0.01278168451220844,-0.13179976254585493,0.10994354418524074,0.12851040240131137,-0.14762988048832631,0.14166223375318598,-0.10343980624218932,0.07452043157622897,-0.04428816880562214,1.522548762803332,-0.445052715280974
sub-03,rc12,Comedy,656.0,686.0,30,3,3,2,-0.31928295570216136,-0.09531297114158573,-0.07872745045933213,0.16862153642671568,-0.08188842757744277,0.014402309244921774,0.0482018649643566,-0.28798093481027626,-0.24166089210156017,1.5459725899233832,0.0702714813601537
sub-03,rc5,Comedy,700.0,730.0,30,2,3,2,-0.04388027167369102,0.23208227707644946,0.028679696685570764,-0.14689126778295222,-0.101256458822895,-0.03547997892536706,0.0073316679076833365,-0.06762898065766057,0.03330336015357648,1.300022405162845,0.316221666120692
sub-03,rc3,Comedy,12.0,42.0,30,1,2,1,-0.017147488466224013,-0.025756774934215056,-0.19464379370378757,-0.12385944241845678,0.15261563438585313,0.08334117886215951,0.008938232726336,-0.13894609320755263,-0.13731137532896742,0.8316059238569995,0.3287744350132323
sub-03,rh12,Horror,60.0,90.0,30,4,2,4,-0.27368118636918737,-0.45179039567091717,-0.15786518666497595,0.22175012502958094,0.21817016687068697,-0.04727650370729729,0.07225105874388968,0.15046924199944484,0.2549830649890319,1.5858531571226502,-0.4254727982524183
sub-03,rc1,Comedy,108.0,138.0,30,2,3,1,0.05684923252588072,0.10100196481070738,-0.28079410924676346,-0.13204752653452462,-0.32700847744627154,-0.21778961134523564,0.11259564085845568,0.16932240115043767,-0.07567647589456031,1.373116757996441,0.3674537803089067
sub-03,rh7,Horror,152.0,182.0,30,4,2,4,0.009775083021734642,-0.18392380556799426,0.06869522753785025,-0.1500410178821556,0.11921881932203067,-0.19823558007475275,-0.16224258478907608,-0.12004249605733852,0.029288197666339787,1.5858531571226502,-0.4254727982524183
sub-03,rc8,Comedy,200.0,230.0,30,3,4,2,0.05862519260426234,0.11384691130907054,0.17735253572809498,-0.04989371220444892,0.09279440685514259,0.060878829973611756,0.29832193135018203,0.0979997462333154,0.024164438874528783,1.9146275921358824,0.4061331256045811
sub-03,uc3,Comedy,244.0,274.0,30,1,2,1,0.05587270429044734,-0.22938950254204044,-0.1637664749511734,-0.1913510099195665,-0.13403999275476397,-0.2298708986876607,0.21538024039303924,-0.1542455145260236,-0.15480210508966896,0.8316059238569995,0.3287744350132323
sub-03,rh10,Horror,288.0,318.0,30,4,2,4,0.019458225458175313,0.11819696545700249,0.07248650661441142,-0.26631954792698337,-0.21850308419509074,-0.01867687473466345,-0.22926957101054227,-0.19345844295465917,-0.23377021803159206,1.5858531571226502,-0.4254727982524183
sub-03,rc4,Comedy,332.0,362.0,30,1,1,1,0.20866815825912374,-0.01630732843634483,0.1075142416637962,-0.25542618657719024,0.04445223683283682,0.003220178295058307,-0.0006231532325966626,-0.10644991521142048,-0.1053278988540978,0.5415108341394415,0.0386793452956743
sub-03,rh4,Horror,380.0,410.0,30,4,2,4,-0.3187608412362738,-0.19562632258839127,-0.17561927093574342,0.12365339798326895,-0.008575920328628061,-0.01667711277347466,0.017248886294390784,-0.060319125824756424,-0.07787275031398891,1.5858531571226502,-0.4254727982524183
sub-03,uc2,Comedy,428.0,458.0,30,1,3,2,-0.04855148748899248,-0.04618818231884501,0.03641598873278211,-0.09741422466751001,-0.15106140675436644,-0.12363584099553353,-0.1307441169993318,0.008325972016318661,0.12436140416648789,1.1217010135745575,0.6188695247307903
sub-03,rh5,Horror,476.0,506.0,30,4,4,3,-0.08180426573855473,0.0008515546824429121,0.24804350495703784,0.07191912631575882,0.007311284055109707,-0.017440841515837913,-0.12447220253546605,-0.13240729374459853,-0.3449678853815535,2.166043336557766,0.1547173811826974
sub-03,rh8,Horror,520.0,550.0,30,4,2,4,0.10634479558540999,0.07914261870515885,-0.14566313457809885,-0.24122982601668214,-0.145410355788978,0.0645353607676957,0.00735444922652514,-0.21177153246877087,-0.13283273312365068,1.5858531571226502,-0.4254727982524183
sub-03,rc10,Comedy,568.0,598.0,30,1,2,1,0.005541218802735304,0.07506295035641011,-0.1619262181407573,0.12241546544423731,-0.20867590818902254,-0.06825181855755527,0.04192531532994247,-0.023856060991800543,-0.005609480065776712,0.8316059238569995,0.3287744350132323
sub-03,uh3,Horror,616.0,646.0,30,4,1,4,0.11702570502449065,-0.014691946398468502,0.12397701171925793,-0.004450183069701718,-0.06693894454411246,0.12530235150658717,0.11827401916510594,-0.08098702951336013,0.2165166467731477,1.295758067405092,-0.7155678879699762
sub-03,rc7,Comedy,660.0,690.0,30,3,4,2,0.09084120547391625,0.29336902866671527,0.016316211267905924,-0.31632810240473924,-0.2892637796731524,-0.16253146574340832,0.06319261608010027,-0.1405501678066839,-0.31096346901322963,1.9146275921358824,0.4061331256045811
sub-03,uh4,Horror,704.0,734.0,30,4,3,3,-0.06818439492303856,-0.03705568702561734,-0.0955574571684166,-0.05734372996141719,0.07732621893156366,0.20586785900223084,-0.13947094226164838,-0.112487898931838,0.01780556601321499,1.875948246840208,-0.1353777085348603
sub-04,rh6,Horror,12.0,42.0,30,4,4,3,0.01895079091041311,-0.050512418450985794,-0.0952300294936109,-0.0374772004600448,0.16411015118135142,0.15909297894794125,-0.0483005743816422,-0.25312578771313915,0.1713017392212164,2.300599669034224,0.1456075739895079
sub-04,uh1,Horror,60.0,90.0,30,2,2,2,-0.030889334300455457,0.0754860066649023,-0.39273673457915426,0.1620688698794014,-0.028782999428963806,0.03127084665359694,0.004554186756139877,-0.04515894287836434,-0.015279959968860191,1.150299834517112,0.0728037869947539
sub-04,rc2,Comedy,108.0,138.0,30,3,4,3,-0.21531076809891597,-0.11274581967176975,-0.08542577668542592,-0.09538747920259785,-0.07336006638068125,-0.03170177803754359,-0.010378605136228158,-0.12455720860633204,0.2934773416837522,2.0312256571536347,0.4149815858700975
sub-04,rh2,Horror,152.0,182.0,30,3,2,2,0.06689279640482089,0.018094711701496437,0.4373843069686118,-0.20214381330359674,0.1540272254504572,0.1331734495360915,-0.0442534626782959,-0.1492415856888408,-0.19290301363462398,1.4196738463977014,-0.1965702248858355
sub-04,rh1,Horror,196.0,226.0,30,4,3,4,-0.038670236598657357,0.021560499620885965,-0.2590425939710569,0.037131775286638566,-0.07837439253877644,0.02641197326961279,0.07923716647206516,0.013189559001376092,-0.3656064028386492,1.9948237636562576,-0.1601683313884585
sub-04,rc9,Comedy,244.0,274.0,30,2,2,2,0.3067305430051077,0.1470981784290696,0.3523824845415163,0.0069689562926856545,-0.001448844637421659,0.09160559850753973,-0.2217344589301793,-0.17021955908197126,0.11090066627397385,1.150299834517112,0.0728037869947539
sub-04,uc4,Comedy,288.0,318.0,30,2,2,1,0.023185522782034597,0.02152138879242248,-0.1571086120520891,-0.254564769898942,-0.2438082604726469,-0.23322056467711993,0.10015616601230803,0.1323161419608051,0.46941821787527205,1.150299834517112,0.0728037869947539
sub-04,rh9,Horror,332.0,362.0,30,2,3,1,-0.03611382804547599,-0.0732689697091641,0.07660913967839164,0.010135438137298457,0.052972141113370105,-0.007666406938343995,-0.009038720688139898,-0.06567179596405838,-0.13762386882826114,1.4560757398950783,0.3785796923727205
sub-04,uh2,Horror,376.0,406.0,30,1,2,2,-0.027061169651333872,0.18861457356845585,0.35456302773739823,-0.022211444454311745,-0.0781401846152707,-0.2663571732230744,-0.10550453273372842,-0.0739839000116413,-0.16667348971265566,0.8809258226365225,0.3421777988753435
sub-04,rc6,Comedy,420.0,450.0,30,3,2,2,0.024742614244324678,0.057081378359704706,0.05851254808890858,-0.08900232108842089,-0.16938296642208467,-0.2694051543670812,0.014891106251047437,-0.0979002692043254,-0.0898853650988231,1.4196738463977014,-0.1965702248858355
sub-04,rh3,Horror,468.0,498.0,30,4,2,4,0.09520738906171244,0.07791990081567127,0.3733217031234381,-0.03402923790604057,-0.010690036278806816,-0.1076699396903602,-0.058832848380498924,-0.18618936029726824,-0.1487334313843633,1.689047858278291,-0.465944236766425
sub-04,rc11,Comedy,512.0,542.0,30,3,2,2,0.1489449507738349,0.10226630483745303,0.19773866379773805,-0.18491236896229163,-0.17061819125686462,-0.0690186350846262,-0.2852204734289519,-0.17458666838428155,-0.39795506679203785,1.4196738463977014,-0.1965702248858355
sub-04,uc1,Comedy,560.0,590.0,30,1,1,2,0.028084574846840783,-0.06283909638544112,0.3390403603880431,0.3101460735119199,0.1688327482846755,0.4076874366196849,-0.006795478189644011,0.028005658527161637,0.36009550209262015,0.575149917258556,0.0364018934973769
sub-04,rh11,Horror,608.0,638.0,30,4,1,4,-0.1452822754275362,-0.23128096685857336,-0.06495408410376421,-0.11072267783484831,0.1715293695036591,-0.06631309942617339,0.07136014639718194,0.34695409137443983,0.1876914704469023,1.3832719529003246,-0.7717201421443916
sub-04,rc12,Comedy,656.0,686.0,30,2,3,2,-0.026130642190662478,-0.12423452157266587,-0.11435128786692861,0.14070013400899692,0.20576632479622364,0.043996573314680806,-0.06528255991404289,-0.22222512237530895,0.029919312620765526,1.4560757398950783,0.3785796923727205
sub-04,rc5,Comedy,700.0,730.0,30,2,2,2,0.02994044418192765,0.11265201321452456,0.16844560931264443,-0.30952660926638653,-0.337088408157684,-0.31433644756855,-0.08337352569359355,-0.3455929106044132,-0.1625760638827985,1.150299834517112,0.0728037869947539
sub-04,rc3,Comedy,12.0,42.0,30,2,2,2,-0.17006536952105628,-0.043552939333924526,-0.029518623245395847,0.23325114785694093,0.020959865567697283,0.22120241782001487,-0.07167461707035781,-0.20845173341353132,-0.36292327330770435,1.1383979980344912,0.1545972589923383
sub-04,rh12,Horror,60.0,90.0,30,3,2,3,0.11845630634732748,-0.006425592117951418,0.11009783099936925,0.10468231255369073,0.16359688135712006,0.2081152733916111,0.15126769117955943,0.27727037879716376,-0.10655794756158925,1.3843481827950297,-0.0913529257681999
sub-04,rc1,Comedy,108.0,138.0,30,3,2,2,-0.5151755740907479,-0.4190793392718386,-0.16281761873513134,0.049701558014413436,-0.07504605190324387,0.08561840469950688,0.16985136896196795,-0.09803988635032511,-0.03842152517006582,1.3843481827950297,-0.0913529257681999
sub-04,rh7,Horror,152.0,182.0,30,4,1,4,0.1672522338203171,0.15315070046923066,0.0783885034036099,-0.07326573990517042,-0.014416800968126808,-0.22485102822272687,-0.033211451709265455,0.09612495597312704,-0.146862965435809,1.3070495532988604,-0.6605519247854457
sub-04,rc8,Comedy,200.0,230.0,30,1,3,1,-0.12210342735365956,-0.18276546184835313,0.13758341644371258,-0.13161172575537305,-0.15833847262448897,0.23921160185210164,-0.08817557278638674,-0.07337956526446163,-0.13115916627370375,1.2156966275306604,0.723796258009584
sub-04,uc3,Comedy,244.0,274.0,30,2,2,1,-0.18785849128846194,-0.05615035315269219,-0.12599321964560145,-0.13879372396047648,-0.2778938769117866,-0.5674783072201173,0.08167830477989027,-0.17562258702099165,0.004398140205093793,1.1383979980344912,0.1545972589923383
sub-04,rh10,Horror,288.0,318.0,30,4,2,3,0.13613715086863698,0.32835408091931384,0.11575929457864782,0.002224271866941764,-5.9336475214943896e-06,0.02126259333056939,-0.3912384025105108,-0.48561390493833334,0.022516334011507322,1.6302983675555678,-0.3373031105287382
sub-04,rc4,Comedy,332.0,362.0,30,1,1,1,0.018615203388109226,0.03667955323646715,0.5263441676168219,-0.06172730103882582,-0.3012626149532542,-0.4436155372412663,-0.1001220858625655,-0.19409161081453682,-0.37577639142304825,0.5691989990172456,0.0772986294961691
sub-04,rh4,Horror,380.0,410.0,30,4,1,4,-0.040951098087747974,-0.024046886538118158,0.17546851865227248,-0.07217040509114366,-0.13452314547658412,-0.3618469957323345,0.22047946313781006,0.13910130777085122,-0.24268380686878724,1.3070495532988604,-0.6605519247854457
sub-04,uc2,Comedy,428.0,458.0,30,3,4,3,-0.22529112812470684,-0.18869266565791623,-0.16087644140953172,-0.22800926512613282,-0.28183933634411557,-0.3735835730943595,-0.02633055904997562,-0.2712735766574089,-0.013715476334353115,2.030845811308444,0.5551447027452149
sub-04,rh5,Horror,476.0,506.0,30,3,2,2,0.23948647353391542,0.18533753499782807,0.4836640530700594,0.0857752352218198,0.004400634991362185,-0.22755480955577748,-0.051434419605152736,0.1750282245571047,-0.7959128597182591,1.3843481827950297,-0.0913529257681999
sub-04,rh8,Horror,520.0,550.0,30,4,1,4,-0.285081549975155,-0.12489103394963971,-0.06967576136859083,0.14645045982143454,0.0171564941571432,0.3475696120675047,0.07726064712994046,-0.040182690091712304,-0.15874478512751325,1.3070495532988604,-0.6605519247854457
sub-04,rc10,Comedy,568.0,598.0,30,3,3,3,0.0006356286895396107,0.021062234589578697,0.3645770219659149,0.12931979063945553,0.09452680324568725,0.5475329530595339,-0.03071019471713084,-0.07400431925499092,0.27371535741969144,1.7075969970517368,0.2318958884885075
sub-04,uh3,Horror,616.0,646.0,30,2,2,2,0.014782190751818558,0.1909952600296385,0.5620493430128838,-0.0427389869717667,-0.07798914123324147,-0.08360864600741089,-0.0009207036329428875,0.03798802795027045,-0.24789027567657745,1.1383979980344912,0.1545972589923383
sub-04,rc7,Comedy,660.0,690.0,30,4,4,3,-0.2198419820089712,-0.24182347979128244,-0.19108272900491627,0.056391625276987226,-0.08006342791111246,-0.03239315275249275,0.08266461651949084,-0.16701015992516638,-0.22813777299936397,2.2767959960689823,0.3091945179846766
sub-04,uh4,Horror,704.0,734.0,30,3,3,3,0.004921024865745143,-0.019464955644916963,0.21209001387388038,0.0167032611361696,0.020198451414906827,-0.17264196186693476,-0.13260829680433983,-0.16464865541692303,-0.7415799790765872,1.7075969970517368,0.2318958884885075
sub-08,rh6,Horror,12.0,42.0,30,3,4,3,-0.015691287281968957,-0.032866616447657884,-0.052925287071002816,-0.30358089838714053,-0.23951393063505835,-0.34260611656988027,0.10762790558805932,-0.024996373616023082,-0.28763443577450437,2.6302169925337204,0.2894497168817013
sub-08,uh1,Horror,60.0,90.0,30,3,2,3,0.008951497749722736,-0.07185022754240515,0.3359562995390388,0.17366001528812255,-0.04036135942739545,0.7999089111834823,0.20560623131905467,0.20550169042979097,-0.00025780235902328545,1.900300315179865,-0.4404669604721541
sub-08,rc2,Comedy,108.0,138.0,30,2,2,2,-0.24388698225766223,-0.18833022329856938,0.23344102535613204,-0.2378919841017253,-0.29316605936236284,-0.11530735091373912,0.08171815790900723,0.1544796446415015,-0.17988486709536503,1.5101724359045283,-0.0503390811968176
sub-08,rh2,Horror,152.0,182.0,30,2,2,3,-0.2402659517758651,-0.008077475103553302,-0.15969672815489816,-0.0408435693542741,0.035963866550987864,0.2909962598253705,0.1147890935470155,-0.03866964930930482,-0.24947486242230027,1.5101724359045283,-0.0503390811968176
sub-08,rh1,Horror,196.0,226.0,30,1,1,3,0.08109614456710132,-0.08782491835237229,-0.11718924475206102,-0.05935031766360623,-0.01469767872799036,-0.007212337946773784,-0.2105172318729119,-0.4919336625015462,-0.13641552609121926,0.7550862179522643,-0.0251695405984088
sub-08,rc9,Comedy,244.0,274.0,30,1,2,1,0.005264638977976503,0.09880081825918535,0.046251275027852035,0.08738840694878247,-0.09958712174638709,0.2708406082220579,0.06978275198654152,0.20720826560951372,0.00026485438852322794,1.120044556629192,0.3397887980785189
sub-08,uc4,Comedy,288.0,318.0,30,2,1,1,0.02490869340442934,-0.007276628782298206,0.23462984232967204,0.05117231167908819,0.04039672691661818,0.050178646479467216,-0.10056764587775562,-0.26270561875206283,-0.2925539210622562,1.1452140972276008,-0.4152974198737453
sub-08,rh9,Horror,332.0,362.0,30,3,4,3,-0.02679131149179647,-0.2872946930436207,0.057044192688008886,-0.2548735009422364,-0.06824695468994346,0.09130088392115339,-0.097463810261564,-0.12907069424214596,-0.36204975079517,2.6302169925337204,0.2894497168817013
sub-08,uh2,Horror,376.0,406.0,30,1,2,3,0.03674437675717014,-0.0384645846728001,0.37890400769072335,-0.16580419688581824,-0.04485508028793074,-0.0021124187953928007,0.11796978782879927,-0.04741576087858659,-0.24316876032972412,1.120044556629192,0.3397887980785189
sub-08,rc6,Comedy,420.0,450.0,30,2,2,1,-0.17018282357321585,0.026666298313348658,-0.042834677836143045,0.0700967375710767,-0.05225921576917893,0.3247294331131444,0.12479275199534542,-0.025759554186272137,-0.19924991802209086,1.5101724359045283,-0.0503390811968176
sub-08,rh3,Horror,468.0,498.0,30,1,2,4,0.023619676004443757,0.04326281013479207,-0.02237090229491236,-0.20270182372853177,-0.07676197501598529,-0.2539580036925162,0.0909165880321727,-0.041063972115941524,-0.3687011516953808,1.120044556629192,0.3397887980785189
sub-08,rc11,Comedy,512.0,542.0,30,2,1,1,0.12440596210985688,0.0940578884382771,0.5153287231534662,-0.0023457741219966577,-0.14203755623927436,-0.2653298490181332,-0.06804542147903732,-0.14161534375683296,-0.14566176963576444,1.1452140972276008,-0.4152974198737453
sub-08,uc1,Comedy,560.0,590.0,30,1,1,1,-0.19172257121538736,-0.18843675350588965,0.11881457966696893,0.11111882401358952,0.0009653714198719826,-0.22934180782940344,0.04370632379892532,-0.048431619522198856,0.18884905425243825,0.7550862179522643,-0.0251695405984088
sub-08,rh11,Horror,608.0,638.0,30,1,1,4,0.19611472985415523,-0.09105703172583887,0.4333209602565984,-0.141663413679263,-0.001380093146607464,0.07428006590329388,-0.010805638641693583,-0.004310573433546741,0.1661252263009236,0.7550862179522643,-0.0251695405984088
sub-08,rc12,Comedy,656.0,686.0,30,3,3,1,-0.0316530382129209,0.06229045894331088,-0.2415612896835151,-0.30745999356419607,-0.09700412330769495,0.13301923292034618,-0.05592497372780549,-0.09093060192765236,-0.19545396375102791,2.265258653856793,-0.0755086217952264
sub-08,rc5,Comedy,700.0,730.0,30,1,1,1,0.3211370036307843,0.17789464394629323,0.8779110883773236,0.0029394327504455807,0.004866326034229184,-0.24875478278133736,-0.05509720210386705,0.015754761218238038,-0.09360811848943036,0.7550862179522643,-0.0251695405984088
sub-08,rc3,Comedy,12.0,42.0,30,1,1,1,0.28430175405416336,0.06768707536435067,-0.11771362936095638,-0.21203004098049094,0.01291742541305392,0.1334978931434482,0.1732979252699224,0.04236575459252684,-0.04121221081992458,0.8392036523972212,-0.0310816167554526
sub-08,rh12,Horror,60.0,90.0,30,1,1,4,-0.14031256161085,-0.3113991312934886,-0.3621445667570489,-0.12487246819167781,0.2300130105911263,0.0051946679518527165,0.007723656850837557,0.23155061177626018,0.13059894282719145,0.8392036523972212,-0.0310816167554526
sub-08,rc1,Comedy,108.0,138.0,30,1,1,1,0.048322780411644714,0.024426416985973986,0.006831002432387179,0.2444687828627253,-0.055577078323575835,-0.1797830623947174,0.07802144948389958,-0.021102934380767636,-0.04785512520221542,0.8392036523972212,-0.0310816167554526
sub-08,rh7,Horror,152.0,182.0,30,1,1,4,-0.31126329741000275,-0.5497349800026027,-0.25052234900780035,-0.31784912779205066,-0.16960729786235823,-0.615027470521057,-0.22945044508250909,-0.07259479639505292,-0.17821248832271513,0.8392036523972212,-0.0310816167554526
sub-08,rc8,Comedy,200.0,230.0,30,2,2,2,0.04650628164353594,-0.04188021310000562,-0.04980703217281918,-0.08282108624047554,-0.07939956552350028,-0.24595781750597237,0.15239059486607176,0.014205956641329367,-0.35489260932897787,1.6784073047944423,-0.0621632335109053
sub-08,uc3,Comedy,244.0,274.0,30,1,2,1,0.013052263536338432,-0.07307808885601315,-0.15561765643528494,0.010062748768597501,0.04772577447203462,0.8445657380748903,0.09160045821392857,-0.09332945595055339,0.06205226132195385,1.2432646702181054,0.3729794010654316
sub-08,rh10,Horror,288.0,318.0,30,1,1,4,0.014293782877462835,0.07941767938947333,0.173351368735742,0.017749213349185732,0.042141966881410066,0.39423319957971137,-0.12252311128569379,-0.19623125794807642,-0.24888072193608474,0.8392036523972212,-0.0310816167554526
sub-08,rc4,Comedy,332.0,362.0,30,1,1,1,-0.14534287212116842,-0.006596117947964236,-0.09196226721199552,0.17122815176924955,-0.07164343596628706,-0.09159366080640022,-0.33135106788165763,-0.04386177386769561,-0.22278228685917498,0.8392036523972212,-0.0310816167554526
sub-08,rh4,Horror,380.0,410.0,30,1,1,4,-0.062167843040079954,0.35673199170876246,0.26781256878609366,0.044780986125977106,-0.4728807166494688,-0.8727597764941455,0.46349297643988574,0.3534631301617261,-0.29267388205361927,0.8392036523972212,-0.0310816167554526
sub-08,uc2,Comedy,428.0,458.0,30,4,4,2,-0.05332227757626634,-0.22324963445268375,-0.1406787742197767,-0.10945707543719488,-0.07005440598415888,0.6323245897662872,0.034977983826330536,-0.040535636992198795,0.3941538638936722,3.3568146095888847,-0.1243264670218107
sub-08,rh5,Horror,476.0,506.0,30,2,2,4,-0.02629577994956772,-0.11554981564916937,-0.2728138450093369,-0.39333287617153834,-0.08099577852208949,-0.2665368160773283,-0.18468568785069758,0.01350006606979327,-0.24790973509857067,1.6784073047944423,-0.0621632335109053
sub-08,rh8,Horror,520.0,550.0,30,1,1,4,-0.10639249032615683,-0.15700124124259232,-0.007063466506309101,0.16785377888537303,0.08597856460965839,0.6866804421466208,0.18227341884867937,0.16360098394438458,0.2082713035579784,0.8392036523972212,-0.0310816167554526
sub-08,rc10,Comedy,568.0,598.0,30,4,4,2,-0.17818120370955223,-0.31487751360937477,-0.14521171754663237,-0.471131692696338,-0.07473829909702676,0.2721020534836741,-0.19549236462561276,-0.013535596187669485,0.002462383737020235,3.3568146095888847,-0.1243264670218107
sub-08,uh3,Horror,616.0,646.0,30,1,2,3,0.5217112334778078,0.014467161199997964,-0.0822009313749866,-0.05563577480643982,-0.020651573631769487,-0.35436369957400254,-0.17906798116834882,-0.019651752836737393,0.1109902765125375,1.2432646702181054,0.3729794010654316
sub-08,rc7,Comedy,660.0,690.0,30,3,3,1,0.14048871175019575,-0.05072266669404439,-0.22785639019406773,-0.07297466730257547,-0.27381345219694997,-0.044167760641121066,-0.02492546920070716,0.08068311771793538,0.1701191780012988,2.517610957191663,-0.093244850266358
sub-08,uh4,Horror,704.0,734.0,30,1,1,4,-0.015135947903355745,0.016888152776774266,0.2617805211958427,0.09270537552376792,-0.008568436229893717,0.35384020147617223,-0.01692586056940082,0.028906455776925254,-0.572651978403593,0.8392036523972212,-0.0310816167554526
sub-09,rh6,Horror,12.0,42.0,30,2,1,2,0.07152756486170093,0.11348365100701156,0.1307337268633092,-0.1209005990015098,0.16163411434254768,-0.22125781141217468,0.26286838383112165,-0.24461682634760695,0.026209330897069883,0.8931875130777441,-0.2977291710259147
sub-09,uh1,Horror,60.0,90.0,30,4,2,4,-0.1388353331251004,-0.0016306499852019984,0.3483487921307515,0.016166716078711986,0.03660938138061502,-0.3991728444928563,-0.14893327738992962,0.14418375060835947,-0.05585435315906419,1.7863750261554885,-0.5954583420518295
sub-09,rc2,Comedy,108.0,138.0,30,1,1,1,0.11059646296223688,0.12065117004633372,-0.04047197317394402,-0.21045586648075756,-0.2728273362130929,-0.14446777857984086,0.14316166321569457,0.16139029871737062,0.08034054554597016,0.5954583420518295,0.0
sub-09,rh2,Horror,152.0,182.0,30,3,3,3,-0.033869942376612755,0.034297722176552636,0.4874189881797374,0.05675203705329131,0.032632685212162275,0.044156552410093336,-0.21737851682364773,-0.211905384214177,-0.08585435750977674,1.7863750261554885,0.0
sub-09,rh1,Horror,196.0,226.0,30,4,2,4,-0.1840881690298568,0.17089598072796258,0.4540894206453444,-0.07467437924569068,-0.3547820568174225,-0.20160632075755416,0.024995184001699956,0.12211789753017199,-0.027084396008553734,1.7863750261554885,-0.5954583420518295
sub-09,rc9,Comedy,244.0,274.0,30,3,3,2,-0.06639055618122301,0.10166072969192894,0.49979093577428557,0.18161865828844198,-0.019215636252541156,-0.22034124504391867,-0.09560662033213882,-0.09838293924682327,-0.053432939471855435,1.7863750261554885,0.0
sub-09,uc4,Comedy,288.0,318.0,30,1,3,1,-0.04942977445453618,0.047669233783412694,0.28930730566800567,-0.05194713473535275,-0.09556968058451698,0.3776058362617839,-0.011546174799868508,-0.2928655650527089,-0.409619668309473,1.190916684103659,0.5954583420518295
sub-09,rh9,Horror,332.0,362.0,30,2,3,2,0.17089683174141415,0.06590130865149262,-0.19439039971434652,0.06061069987316388,-0.009165922964967021,-0.1196401549663717,-0.06768234642859906,-0.22772080204628384,-0.31490917625280834,1.4886458551295736,0.2977291710259147
sub-09,uh2,Horror,376.0,406.0,30,3,2,3,-0.044836785253217416,0.13672368124379503,0.05039915790016688,-0.08171821860325454,0.02205697322687635,-0.16032588527090796,-0.014497390233082585,-0.2541235581568463,-0.29387281180842395,1.4886458551295736,-0.2977291710259147
sub-09,rc6,Comedy,420.0,450.0,30,1,2,1,-0.04488512343487852,0.035525780569562196,0.3628948200835808,0.0573244699509998,-0.2909084128060178,-0.030964011109385202,-0.17267609389598854,-0.09919306044831926,-0.32972227120399517,0.8931875130777441,0.2977291710259147
sub-09,rh3,Horror,468.0,498.0,30,3,2,3,-0.0151059957012207,-0.01029639624392338,0.1966344344844466,0.06624474916360526,0.06559330005079111,0.06945615045292719,0.05713581829396598,0.17074885555267164,0.05538151694614377,1.4886458551295736,-0.2977291710259147
sub-09,rc11,Comedy,512.0,542.0,30,3,4,3,0.013306852728531559,0.20958868726875685,0.5891080503535511,-0.1212257027678213,-0.06316744555373396,0.22650760562048644,0.16100892882312712,-0.05484216012915031,0.09608711166518238,2.084104197181403,0.2977291710259147
sub-09,uc1,Comedy,560.0,590.0,30,1,2,1,0.03527942871179878,-0.07978350362110487,-0.17528617641009772,-0.06651132450761106,-0.16767616088833587,-0.4644506374758934,-0.24195156380232813,-0.19907757887201402,0.3852455596695851,0.8931875130777441,0.2977291710259147
sub-09,rh11,Horror,608.0,638.0,30,4,1,4,-0.020545704057031662,-0.024093138637675298,0.02713033415803341,0.06940549147284555,0.0698796276380532,-0.6099487405083306,0.08328230652600982,-0.21899218803040316,-0.05932688202496188,1.4886458551295736,-0.8931875130777441
sub-09,rc12,Comedy,656.0,686.0,30,2,4,2,-0.10581197295201399,-0.1959316248996418,0.23067884921804466,0.10840503633284126,0.04229552880710018,0.4413062024649571,-0.0891961113515289,-0.09764564912013499,0.2909952760962506,1.7863750261554885,0.5954583420518295
sub-09,rc5,Comedy,700.0,730.0,30,1,3,2,-0.07381257450606715,0.2475597863182656,0.2648136316833316,-0.1463371028188976,-0.11066359471410711,-0.21514766445166597,0.016493009295080983,-0.17232580940219638,-0.3892826914853994,1.190916684103659,0.5954583420518295
sub-09,rc3,Comedy,12.0,42.0,30,2,3,2,-0.14264936298647415,0.07672098673837531,0.1412973828463576,0.234099798878829,0.08299546919476206,0.2660569360353384,-0.18850776141688785,-0.22299852171363996,-0.7340888874200171,1.589306670095478,0.2963114130686484
sub-09,rh12,Horror,60.0,90.0,30,3,1,4,0.3536048772681039,0.00822321834298762,-0.002820371944892175,-0.1591750258690284,0.10798904532620335,-0.2897682493715361,0.22333712852487278,0.6204183015254574,0.8541159413705174,1.2840161232974767,-0.6554767622427679
sub-09,rc1,Comedy,108.0,138.0,30,1,2,1,0.1321482865732073,-0.12454316646618926,0.20053573567206434,-0.21529235355186854,-0.03414723111301547,-0.34128643932047764,0.05315856746019036,-0.09153068458219069,-0.09941132809864303,0.9517881753114162,0.3052905467980014
sub-09,rh7,Horror,152.0,182.0,30,0,3,3,-0.018691279166740415,-0.3234887154278983,-0.8156534534172215,-0.3836913156777685,-0.1516389683970453,-0.6868884322329781,0.09578861475066194,-0.06539450558637083,-0.12219546333046061,0.9428090415820632,0.9428090415820632
sub-09,rc8,Comedy,200.0,230.0,30,1,1,1,-0.20394167105140437,0.04973874162568004,0.3834552375280222,0.17853881462346202,-0.06146753536455814,-0.08545561881024637,0.0037022718726643033,0.12402356969716107,0.46418303409532563,0.6375184947840618,-0.0089791337293529
sub-09,uc3,Comedy,244.0,274.0,30,1,2,1,-0.16429462683192791,-0.057668782795142225,0.347844256436,0.060305845754986334,0.13888228323258484,-0.42855347359436974,0.2170471165862568,0.014047148724005542,0.43599831735706357,0.9517881753114162,0.3052905467980014
sub-09,rh10,Horror,288.0,318.0,30,3,3,4,0.05374562220173044,-0.15748299572439825,-0.26675855395747555,-0.11914598885307726,-0.06791062774222376,0.2686226422131919,0.03085106685461425,-0.5040142551102565,-0.6730565894743188,1.9125554843521857,-0.026937401188059
sub-09,rc4,Comedy,332.0,362.0,30,1,1,1,-0.07446610268225687,-0.14470116695555962,-0.371392465878151,-0.13373784520165044,-0.09830993934172363,-0.11385476741120784,0.07776267437269983,0.02751558071574286,-0.1485437368929735,0.6375184947840618,-0.0089791337293529
sub-09,rh4,Horror,380.0,410.0,30,4,2,4,-0.20121556753934894,-0.23475510270166483,-0.12327074384081663,-0.08618735726373823,-0.40566952991952954,-0.510594979762631,0.05997104465897216,0.07175707462999836,-0.36526027717248366,1.9215346180815387,-0.6644558959721208
sub-09,uc2,Comedy,428.0,458.0,30,1,3,1,0.06431327295553065,-0.198059539113905,-0.27918073744655525,-0.24822081392176693,-0.29440022957730116,-0.3540351622433733,0.19316723634695127,0.15240001652896162,0.8359376443438917,1.2660578558387705,0.6195602273253559
sub-09,rh5,Horror,476.0,506.0,30,3,2,2,-0.2401876893715059,-0.31008781383760653,-0.5099311337225033,0.11731543081070246,0.18910411004112798,0.062159462038841616,0.13189189235056423,0.0828529388564356,0.13565383934335237,1.598285803824831,-0.3412070817154134
sub-09,rh8,Horror,520.0,550.0,30,4,1,4,-0.04815828808179732,0.3273831628721159,0.6303048094250403,-0.1115646757176918,-0.3749429054814944,-0.7332529281753065,-0.18327185932611012,-0.09352185837795239,-0.0865070681872758,1.607264937554184,-0.9787255764994752
sub-09,rc10,Comedy,568.0,598.0,30,2,3,2,0.06873221873701615,-0.17443147517801863,-0.25982072006462376,-0.04638980748885776,-0.08621815185335838,0.026720034902101432,0.08355087905195838,-0.23379335859056805,-0.2712871933010335,1.589306670095478,0.2963114130686484
sub-09,uh3,Horror,616.0,646.0,30,3,2,3,0.020674213022961872,0.0846480590802217,0.2283579234219187,0.025535710619196617,-0.42774055540113964,-1.1755523791374767,-0.10270493004268591,0.005260035186695466,0.002304062025717371,1.598285803824831,-0.3412070817154134
sub-09,rc7,Comedy,660.0,690.0,30,3,4,2,-0.0959171520141471,-0.16491261254154393,0.499241132908276,-0.15255326650789697,-0.43843566475305684,-0.036760259278871894,-0.16828421371528146,-0.16000651669283167,-0.5804261212947044,2.22682516487954,0.2873322793392954
sub-09,uh4,Horror,704.0,734.0,30,3,3,3,0.11171222922891584,-0.040005862967159786,-0.1496017271000173,0.017185982484800657,-0.0682554501873075,-0.1377854568338632,0.1378063337999333,-0.1423917972406766,-0.26644222778730053,1.9125554843521857,-0.026937401188059
sub-10,rh6,Horror,12.0,42.0,30,3,3,3,-0.11659760876406011,-0.03205360280538279,-0.32149383418643585,0.03267914189857669,0.06755042338582443,0.28686806777430107,-0.028407425339162528,-0.0016804852006887749,0.1827182083393951,1.5007980661918556,-0.1154460050916812
sub-10,uh1,Horror,60.0,90.0,30,0,3,3,-0.14087012209909006,-0.12167405717923807,0.12598325947989858,-0.03411441466239268,-0.19548866235389672,-0.006995282949510473,0.11303220580803078,0.242089615578326,-0.005731794815313119,0.6926760305500873,0.6926760305500873
sub-10,rc2,Comedy,108.0,138.0,30,3,4,3,0.20042362075310552,-0.07505088060575842,0.2721958097053374,-0.20348292342807545,-0.0919605402909112,0.2187272417213985,-0.09597220662497105,-0.3071386007543678,0.23519379191552353,1.7316900763752183,0.1154460050916812
sub-10,rh2,Horror,152.0,182.0,30,3,3,4,0.1707254711404847,0.1673565316907019,-0.026398718155607327,-0.09505862643929394,0.04422351213210215,0.061392186853592844,0.13498569409244388,-0.27674918889786265,0.3818659392948051,1.5007980661918556,-0.1154460050916812
sub-10,rh1,Horror,196.0,226.0,30,1,1,3,-0.11942316385520717,-0.05093271234651664,0.15523755443501944,-0.20144301435717954,0.16294825870379964,0.09562463118081128,0.025830351084430665,0.2879402535813506,-0.17589257277251197,0.5002660220639519,-0.038482001697227
sub-10,rc9,Comedy,244.0,274.0,30,4,4,2,-0.034329276085476965,-0.026425107766413575,0.008645341463207373,-0.07869683676627418,-0.10243952712777109,-0.3310574650321213,0.04335136766406588,-0.055908473064223675,0.23216220842223995,2.0010640882558075,-0.1539280067889083
sub-10,uc4,Comedy,288.0,318.0,30,4,4,2,0.04969801527242934,-0.26268076229973636,0.20509596454024806,-0.0761419881986835,-0.08622356412533091,-0.3484843437086132,0.28319477891556066,0.035109515367476224,0.036814968244174004,2.0010640882558075,-0.1539280067889083
sub-10,rh9,Horror,332.0,362.0,30,2,2,4,0.12268952427116708,0.11599819432674367,0.7182790598333975,0.07238183887361979,0.05639232006572328,0.03523732536156851,0.013645684552493959,-0.19273969637625082,-0.06608834079332747,1.0005320441279038,-0.0769640033944541
sub-10,uh2,Horror,376.0,406.0,30,0,3,1,-0.19454939723451647,0.10526072382267604,-0.4262436030648528,-0.058731881759440344,0.02645569659435697,-0.21842677334926558,-0.10948657481955651,0.030081707434730022,0.16598779583806572,0.6926760305500873,0.6926760305500873
sub-10,rc6,Comedy,420.0,450.0,30,3,3,3,-0.09191633052176967,0.27313950963279143,0.05479534648080812,0.0276340689239404,-0.3611390487734763,-0.06020520766518885,-0.15232302964073652,-0.17768330658169496,-0.0754040266676066,1.5007980661918556,-0.1154460050916812
sub-10,rh3,Horror,468.0,498.0,30,4,3,3,0.15911665365211292,0.29615355596049114,-0.08239683960329428,-0.07554448015804735,-0.27886618817560616,-0.08707417008968958,0.1439010297256746,0.0012162296503091196,0.01491237899305915,1.7701720780724457,-0.3848200169722707
sub-10,rc11,Comedy,512.0,542.0,30,3,3,1,0.25435508720001737,-0.048202121764188345,0.47156999217632334,0.10950046572790266,-0.054532901165381564,0.44580243193992963,-0.09637588983950487,-0.0737861467065569,0.13355951082402576,1.5007980661918556,-0.1154460050916812
sub-10,uc1,Comedy,560.0,590.0,30,2,4,2,-0.05584130853079702,-0.12175216157425432,-0.09339291897766787,-0.0009818585260690793,0.10331090754593555,0.252557110035376,0.043183173392164445,-0.07947589671836938,-0.46793548065008767,1.4623160644946285,0.3848200169722707
sub-10,rh11,Horror,608.0,638.0,30,2,2,4,-0.006302866039655209,-0.021261665866210967,0.16299278948385537,0.07718928464397976,0.05722711423021132,-0.33580741608969555,0.27427175058888786,0.0893709335565515,-0.186369189711395,1.0005320441279038,-0.0769640033944541
sub-10,rc12,Comedy,656.0,686.0,30,4,3,0,-0.00700309032614318,-0.12952122217032155,-0.06764709494435306,0.2881042850116133,-0.04276637946609113,0.09418672544323944,0.03149961886812691,-0.09549695163537011,0.5731239262561718,1.7701720780724457,-0.3848200169722707
sub-10,rc5,Comedy,700.0,730.0,30,4,4,2,-0.2623009331791743,0.1172802431726679,0.16073883933570643,-0.010915464690910464,0.023809435283614174,-0.11084186259239803,-0.1687157954762692,-0.22007121505098676,-0.2042721424538088,2.0010640882558075,-0.1539280067889083
sub-10,rc3,Comedy,12.0,42.0,30,1,1,1,0.09201736924706554,0.08748718835305178,0.22487814786124766,0.026405410066774448,-0.11239532620797141,0.23457586388615176,0.10391721473258589,-0.07666439044896618,0.389886229784971,0.539972451087909,0.025712973861329
sub-10,rh12,Horror,60.0,90.0,30,2,2,4,0.11985148010457687,0.08236767430318091,-0.3296231335853456,-0.07154365696214876,0.00887133304804224,-0.296248587025841,0.11151758764956994,0.10764600865665667,-0.11995913235302853,1.079944902175818,0.051425947722658
sub-10,rc1,Comedy,108.0,138.0,30,3,3,2,-0.021841455555101585,0.07103752842602631,-0.2270566587049533,-0.006038358332808633,-0.055178430793227165,-0.07760548037401532,0.08946395447897978,3.056364298744674e-05,0.5509475081290726,1.619917353263727,0.077138921583987
sub-10,rh7,Horror,152.0,182.0,30,4,2,4,-0.04655089900008148,0.1093796388826486,-0.46634858944864543,-0.1327080349961372,0.1845453249469618,-0.6444610919626107,-0.26558122073535306,-0.03423903474827332,-0.4951944077038025,1.594204379402398,-0.462833529503922
sub-10,rc8,Comedy,200.0,230.0,30,4,4,4,0.056527492414502355,-0.11431277113027594,0.38171958986017246,0.1183964335035389,-0.1317347049858974,0.4243963129121317,0.1745647512611222,0.14256575572869692,0.5963430087217104,2.159889804351636,0.102851895445316
sub-10,uc3,Comedy,244.0,274.0,30,2,2,2,0.1480424109199266,-0.08471013555166404,0.05084957284911294,0.18955187870680365,-0.12272053530566315,-0.3127670411697745,-0.19697536947791405,-0.07748697301450377,-0.2559459011702527,1.079944902175818,0.051425947722658
sub-10,rh10,Horror,288.0,318.0,30,4,2,4,0.10261443268408277,0.08858731830389377,-0.20492830777615198,-0.20202131224213488,0.20671787477744075,0.4297694653106712,-0.24190055968780286,0.2375112607097381,-0.2923325306718178,1.594204379402398,-0.462833529503922
sub-10,rc4,Comedy,332.0,362.0,30,1,1,1,-0.17072751994242152,-0.1948544565067105,0.125278579433408,0.016579168004950115,0.07096255500996713,0.41566318522181855,0.0324590757376476,-0.08936758229233914,0.12191432394803421,0.539972451087909,0.025712973861329
sub-10,rh4,Horror,380.0,410.0,30,4,2,4,0.08209368285374043,-0.19868927637031059,0.09012351788914537,0.13823119528909605,0.00809663923108662,-0.5561980911274047,-0.3109238698745532,0.03267328886172578,-0.7384282880749522,1.594204379402398,-0.462833529503922
sub-10,uc2,Comedy,428.0,458.0,30,0,4,2,0.044352500799957756,-0.20909286124731055,0.21558279985278186,-0.08422299423529964,-0.4730687387926037,-0.13708150304222172,0.11099127659185379,-0.29092046464581345,0.5133074046571439,1.131370849898476,1.131370849898476
sub-10,rh5,Horror,476.0,506.0,30,4,4,4,0.3272683044147153,0.358448693031541,0.335495919852516,-0.0350672617887646,-0.030871266315710445,0.4004691931394221,-0.0260161294337583,0.06398550443117194,-0.13269577797953955,2.159889804351636,0.102851895445316
sub-10,rh8,Horror,520.0,550.0,30,4,0,4,0.04087098565238886,-0.06684457414416853,0.13351327856521125,-0.1482697481434633,-0.03046695847816263,-0.35985443186787974,-0.011413735058002025,-0.005458404801452277,-0.7736742958044909,1.02851895445316,-1.02851895445316
sub-10,rc10,Comedy,568.0,598.0,30,4,4,0,0.5034121712774653,0.4477176849579406,0.5351963037460564,0.07805746342045253,-0.08171153216958615,0.46211392952282926,0.16367525007473474,-0.1110057425881333,0.6160643562841723,2.159889804351636,0.102851895445316
sub-10,uh3,Horror,616.0,646.0,30,1,1,3,0.03493395577629336,0.1496246977743061,0.1820441485770387,-0.18363380348975483,0.46887241040879346,-0.6055874756233699,-0.0858257791455294,0.31665702363665693,-0.29577376763543295,0.539972451087909,0.025712973861329
sub-10,rc7,Comedy,660.0,690.0,30,2,4,2,-0.3222632607815102,-0.3379828508145568,-0.5692255212647336,0.11181657004425768,-0.30190381582843195,0.006807965768636665,0.47468997035116123,-0.043409926492344056,0.6841731730326286,1.645630327125056,0.617111372671896
sub-10,uh4,Horror,704.0,734.0,30,4,4,3,-0.016009248086317915,0.12931882553677762,-0.15366748588359738,-0.16531190453541617,0.027224728840168844,-0.33606601736225566,-0.2897286253041051,-0.14727336990101833,-0.13296549668725405,2.159889804351636,0.102851895445316
sub-11,rh6,Horror,12.0,42.0,30,3,4,3,0.21109409559145567,-0.2200927685945127,-0.087384410341001,-0.045093706727395,-0.0011555633405951448,0.07140320682974735,-0.13172141445831598,0.07337903051826422,-0.07043710786482127,1.911898474567111,0.2956544032835739
sub-11,uh1,Horror,60.0,90.0,30,3,1,3,0.06863782335799354,-0.059219154774113325,-0.09894094812527915,-0.08335964581734231,-0.08850990212663246,-0.06199745546287838,0.035903458495103686,0.03930457790920714,-0.0004158476042455561,1.084066145373104,-0.5321779259104329
sub-11,rc2,Comedy,108.0,138.0,30,3,3,1,0.01832449891762338,-0.239139267614655,0.043606774458704096,-0.23756266591955755,-0.12834327392169914,-0.15921954978175226,-0.010842784059872485,-0.15338252991209925,0.21273089326134373,1.635954364835775,0.0197102935522382
sub-11,rh2,Horror,152.0,182.0,30,2,1,4,0.17428655403965107,0.054297676863011145,0.25199861441880816,0.07989282284776852,-0.06613465177164354,-0.14062085169220848,-0.15149527215135933,-0.039709968389660004,0.04813551315737684,0.8146921334925146,-0.2628039140298434
sub-11,rh1,Horror,196.0,226.0,30,1,1,3,-0.2070748749276025,-0.06171823479276186,0.3430771468756341,0.28143867544843437,-0.0442470428714514,0.006899637103127063,-0.09279306796706785,0.23852819329251201,0.022729168907017944,0.545318121611925,0.0065700978507461
sub-11,rc9,Comedy,244.0,274.0,30,4,4,2,-0.011269727755479925,-0.15331086029815197,-0.10933176060902508,0.10362177324910622,-0.24081487390490638,-0.3835022148277124,-0.035958521407693275,-0.17075758400683363,0.03069604501287978,2.1812724864477,0.0262803914029844
sub-11,uc4,Comedy,288.0,318.0,30,2,3,2,0.04018665495704038,0.07680912000683497,-0.12572021674916029,0.02658464794519754,-0.09866296658890258,0.19797841609360864,0.14308375821455382,0.11870388706831933,-0.12244996119481877,1.3665803529551857,0.2890843054328277
sub-11,rh9,Horror,332.0,362.0,30,2,2,3,0.0005396776986377014,-0.0264427338763756,-0.2011542997819463,0.007967252677063372,0.009882188284910576,-0.3425410425976303,0.2539157239039944,0.022547447067845894,-0.18848270972687875,1.09063624322385,0.0131401957014922
sub-11,uh2,Horror,376.0,406.0,30,2,2,3,-0.002213371750897475,-0.18033238503940763,0.15735939939566718,0.03235141126959808,-0.22201846679634976,-0.21704624556271712,-0.0022670413903900814,0.02421934220582202,0.26022377262465357,1.09063624322385,0.0131401957014922
sub-11,rc6,Comedy,420.0,450.0,30,4,4,2,0.02128709880673932,-0.09672337938818378,-0.026999152682169937,-0.06811374522126734,-0.3184688348937216,-0.38691448808489604,0.012808515484565481,-0.030736612780575923,0.06200740643199072,2.1812724864477,0.0262803914029844
sub-11,rh3,Horror,468.0,498.0,30,2,1,3,0.010718065657724799,0.07393830025391648,0.07860042011029132,0.029840829157521464,-0.18788214048014695,0.36913987953071203,-0.10716624044168052,0.19260696751013393,-0.08979238549011634,0.8146921334925146,-0.2628039140298434
sub-11,rc11,Comedy,512.0,542.0,30,4,4,1,-0.019374819000100026,0.02154427759995988,0.12563843104451017,0.03638723923532167,0.11004824549478506,-0.5026797738553223,0.14744689282078868,-0.06171618264912023,0.10165281592966868,2.1812724864477,0.0262803914029844
sub-11,uc1,Comedy,560.0,590.0,30,2,3,2,-0.21635389240994699,-0.2155908768773967,-0.024436529348636587,0.0005272237114293793,-0.12092101955304549,0.08709585155569906,0.10189354338558321,0.09303774336633096,0.2708645387630192,1.3665803529551857,0.2890843054328277
sub-11,rh11,Horror,608.0,638.0,30,3,2,4,0.022001885667882165,-0.29033513451621673,-0.055738867935755464,-0.06502477190302174,-0.2547084278627242,0.11256140978679725,-0.054749829481904266,0.6073072752203738,-0.024962983455714884,1.3600102551044395,-0.2562338161790973
sub-11,rc12,Comedy,656.0,686.0,30,4,4,2,0.21256795374457513,-0.24621999106424125,-0.1636165903956372,-0.1468478057000634,-0.49763637147583334,0.11304527780978584,0.1151744679054564,-0.11983910362825809,0.29927502919552634,2.1812724864477,0.0262803914029844
sub-11,rc5,Comedy,700.0,730.0,30,1,2,1,0.08271933990544875,0.43800860456190155,0.1357954993475704,-0.17965927858786632,-0.26468410298149164,-0.24143251578466446,-0.12661697876011352,0.22176308555567173,-0.19516367019902875,0.8212622313432607,0.2825142075820817
sub-11,rc3,Comedy,12.0,42.0,30,4,4,2,0.08093111228092417,-0.09749733717203603,-0.19399892092749532,0.14721357135666344,0.26801644509296213,0.003662223423080557,0.09694509733834515,0.13390774366433186,0.07637641966663077,1.9073687797756025,-0.0602326983087032
sub-11,rh12,Horror,60.0,90.0,30,2,2,4,-0.2801340512075756,-0.36299696779947144,-0.6261911369308067,-0.03601516543755094,0.20314099003814903,-0.19507873536276646,0.08916202324616587,0.4414243549372359,0.6264675261964576,0.9536843898878012,-0.0301163491543516
sub-11,rc1,Comedy,108.0,138.0,30,2,2,1,-0.2895966078215615,-0.739973165424832,-0.9575463423939373,0.14700346778657838,-0.2842163726318338,-0.20414074075504632,-0.09555495149684194,-0.05588569703697179,-0.02041245815093856,0.9536843898878012,-0.0301163491543516
sub-11,rh7,Horror,152.0,182.0,30,3,3,4,-0.19171872727445477,0.1133746999804246,-0.8907948106013862,-0.18116068360798326,-0.2865199455745227,-0.48300219413823714,0.05324298829917705,0.21372142756147788,0.4449699482461316,1.430526584831702,-0.0451745237315274
sub-11,rc8,Comedy,200.0,230.0,30,4,4,2,-0.23453712754473108,-0.695445955813698,-0.6790887978111458,-0.08529669730609467,-0.1647912447569107,-0.050817821084777934,0.016631171174807426,0.5354317584597508,0.18529011742031987,1.9073687797756025,-0.0602326983087032
sub-11,uc3,Comedy,244.0,274.0,30,4,4,1,-0.04135330504662839,-0.14462819502768634,0.16263773747178017,0.11654088637045228,0.147120364585891,-0.1792442250171927,-0.14803627539034023,0.21339676440991248,-0.22212440433738384,1.9073687797756025,-0.0602326983087032
sub-11,rh10,Horror,288.0,318.0,30,3,4,3,0.21824564410311525,0.024982351689884646,0.17915573298164839,-0.021594899966874807,0.019043864510831864,0.030321159261311355,-0.21887810060856916,-0.3090833016038064,-0.005768895275777404,1.6614185950150644,0.1857174864518349
sub-11,rc4,Comedy,332.0,362.0,30,2,2,1,-0.18662667759679025,-0.3979815737414646,-0.41050064446243584,-0.044818892763379206,-0.34556887191617386,-0.17062825255005748,0.052444198185614334,-0.3294575292765007,-0.033706642500563565,0.9536843898878012,-0.0301163491543516
sub-11,rh4,Horror,380.0,410.0,30,2,2,4,-0.290793514358293,-0.4430866079005663,-0.6055965543610917,0.0645603735866472,-0.13991374276990415,-0.2345082834470757,0.07309025968378516,0.03450953737414632,-0.012843457392322066,0.9536843898878012,-0.0301163491543516
sub-11,uc2,Comedy,428.0,458.0,30,2,3,1,-0.27094536038667755,-0.11534813446972172,-0.3679048134589983,0.05475778349066658,-0.32522820604194336,-0.13129489796832378,0.011565668682437438,-0.31192161437576776,0.15239293411408017,1.1845764000711638,0.2007756610290108
sub-11,rh5,Horror,476.0,506.0,30,4,4,3,0.01000566232315946,-0.01586534030635129,0.2162886579296765,-0.014483782252772592,0.3177172180873996,0.3659208076174143,-0.34439161299406074,-0.12410117419242042,-0.2929366393116067,1.9073687797756025,-0.0602326983087032
sub-11,rh8,Horror,520.0,550.0,30,2,1,4,-0.041260098290923586,0.07857849608126488,0.003894373462893075,-0.15938487614630947,-0.40922794792100897,-0.561666928406894,0.031200337596050398,0.06559166057426617,-0.08040645075647371,0.7227923797044389,-0.261008359337714
sub-11,rc10,Comedy,568.0,598.0,30,3,4,1,-0.19645984397804575,-0.6024233094008684,-0.18170370927964585,-0.010395690263115468,0.014151538199305983,-0.07538581821842491,-0.1900921012106258,-0.14121171302432572,0.2729488841219088,1.6614185950150644,0.1857174864518349
sub-11,uh3,Horror,616.0,646.0,30,1,2,4,-0.42012740737414156,-0.5174691484753489,-0.7337796873526731,-0.30855882327340434,-0.19669048167912717,-0.26909132202536984,-0.1265639995338114,-0.17848581591854346,-0.3645165896031445,0.7077342051272631,0.2158338356061866
sub-11,rc7,Comedy,660.0,690.0,30,4,4,1,0.031033098354876176,-0.17231586329095536,-0.500651638036899,-0.09789742095709292,-0.4095613273276862,-0.32623538309121475,0.2037232158887809,-0.092065145625396,0.02395346147303077,1.9073687797756025,-0.0602326983087032
sub-11,uh4,Horror,704.0,734.0,30,4,4,4,0.02175021167754738,0.24882351044622877,0.11152013398452414,-0.2101973860096181,-0.4421607706339696,0.025691727881877235,0.052709031916138495,-0.09776516122122372,-0.011990745221372357,1.9073687797756025,-0.0602326983087032
sub-12,rh6,Horror,12.0,42.0,30,3,3,2,0.2416882108562047,-0.04712313630128715,-0.022635013836913864,-0.039030731122233216,0.18124088804592137,-0.28347625149875527,-0.19827639729901386,0.09853558830270732,-0.024249588156609058,1.54277843167974,0.0
sub-12,uh1,Horror,60.0,90.0,30,3,2,2,-0.10111752929034563,-0.02465765637923796,0.09237186256254275,0.12189905117209314,0.008495153945148349,0.1501876002462217,0.0018648375683202809,-0.0836563372579607,0.15091184343496195,1.28564869306645,-0.2571297386132899
sub-12,rc2,Comedy,108.0,138.0,30,4,4,3,0.04929377254985664,-0.03374623651459552,-0.04734795730355433,0.015127493825366902,-0.018975963756297932,0.1529669081320939,0.011976776861284344,0.044703611034841814,0.05933207467753383,2.05703790890632,0.0
sub-12,rh2,Horror,152.0,182.0,30,1,3,2,-0.06574655781923848,-0.22976718520658634,-0.2271364036278422,0.09817004169023212,0.026141611112031716,0.13250243386197308,-0.15663040043546556,-0.3262933805579905,0.15136665539284425,1.02851895445316,0.5142594772265799
sub-12,rh1,Horror,196.0,226.0,30,2,3,3,-0.03960194865772712,0.08846304629982699,-0.0534780101503907,-0.07022302327266217,0.054586276552570756,0.11546835334309265,0.08986827627116947,0.06242199208805458,-0.020427595192590096,1.28564869306645,0.2571297386132899
sub-12,rc9,Comedy,244.0,274.0,30,3,3,2,-0.10233151982058553,-0.04196994314867584,0.16440956304375834,0.08531138392535169,0.06240942205805383,-0.010146403272262062,-0.07169112403954178,0.07881112064215598,0.16371939690161416,1.54277843167974,0.0
sub-12,uc4,Comedy,288.0,318.0,30,2,2,1,0.0028044961870580198,0.010169998659091517,0.13587520372102668,0.19514056089488796,0.007278917796147311,0.14612324768442644,-0.02343927909250588,-0.05600331029850588,-0.14446738219876323,1.02851895445316,0.0
sub-12,rh9,Horror,332.0,362.0,30,3,4,2,-0.004308174053524694,0.0950315188453856,-0.11367389706124102,0.00038958191860853365,0.004169761938896283,0.3477863564037291,-0.033065416874567925,-0.0936274874655606,-0.05274438490582467,1.79990817029303,0.2571297386132901
sub-12,uh2,Horror,376.0,406.0,30,3,3,2,-0.15675234336756444,0.003491575936356038,-0.37710442307880626,-0.02287937509581265,0.08322594956639064,0.09691714177311467,0.059348075965141224,-0.17376617874128883,0.05680879330929426,1.54277843167974,0.0
sub-12,rc6,Comedy,420.0,450.0,30,1,2,1,-0.28327720939514933,0.008196449570013042,-0.010114847348727357,-0.09221700015886167,-0.11166099676538215,-0.012994780943438334,-0.05605505813397591,-0.21106483261428188,0.10239038918240677,0.77138921583987,0.2571297386132899
sub-12,rh3,Horror,468.0,498.0,30,2,3,2,0.007005186219268425,-0.1603371641047417,-0.025264274445936902,-0.060382873313171305,0.2082170142127775,0.00243993352118404,-0.0958328804583866,0.043376388151728916,0.1603121006914962,1.28564869306645,0.2571297386132899
sub-12,rc11,Comedy,512.0,542.0,30,4,3,2,-0.087107520599598,0.1184397077369109,-0.13682675753157325,-0.14949829332829717,0.12138252884886724,0.24365194511893754,0.35383968708723945,-0.0440399320067447,-0.03806927522514338,1.79990817029303,-0.2571297386132901
sub-12,uc1,Comedy,560.0,590.0,30,3,3,2,-0.15788873101411502,-0.015494539717876381,0.02730528103660016,0.10086073471510246,-0.1733354159415069,-0.0340048141112479,0.05808115961261242,0.003164818614857143,0.005341772855751102,1.54277843167974,0.0
sub-12,rh11,Horror,608.0,638.0,30,2,2,3,-0.02183007806126042,0.054334024714903915,-0.029844143597472995,0.177115742378073,-0.20281553028780852,-0.11575432764937835,-0.09419044499169131,-0.052434297467645316,-0.08822466053668876,1.02851895445316,0.0
sub-12,rc12,Comedy,656.0,686.0,30,4,2,3,-0.05565661979272315,0.16520318874077244,0.24113120299802918,-0.052905128201754636,-0.4215454592250669,0.01987649753397193,0.1410625994353082,-0.13480575646489323,0.019600591194589834,1.54277843167974,-0.5142594772265799
sub-12,rc5,Comedy,700.0,730.0,30,4,2,3,-0.147086365972594,0.17061059114560972,0.11552305962033733,-0.15987714892560606,0.054871470366072664,0.09776169946778193,0.01642649433286204,-0.052058224868759315,-0.2597199714110189,1.54277843167974,-0.5142594772265799
sub-12,rc3,Comedy,12.0,42.0,30,4,3,3,-0.07161736848732185,-0.14579712652588134,0.03734314941385198,-0.19025151284158714,-0.15014137233582509,0.13703941025214467,0.048252980432636663,-0.041920436171661454,-0.07736495851629428,1.8856180831641267,-0.3771236166328254
sub-12,rh12,Horror,60.0,90.0,30,3,4,2,-0.1945212592487909,-0.08755276466866779,0.12467534414926931,-0.04577239721011476,0.023879543588193042,-0.14260224316407216,-0.16611777831989785,-0.03544204163834499,-0.1359764175859992,1.8541911151113912,0.1571348402636773
sub-12,rc1,Comedy,108.0,138.0,30,3,3,2,0.06017220743580219,0.020817869202304284,0.18544310867924235,0.15428797842146288,0.154819361362249,0.11082172992757441,0.12843803141909754,0.07609829506981478,-0.1080000192082583,1.6027753706895076,-0.0942809041582063
sub-12,rh7,Horror,152.0,182.0,30,2,3,3,0.020656359614825526,-0.05826117541519264,0.13250383602762894,-0.2856425836739168,-0.2345856043477709,-0.3735736632756389,-0.11542613954423613,0.0016073440196542222,-0.14280845762138805,1.3199326582148887,0.1885618083164126
sub-12,rc8,Comedy,200.0,230.0,30,4,3,3,0.2059654579319429,-0.21374717933519097,0.04422070739493622,-0.03536068016477171,-0.22693305893980248,-0.02538685697251728,0.1935049915549315,0.07620303652336262,-0.08709761387416558,1.8856180831641267,-0.3771236166328254
sub-12,uc3,Comedy,244.0,274.0,30,2,2,3,-0.22995470519577185,-0.40123452932201537,-0.045342788826516586,0.08906252144338878,0.05687263561188245,0.284552670251029,0.055264587523856934,-0.05351064214000349,0.1327973305259341,1.068516913793005,-0.0628539361054709
sub-12,rh10,Horror,288.0,318.0,30,1,3,2,-0.34602454658485204,-0.1527265987284221,-0.18324176994926228,0.015719516299655366,-0.07542050486899768,-0.08826907731872989,0.27912060285836293,-0.03390371260311413,-0.045816052069845514,1.0370899457402698,0.4714045207910316
sub-12,rc4,Comedy,332.0,362.0,30,1,2,1,-0.07189845580788314,0.14389758105260433,-0.03391250050609431,0.05540168367042758,0.06979444527988213,-0.03142630042087905,-0.06150742813030128,-0.017751420778644778,-0.07436595722117226,0.7856742013183862,0.2199887763691481
sub-12,rh4,Horror,380.0,410.0,30,3,3,3,-0.08263744394209245,-0.09917937353642185,-0.11771098124750959,-0.038201664299162344,-0.06947417561484291,0.2822103397210961,0.27794115723593843,0.27851912417901525,0.09964255998441186,1.6027753706895076,-0.0942809041582063
sub-12,uc2,Comedy,428.0,458.0,30,1,3,2,-0.04237954096032463,-0.2226505915459597,-0.012439482442995909,-0.08035914463529438,-0.23757148926513336,-0.04645317320850161,-0.15667630259870868,-0.3159497926786812,-0.08521708430316705,1.0370899457402698,0.4714045207910316
sub-12,rh5,Horror,476.0,506.0,30,4,4,3,0.05299754738887953,-0.0064152094476786214,0.06497548783233567,0.007491039484308881,0.15363688272674988,-0.14050746215704008,-0.2884721361412153,-0.4130875109930588,-0.26948834439869807,2.13703382758601,-0.1257078722109418
sub-12,rh8,Horror,520.0,550.0,30,2,2,2,-0.058576696053687725,-0.04804624757834677,0.0462283489760686,-0.09472656771344803,0.03338468194732806,-0.19568843287537097,-0.08052306074744955,-0.08130493845285294,0.24657138972638087,1.068516913793005,-0.0628539361054709
sub-12,rc10,Comedy,568.0,598.0,30,2,3,2,0.03165605048340632,0.15906221661236533,0.0629439336146869,0.2858078247637591,0.12448490148534212,-0.07792985296887359,-0.03432023904326474,0.18196818788028524,0.08273621137839274,1.3199326582148887,0.1885618083164126
sub-12,uh3,Horror,616.0,646.0,30,2,2,2,-0.09006567319162398,-0.2624915875385665,0.06712287954768832,-0.23469513544508502,-0.22597491974638473,-0.0706457475799576,-0.02845128455290046,-0.019214843052932317,-0.18397668226273733,1.068516913793005,-0.0628539361054709
sub-12,rc7,Comedy,660.0,690.0,30,4,3,3,0.0986518594580635,0.1473727432313675,0.1535916618408926,-0.0328941035459444,-0.15761227674255732,-0.5240651198234675,-0.07042248843327756,-0.06346721285689776,0.09254228864458039,1.8856180831641267,-0.3771236166328254
sub-12,uh4,Horror,704.0,734.0,30,2,2,2,-0.18516114139252304,-0.08433276440131257,-0.015210062344415265,-0.1377067974782274,-0.0031191533820090433,0.06305114927706985,0.11174092619802192,0.11586320452317542,0.10872133234798562,1.068516913793005,-0.0628539361054709
sub-13,rh6,Horror,12.0,42.0,30,2,3,3,0.04494828975602906,0.03647304753279933,0.1689992006955634,-0.26366690489086014,-0.5722922138383914,-0.4341957321265724,-0.1658570329061863,-0.2787302118922782,0.1383175559291988,1.2795265564328,0.3367175148507368
sub-13,uh1,Horror,60.0,90.0,30,2,2,2,0.00919081709794432,0.08067769645792647,-0.2172612413602617,-0.06215639097057365,0.12312162713729355,0.14134971008596303,0.17882272564614488,-0.0930156522821956,-0.05368431236485136,1.0101525445522106,0.0673435029701473
sub-13,rc2,Comedy,108.0,138.0,30,4,4,3,-0.05928639946070661,-0.04190376870570414,0.13254043740698024,-0.18403235255297168,-0.32686590775623325,0.08139751069503848,-0.04158688154912773,-0.22997095532262096,-0.09922423873327349,2.020305089104421,0.1346870059402947
sub-13,rh2,Horror,152.0,182.0,30,3,2,3,-0.0016246217976928102,-0.01426878420454138,0.15721053520125888,0.005776099595428542,0.010327444580356837,0.0018506990825347888,-0.12765362082866033,-0.022056453881509105,-0.11104391824106415,1.2458548049477265,-0.1683587574253685
sub-13,rh1,Horror,196.0,226.0,30,1,2,2,-0.10320987163974193,-0.09655777456130825,0.09469891806857539,0.07672453566685515,-0.06271874963293106,0.04648460379006799,0.03868247722627312,-0.015451214791766355,0.17460382097242846,0.7744502841566948,0.3030457633656632
sub-13,rc9,Comedy,244.0,274.0,30,3,3,2,0.10315781062032296,0.11298942124175085,0.20323000427981824,0.02752995881701804,-0.37584623417584045,-0.11701299515506677,-0.0005647375202598254,-0.35729280484552767,-0.13277818919895337,1.515228816828316,0.101015254455221
sub-13,uc4,Comedy,288.0,318.0,30,3,2,2,0.08211497742372134,-0.0570528974149118,0.20475325359718277,-0.06421078168669062,0.01909779441856984,0.08026514940586274,-0.15330241352973936,-0.23325810538762695,-0.015862342502851585,1.2458548049477265,-0.1683587574253685
sub-13,rh9,Horror,332.0,362.0,30,2,2,2,0.06821245463245669,0.12756328543051917,0.032144282376506926,0.18000687818301608,0.03921276217669416,0.14882112836543387,0.018010944100721755,-0.13533239534912214,0.07089107359404301,1.0101525445522106,0.0673435029701473
sub-13,uh2,Horror,376.0,406.0,30,3,3,2,0.3210845348268404,0.19548151730556235,0.43713299149137824,0.1296828948377305,-0.18403641852966657,0.2066711512992759,0.0027552925081646027,-0.10558656966798527,0.1434051475229354,1.515228816828316,0.101015254455221
sub-13,rc6,Comedy,420.0,450.0,30,4,3,3,-0.13214680592856465,-0.053831726376925015,-0.31671198991481947,0.07333613049878666,-0.1595443234707455,-0.0542612911507248,-0.044383817038988305,0.11196107419173995,0.01557991916753938,1.750931077223832,-0.1346870059402947
sub-13,rh3,Horror,468.0,498.0,30,3,2,3,-0.3513873688905985,-0.2898526795485256,-0.3360645005972267,0.29010764949530027,0.1345692237197385,0.19428818829675637,-0.08861646637974734,0.3343141008457339,0.42100547499633284,1.2458548049477265,-0.1683587574253685
sub-13,rc11,Comedy,512.0,542.0,30,4,4,2,0.08949777456158052,-0.06164437017379705,0.03934870686483445,-0.050240660808965734,-0.07969529676531871,0.21319430606225462,0.2662214494966926,-0.12734637191269127,0.02197330870398311,2.020305089104421,0.1346870059402947
sub-13,uc1,Comedy,560.0,590.0,30,4,3,3,0.019779047575662335,0.18103540228729498,-0.12240720863313292,-0.17636104818856743,-0.15643254502345277,0.15215125764782544,0.00343005856223004,-0.5203860854594105,-0.2208273143434917,1.750931077223832,-0.1346870059402947
sub-13,rh11,Horror,608.0,638.0,30,4,2,4,-0.16576624568634543,-0.2196153686760724,-0.10788327312283115,0.13214668958275247,0.1563619874759123,0.2342763053590852,0.15398731971665552,0.30007343181171986,0.3160688721502639,1.4815570653432422,-0.4040610178208842
sub-13,rc12,Comedy,656.0,686.0,30,4,3,2,-0.30974061067892433,-0.40008841843724624,-0.29771066162265764,-0.09689050482391356,-0.36895442931417133,-0.08858774162156023,-0.06158201491459012,-0.18870134472152905,0.1762637653484795,1.750931077223832,-0.1346870059402947
sub-13,rc5,Comedy,700.0,730.0,30,2,2,2,0.2334336866156943,0.313735393457666,0.3153350867993966,-0.0904624071091433,-0.19542474044880923,-0.28733692689254847,0.07682326398446453,-0.11059290845087566,-0.0935573009028364,1.0101525445522106,0.0673435029701473
sub-13,rc3,Comedy,12.0,42.0,30,3,3,2,0.23190984816702861,0.035101603148568875,0.4550801530511605,-0.27869982527795156,-0.6733789367883227,-0.5188259751984695,-0.2449747631476748,-0.2829912142806103,-0.6997847237027879,1.5412041679739443,0.1558521068737696
sub-13,rh12,Horror,60.0,90.0,30,4,2,4,-0.044709869326776584,-0.15920347929980677,-0.6221198375738963,-0.009950202465326316,0.3523864063363158,0.23023216228857954,0.5909352861102418,0.8759251565182697,1.040136126342626,1.4892534656826877,-0.3578826157842116
sub-13,rc1,Comedy,108.0,138.0,30,1,2,1,0.044593293216872845,-0.46113517993465347,-0.2808401117791357,-0.35632816361801734,-0.46322911846395326,-0.1226357684677259,-0.16784480720988224,-0.26428551633981423,-0.2973073131203151,0.7965774351326004,0.3347934147658756
sub-13,rh7,Horror,152.0,182.0,30,3,2,3,-0.24800379137405582,-0.24720170218151,-0.1448525779684955,0.05312994366479222,0.08205351190361392,-0.042871226025901175,0.05354348885916286,0.1498224434210386,0.32098406393136636,1.2583614554993252,-0.1269906056008493
sub-13,rc8,Comedy,200.0,230.0,30,3,3,3,-0.2913689746724867,-0.2670833618459284,-0.3603221439829069,-0.11360718158532461,-0.05727026887058373,0.10625114937267988,0.10834637149190227,0.28316143887776135,0.49664392143510677,1.5412041679739443,0.1558521068737696
sub-13,uc3,Comedy,244.0,274.0,30,3,3,3,-0.14496756331295943,-0.459602229192261,-0.4419022132332822,0.20548142046077386,-0.02025342553618987,0.5257886095688864,-0.01221609090160578,-0.241574934205064,-0.058701897307100424,1.5412041679739443,0.1558521068737696
sub-13,rh10,Horror,288.0,318.0,30,4,2,3,0.117491181729293,0.2381864214881913,0.28175609647580024,0.3039989761611273,0.3313091311721797,0.4285086075802541,-0.07256158203002513,-0.3387334114544878,0.07150125638964501,1.4892534656826877,-0.3578826157842116
sub-13,rc4,Comedy,332.0,362.0,30,1,3,1,0.0044613508478619,-0.005239932084031676,0.21662279293177886,-0.03090653953352628,-0.06379617145502872,-0.14438830655665089,-0.21356133017251322,-0.16504626682117415,-0.38385094950848464,1.0794201476072194,0.6176361272404945
sub-13,rh4,Horror,380.0,410.0,30,4,2,4,-0.11629527014751324,-0.09240181930066124,0.20579358273797901,-0.11681626972146805,0.03382914331962723,-0.007494715420652121,-0.01763759204702924,0.539246664119822,0.0553985887818874,1.4892534656826877,-0.3578826157842116
sub-13,uc2,Comedy,428.0,458.0,30,3,3,2,0.044437015950679934,-0.18315618604893322,0.19678395416550704,0.013108057941135254,-0.3144940765525225,-0.08007377307724642,0.23053287959504135,0.2556131113921265,0.5723487689635331,1.5412041679739443,0.1558521068737696
sub-13,rh5,Horror,476.0,506.0,30,4,2,3,-0.0030041067650239616,0.2902886712253324,0.3675795500750273,0.5228614690483784,0.3809171186364293,0.4188751310154859,-0.20178012041126547,-0.2439646363544433,-0.24002257177364217,1.4892534656826877,-0.3578826157842116
sub-13,rh8,Horror,520.0,550.0,30,4,2,4,-0.049069871213166326,-0.050138891935376614,0.2525893443060402,0.27429476552717025,-0.04156715237621296,0.1288708963631975,0.05579449310692142,-0.08117481280136363,0.19124462542624646,1.4892534656826877,-0.3578826157842116
sub-13,rc10,Comedy,568.0,598.0,30,3,3,2,-0.19177728175179184,-0.2976585671735908,-0.2735624104975057,-0.15067976632076005,-0.29160497949989217,0.06821914086676337,-0.1667348040381264,-0.040693138707980525,-0.0527331549780522,1.5412041679739443,0.1558521068737696
sub-13,uh3,Horror,616.0,646.0,30,2,2,2,0.43021977165115705,0.38053624321546076,0.5851819314675791,-0.16109598270154313,0.0202357762040677,-0.44687518552001626,0.12216889370920456,0.21720689688575176,0.2744054497453045,1.027469445315963,0.1039014045825131
sub-13,rc7,Comedy,660.0,690.0,30,4,3,2,0.14473839586121168,0.03016997374140324,0.39489430605202447,-0.1530799560917627,-0.36031331686241697,-0.12282954958074266,0.2766116439007448,-0.02546421224139994,0.15050710885261215,1.7720961781573066,-0.0750399033095927
sub-13,uh4,Horror,704.0,734.0,30,3,3,2,-0.6422538554603285,-0.47135677173300017,-0.7239426249996913,0.2687717716182158,0.5098462015696352,0.3408238070642334,0.07041210431809583,0.04561298566698263,-0.003254222037750121,1.5412041679739443,0.1558521068737696
