,Trailer,Type,Onset,Offset,Pos_arousal,Neg_arousal,Pos_arousal_scaled,Neg_arousal_scaled,W_score,W_score_scaled,NAcc_onset,AIns_onset,MPFC_onset,NAcc_middle,AIns_middle,MPFC_middle,NAcc_offset,AIns_offset,MPFC_offset,NAcc_whole,AIns_whole,MPFC_whole,NAcc_ind_peaks_pos,AIns_ind_peaks_pos,MPFC_ind_peaks_pos,NAcc_trailer_peak_pos,AIns_trailer_peak_pos,MPFC_trailer_peak_pos,NAcc_trailer_peak_pos_yes,AIns_trailer_peak_pos_yes,MPFC_trailer_peak_pos_yes,NAcc_pos_peak,AIns_pos_peak,MPFC_pos_peak,NAcc_w,AIns_w,MPFC_w,NAcc_f,AIns_f,MPFC_f,NAcc_a,AIns_a,MPFC_a,NAcc_DP,AIns_DP,MPFC_DP,NAcc_DP1,NAcc_DP2,NAcc_DP3,AIns_DP4,AIns_DP5,AIns_DP6,AIns_DP7,AIns_DP8,MPFC_DP2,MPFC_DP3,MPFC_DP4,NAcc_DPy,AIns_DPy,MPFC_DPy,NAcc_DS,AIns_DS,MPFC_DS,NAcc_DSy,AIns_DSy,MPFC_DSy,NAcc_AP,AIns_AP,MPFC_AP,NAcc_APy,AIns_APy,MPFC_APy,NAcc_AP2,AIns_AP2,MPFC_AP2,NAcc_APy2,AIns_APy2,MPFC_APy2,NAcc_seg1,NAcc_seg2,NAcc_seg3,NAcc_seg4,NAcc_seg5,AIns_seg1,AIns_seg2,AIns_seg3,AIns_seg4,AIns_seg5,MPFC_seg1,MPFC_seg2,MPFC_seg3,MPFC_seg4,MPFC_seg5,NAcc_TR1,NAcc_TR2,NAcc_TR3,NAcc_TR4,NAcc_TR5,NAcc_TR6,NAcc_TR7,NAcc_TR8,NAcc_TR9,NAcc_TR10,NAcc_TR11,NAcc_TR12,NAcc_TR13,NAcc_TR14,NAcc_TR15,AIns_TR1,AIns_TR2,AIns_TR3,AIns_TR4,AIns_TR5,AIns_TR6,AIns_TR7,AIns_TR8,AIns_TR9,AIns_TR10,AIns_TR11,AIns_TR12,AIns_TR13,AIns_TR14,AIns_TR15,MPFC_TR1,MPFC_TR2,MPFC_TR3,MPFC_TR4,MPFC_TR5,MPFC_TR6,MPFC_TR7,MPFC_TR8,MPFC_TR9,MPFC_TR10,MPFC_TR11,MPFC_TR12,MPFC_TR13,MPFC_TR14,MPFC_TR15,NAcc_ISC,AIns_ISC,MPFC_ISC,index,number,title,year,Release time,genre,"released (1 = yes, 0 = no)",url to trailer,Domestic Gross,Worldwide Gross,Domestic Openning,Theaters Num,Avg Domestic Opening,Openning_US_C_IMDb,Gross_US_C_IMDb,Gross_W_IMDb,Gross_US_W1_num,Theaters_US_W1_num,Gross_US_W2_num,Theaters_US_W2_num,Gross_US_W3_num,Theaters_US_W3_num,Gross_US_W4_num,Theaters_US_W4_num,Gross_Total_US,Total_Theaters_US,Total_weeks,Weeks_avg_per_theater,Gross_World_num,Released_Month,Budget,IMDb_rating,IMDb_vote,GT_W1_num,GT_W2_num,GT_W3_num,GT_W4_num,GT_W5_num,GT_W6_num,GT_W7_num,GT_W8_num,GT_W9_num,GT_W10_num,GT_W11_num,GT_W12_num,GT_W13_num,GT_W14_num,GT_W15_num,GT_W16_num,GT_W17_num,GT_W18_num,GT_W19_num,GT_W20_num,downloaded,video trimmed,audio extracted,budget,Unnamed: 57,Unnamed: 58,"The tool used to get the thumbnail: https://youtu.be/otNh9bTjXWg?si=NJaRcikG3tZUpNBl , size of thumbnail 640*480",index2,title2,year2,Release_date,genre2,released,url,Domestic_Gross,Worldwide_Gross,Domestic_Openning,Theaters_Num,DG_WK1,NumT_WK1,DG_WK2,NumT_WK2,DG_WK3,NumT_WK3,DG_WK4,NumT_WK4,title3,year3,Release_date3,genre3,released3,url3,Domestic_Gross3,Worldwide_Gross3,Domestic_Openning3,Theaters_Num3,DG_WK1_U,NumT_WK1_U,DG_WK2_U,NumT_WK2_U,DG_WK3_U,NumT_WK3_U,DG_WK4_U,NumT_WK4_U,Gross_US_M1,Theaters_US_M1,GrossOverTheaters_M1,GrossTheatersW1,GrossW1,GrossTheatersW2,GrossW2,GrossTheatersW3,GrossW3,GrossTheatersM1,GrossM1,TheatersM1,GrossTheatersM1_avg
0,rc1,comedy,108.0,138.0,1.797624979870136,-0.3061185798597096,0.3834114174970411,-0.3061185798597096,3.1,0.8645833333333334,0.041099821407333086,-0.1523939243779658,-0.09475851486785088,-0.05816654339703649,-0.11177890181057769,-0.13445819036992193,0.00882141590801872,-0.03438483861298203,0.010145723437389497,-0.0027484353605615537,-0.09951922160050851,-0.07302366060012776,0.42482104666621223,0.40882412391632433,0.6591533823709128,0.032706992016708826,0.08029819035241884,0.018454837992937803,0.10818708963219717,0.04417084481655395,0.027403259747682603,0.42482104666621223,0.40882412391632433,0.6591533823709128,-0.062484571600722225,-0.10611964282529063,0.0969912731318705,-0.023618032792660667,-0.09015146343692335,0.20017870620817912,0.0379580067128023,-0.07600274125220077,0.002614147286509396,0.06033828995651655,0.08029819035241884,-0.08211990396303584,0.06033828995651655,0.058304548444301586,0.02874036327455953,-0.09700432221562946,-0.08015578888272173,-0.07123595943941147,-0.07896920384543002,-0.06435692601213534,-0.16243194364555472,-0.11718192297938021,-0.032720335256842106,0.04190715803558066,0.09768680690146127,0.008938264441133943,0.0847770892100634,-0.01992500532157867,-0.08771668893567479,-0.004067483024429927,0.002300584304649848,0.0586690488524244,0.06033828995651655,0.09768680690146127,0.11052802123208576,0.058860522100279686,0.09768680690146127,0.11052802123208576,0.03270699201670883,0.08029819035241884,0.018454837992937807,0.058860522100279686,0.08029819035241884,0.018454837992937807,0.029630003382687488,0.02874036327455953,-0.05933467408627851,-0.06163718273792882,0.04885931336415259,-0.17443121044051396,-0.1452396735626115,-0.08461152082833484,-0.11010611709461599,0.016792413923533662,-0.1197038653208676,-0.04372875429521987,-0.19405577403146382,0.032858448818788064,-0.04048835817187565,0.058860522100279686,0.02495379397088165,0.005075694076901108,0.06033828995651655,0.056270806932086616,-0.030388007064924543,-0.1057595204059724,-0.02098243119590903,-0.051262070656954144,-0.0824406876614223,-0.08391261040687835,-0.018558250145485757,0.03382252356902941,0.05395525614779828,0.0588001603756301,-0.1270337754662627,-0.20148852283278895,-0.19477133302249022,-0.08522314685675879,-0.15345284371152854,-0.1970430301195472,-0.19014085962975882,-0.04512833476742401,-0.018565368087821704,-0.10801691644833679,-0.04525248166501087,-0.17704895317050032,-0.1276077554832791,0.08029819035241884,0.09768680690146127,-0.04495731782827652,-0.08855390639873444,-0.22560037173559191,-0.05416070824002995,-0.060520270136621555,-0.016505284509008136,-0.11086988418669079,-0.26933144882824267,-0.20196598907945787,-0.07361834524621015,0.11052802123208576,0.06166567047048862,-0.04828343499372499,-0.08211990396303584,0.008938264441133943,0.20342473210234369,0.22427253559771912,0.1377738750157387,0.0,1.0,Joy Ride,2023.0,July 7,comedy,1.0,https://youtu.be/jyI-AM5VXDo?si=mZtAKMiPG0Ac2myk,12897789.0,15518636,2611969.0,2820.0,926,5806277.0,12897789.0,15787674.0,8041997.0,2820.0,12168180.0,2820.0,12759173.0,335.0,12897789.0,66.0,12897789.0,6041.0,4.0,2.0,15518636.0,7.0,20000000.0,7.0,9400.0,2852.0,1463.0,1764.0,2100.0,,,,,,,,,,,,,,,,,,,,,,,"The pilot data collected by prolific, sample size = 20",0.0,Joy Ride,2023.0,7-Jul,c,1.0,https://youtu.be/UCtE8zur6CM?si=-GWf51SuzzcGCwgH,12897789.0,15518636.0,2611969.0,2820.0,8041997.0,2820.0,3962918.0,2820.0,590993.0,335.0,138616.0,66.0,Joy Ride,2023.0,7-Jul,c,1.0,https://youtu.be/UCtE8zur6CM?si=-GWf51SuzzcGCwgH,12897789.0,15518636.0,2611969.0,2820.0,8041997.0,2820.0,4126183.0,2820.0,590993.0,335.0,138616.0,66.0,12897789.0,6041.0,2135.042046018871,2851.771985815603,8041997.0,4257.062056737588,12004915.0,6021.220265692812,12595908.0,8121.462689935236,12734524.0,6041.0,2030.365672483809
1,rc10,comedy,568.0,598.0,1.4937785597030608,-0.3250050827516551,0.0795649973299659,-0.3250050827516551,2.3214285714285716,0.08705357142857142,-0.041037798533203,-0.1473634004257764,0.05134518521127184,0.035255979376994234,-0.08629779801801964,0.06461384453184639,-0.01627979539348424,-0.10707397045044957,0.05082370895375473,-0.007353871516564337,-0.1135783896314152,0.05559424623229098,0.43190668355432293,0.3576968655524247,0.8326953359647989,0.02942573833957466,-0.058353639922467684,0.1035836750906267,0.16105425545561416,0.08579114378061627,0.35776237050172893,0.43190668355432293,0.3576968655524247,0.8326953359647989,0.01588705321402922,0.0916028526480126,0.06282429881969066,0.059751196538591005,0.18400358927316138,0.20928428833237528,0.006975992713147307,-0.026545240039929745,0.11687251334197109,-0.022598956305099813,0.1115625912567642,0.05444772294334037,-0.022598956305099813,-0.007505084053335263,-0.01670345956679459,-0.09088859645846527,-0.08700049667408846,-0.09079530554643597,-0.10770392202817991,-0.11726515227380267,-0.13373129795658398,-0.087241254774567,-0.015073811432978645,-0.007505084053335263,-0.15663381213477834,0.15871046507803888,-0.04791375129547061,0.03943136162643664,-0.16819036830090361,-0.04791375129547061,-0.008656291542934602,0.05375628879547125,0.07704847820198993,0.1115625912567642,0.20142851859178637,0.007588788198429308,0.1115625912567642,0.05444772294334037,0.02942573833957465,-0.058353639922467684,0.10358367509062669,-0.007505084053335263,-0.058353639922467684,0.05444772294334037,-0.0839586300983957,0.031359559559249454,0.04039728914630704,-0.007864116623187877,-0.01670345956679459,-0.17296920243159378,-0.1042041370077913,-0.07567220799755048,-0.16770624493999312,-0.047340155780147365,0.09821981477518893,-0.06744472363244,0.09873063068505494,0.1619887679159886,-0.013523258582337622,-0.0644080175194184,-0.1038268655465278,-0.08364100722924103,0.010744654939217701,0.03594224268995443,0.04739178104857626,-0.018197001522840612,0.07704847820198993,0.062340390759771845,0.0076962483974737945,-0.08058868511057829,0.04930008684354086,-0.022598956305099813,0.007588788198429308,-0.03510021059371326,-0.15663381213477834,-0.19731763621487045,-0.16495615894513252,-0.10462655164558303,-0.11328284318851763,-0.09470301618927325,-0.14541507938310091,-0.010153447072969307,-0.07144809753658123,-0.10976934990817351,-0.20915562091864368,-0.18419376399316215,-0.19522941867473861,-0.058353639922467684,0.1115625912567642,0.05444772294334037,0.1415518196976787,0.09865990168454782,0.06512842501584798,-0.10306194328505566,-0.1644006526281123,0.005738831589467023,0.20142851859178637,0.08902454187391144,0.19127798323217934,0.15871046507803888,0.1359778554377476,0.13546694527974182,-0.11489650491111299,-0.0611402161156417,0.11871815985614383,0.2335383500249815,0.15669999039676924,16.0,17.0,Easter Sunday,2022.0,5-Aug,comedy,1.0,https://youtu.be/YIixb42aJPg?si=W_YbI5jjV8SOzHAJ,13013690.0,13021859,2033045.0,3175.0,640,5447130.0,13013690.0,13074255.0,7559570.0,3175.0,10948610.0,3176.0,12225220.0,1574.0,12660865.0,553.0,13013690.0,9026.0,7.0,3.0,13021859.0,8.0,17000000.0,6.0,2.0,2381.0,1067.0,811.0,788.0,783.0,513.0,297.0,,,,,,,,,,,,,,,,,,,,,9.0,Easter Sunday,2022.0,5-Aug,c,1.0,https://youtu.be/YIixb42aJPg?si=W_YbI5jjV8SOzHAJ,13013690.0,13021859.0,2033045.0,3175.0,7559570.0,3175.0,3389040.0,3176.0,1276610.0,1574.0,435645.0,553.0,Easter Sunday,2022.0,5-Aug,c,1.0,https://youtu.be/YIixb42aJPg?si=W_YbI5jjV8SOzHAJ,13013690.0,13021859.0,2033045.0,3175.0,7559570.0,3175.0,3389040.0,3176.0,1276610.0,1574.0,435645.0,553.0,12660865.0,8478.0,1493.3787449870251,2380.9669291338582,7559570.0,3448.045014776176,10948610.0,4259.106005881639,12225220.0,5046.890816008222,12660865.0,8478.0,1261.7227040020555
2,rc11,comedy,512.0,542.0,1.4682060558507455,-0.3671731619368674,0.05399249347765044,-0.36717316193686744,2.1,-0.18958333333333333,0.010863523741329284,0.06875011516466871,0.20055949827513603,-0.014889893845137591,-0.09868014582251664,-0.00647583818486571,0.01368231135217987,-0.12697622332632913,-0.014647226580642577,0.0032186470827905225,-0.05230208466139236,0.05981214450320924,0.4013316471803593,0.45269026259446565,0.8080416923055583,0.03393368904056756,0.06629634561403405,0.22139423971292366,0.14105332705050228,0.04345353771557586,0.24153571127338108,0.4013316471803593,0.45269026259446565,0.8080416923055583,-0.021709369763231994,0.09782844262541467,-0.09655585625712344,-0.10979226496810131,0.14009867461637412,-0.14042227374552926,-0.010669648732094066,0.07279993041181435,0.12294754703467096,0.06971697792231235,0.1773936827998103,0.34595608729446875,0.06971697792231235,0.026679065700441186,0.011207880337817517,-0.1277159420016399,-0.14986073237511244,-0.14142600189230498,-0.13191042422780666,-0.11948195494597606,-0.024224573479082114,0.002655859267223737,0.014861702436816551,-0.0018282603106768971,0.13318878343947194,0.34595608729446875,-0.0003618677845756692,-0.014920272903101998,0.00317558868113473,-0.0033756438659998693,-0.06689069102718434,0.00317558868113473,0.06971697792231235,0.1773936827998103,0.34595608729446875,-0.0018069207801765833,0.1773936827998103,0.34595608729446875,0.033933689040567566,0.06629634561403407,0.22139423971292368,-0.0123353708787122,0.06629634561403407,0.22139423971292368,0.0038417796621395,-0.0007770161980005049,-0.009158847023427131,0.01716951051990171,0.00501780845333898,0.0598873995864847,0.032726203128695584,-0.08801962246327968,-0.12860133636283344,-0.137503067196029,0.19793605925350508,0.10572110431452346,0.002655859267223737,0.03592327432858953,-0.04317557464779549,0.0005298405129879817,-0.03190384938731913,0.04289934786074965,-0.0037365936676735973,0.046528873387901466,-0.04512332831422941,-0.0028057993128569963,-0.022863820977247793,-0.0018069207801765833,-0.0018495998411772352,0.06971697792231235,-0.016358846521429934,-0.019734490387429825,0.01757489176601122,0.017213023981435545,0.047069507531385966,-0.04480099157174219,0.1773936827998103,0.030899593624417552,0.13318878343947194,-0.06590976767780275,-0.08083004058090476,-0.05816906789087494,-0.1250597589180593,-0.16343209404494155,-0.10279551276470686,-0.11957640227885188,-0.2384398938690026,-0.09925234947826762,-0.07481695824081683,0.15101969833466783,0.09683239213137856,0.34595608729446875,0.16270138466051884,0.24628792895464627,-0.09182600067159473,-0.08865041199046002,0.040201265032295784,0.056416724759835404,0.05147923194559501,0.008699974990108961,0.04759061605006454,-0.16713187215360287,-0.007433366951011966,0.04503851516122837,0.017457121233112126,0.21572371458742234,0.16655711408684112,25.0,26.0,My Big Fat Greek Wedding 3,2023.0,Sep 8,comedy,1.0,https://youtu.be/vsTfC_xF1ok?si=u1Fk0RICrG-_ufKt,28426750.0,38017696,3706845.0,3650.0,1016,10028675.0,28496030.0,38829246.0,13871615.0,3650.0,20803230.0,3678.0,25208780.0,3078.0,26897765.0,1474.0,28496030.0,13576.0,7.0,4.0,39126983.0,9.0,,5.0,4000.0,3800.0,1885.0,1431.0,1146.0,1200.0,789.0,586.0,,,,,,,,,,,,,,,,,,,,,10.0,My Big Fat Greek Wedding 3,2023.0,8-Sep,c,1.0,https://youtu.be/vsTfC_xF1ok?si=u1Fk0RICrG-_ufKt,28426750.0,38017696.0,3706845.0,3650.0,13871615.0,3650.0,6931615.0,3678.0,4405550.0,3078.0,1688985.0,1474.0,My Big Fat Greek Wedding 3,2023.0,8-Sep,c,1.0,https://youtu.be/vsTfC_xF1ok?si=u1Fk0RICrG-_ufKt,28426750.0,38017696.0,3706845.0,3650.0,13871615.0,3650.0,6931615.0,3678.0,4405550.0,3078.0,1688985.0,1474.0,26897765.0,11880.0,2264.121632996633,3800.4424657534246,13871615.0,5685.057745796927,20803230.0,7116.360539819019,25208780.0,8262.211964513728,26897765.0,11880.0,2065.552991128432
3,rc12,comedy,656.0,686.0,1.3281164431563557,-0.2897830110540163,-0.08609711921673924,-0.2897830110540164,1.9310344827586208,-0.3771551724137931,-0.08663656759035555,-0.1698531911962823,-0.02565171955542366,-0.04017918557313704,-0.16274355940612717,0.06803669064811363,0.01119332647054238,-0.13668548728335397,0.11604515613826961,-0.03854080889765007,-0.1564274126285878,0.05281004241031986,0.386426446488291,0.3687110139030506,0.7847585578457499,0.038909503835567065,0.004736090420482595,0.24673256880278235,0.07463704675922377,0.0002445166322504605,0.2672736137019061,0.386426446488291,0.3687110139030506,0.7847585578457499,-0.007398130864002579,0.15776065962727334,-0.020495569662309424,-0.014241726305449176,0.07075894795665791,0.11058059245413542,0.07164682949296276,0.16398910154006513,0.3309150104293034,-0.008044748676127615,-0.12930800939617224,0.21104969457080566,-0.008044748676127615,0.0026219342443042034,0.023258086331668825,-0.03564805974463539,0.0013243311956367535,0.0317923709469278,0.05325143523769083,0.06328444311701417,0.04670563966227382,0.08574278752597018,0.049270531750335224,-0.050981403416786156,-0.1407614647401951,0.16381708325336294,-0.07927805775755431,-0.010896183226119053,0.19695938497399101,0.038411649766368586,-0.08107426236851624,0.03924623521365468,0.0645303905063981,0.004736090420482595,0.24673256880278235,0.0645303905063981,0.004736090420482595,0.16381708325336294,0.03890950383556707,0.004736090420482595,0.24673256880278235,0.03890950383556707,0.004736090420482595,0.09094711992933,-0.09186812102886628,-0.0728656755298882,-0.04394420915502402,0.023258086331668825,-0.00728412510614076,-0.18095948347234708,-0.1611626038674299,-0.16528534208417384,-0.12275019540806507,-0.15197943831092325,0.07466826718195428,-0.0923097588679102,0.040582668094030085,0.1378277187485548,0.10328131689497033,-0.024726816003206677,-0.12605228364213653,-0.12482526344125569,-0.061776593086564656,-0.09580188177861432,-0.061018551724485545,-0.04094425510908679,-0.044431973913489096,-0.0464563984424962,-0.008044748676127615,0.013288617164736038,0.0645303905063981,0.03612141110117723,-0.04315664665637706,-0.014817139763222457,0.004736090420482595,-0.2308550871949679,-0.3167594536425559,-0.14412335882945493,-0.1622641467349155,-0.17710030603791935,-0.16588988245482827,-0.10051356942840992,-0.22945257436928332,-0.1407614647401951,-0.12930800939617224,-0.09818111208782794,-0.09429786898987275,-0.17537213135838903,-0.18626831458450804,0.24673256880278235,0.21104969457080566,-0.2337774618277252,-0.23063813706824077,-0.12162526225474043,0.07533412271925059,0.018077156605297035,0.16381708325336294,-0.06014623557656968,0.1431013262392273,0.11556779739639121,0.1548140326100459,0.09184808613751035,0.16463352252178526,0.05336234202561546,0.11121188740962913,0.08981460007728857,0.2275087339055012,26.0,27.0,About My Father,2023.0,26-May,comedy,1.0,https://www.youtube.com/watch?v=gcqpsD7Re40&ab_channel=MovieCoverage,12089391.0,17655276,1464923.0,2464.0,595,4321148.0,12089391.0,18167819.0,6724093.0,2464.0,9916809.0,2464.0,11226509.0,960.0,11681574.0,273.0,12089391.0,6570.0,7.0,3.0,17657217.0,5.0,29100000.0,6.0,3900.0,2729.0,1296.0,1364.0,1667.0,1168.0,982.0,686.0,,,,,,,,,,,,,,,,,,,,,11.0,About My Father,2023.0,26-May,c,1.0,https://www.youtube.com/watch?v=gcqpsD7Re40&ab_channel=MovieCoverage,12089391.0,17655276.0,1464923.0,2464.0,6724093.0,2464.0,3192716.0,2464.0,1309700.0,960.0,455065.0,273.0,About My Father,2023.0,26-May,c,1.0,https://www.youtube.com/watch?v=gcqpsD7Re40&ab_channel=MovieCoverage,12089391.0,17655276.0,1464923.0,2464.0,6724093.0,2464.0,3192716.0,2464.0,1309700.0,960.0,455065.0,273.0,11681574.0,6161.0,1896.0516149975654,2728.9338474025976,6724093.0,4024.6789772727275,9916809.0,5388.949810606061,11226509.0,7055.854572510823,11681574.0,6161.0,1763.9636431277058
4,rc2,comedy,108.0,138.0,1.3358970593224073,-0.2670182871419673,-0.07831650305068755,-0.2670182871419673,1.9666666666666666,-0.3229166666666667,0.014047840037662773,-0.05565733390023782,0.13925631518124387,-0.05952665244439596,-0.15742859490234665,-0.07415102090455195,-0.033107730390680615,-0.07537463520181367,-0.021874720958603492,-0.026195514265804586,-0.09615352133479935,0.01441019110602946,0.38864529265356773,0.4280022145339379,0.7758535026660702,0.021551846815077744,0.0335002542950625,0.28977871003911554,0.11517399642714773,0.14887600240779986,0.19423456668418224,0.38864529265356773,0.4280022145339379,0.7758535026660702,0.0018145598651464687,0.09760323578827691,-0.12101311803800165,-0.11544633148230755,0.002068816198838917,0.05171695879128034,-0.024090931329416487,-0.042544160939565444,0.3135374645581194,0.03281821134585682,0.02754118410635581,0.1794139128314015,0.03281821134585682,0.015805360941183625,0.009045168852719474,0.09007728204524396,0.07985447746825405,0.06074112676310894,0.036602047869600036,0.03491980483744036,8.148940253564312e-05,-0.04761316732335054,-0.06687888418642579,0.034977733409839354,-0.08686010520092292,0.1099480845802546,0.04563484589225849,0.12225022021906685,0.053290440187691114,-0.0642145518796879,-0.02905958103660573,0.10006123398380232,0.0371372554738219,0.039459324483769195,0.28977871003911554,0.0371372554738219,0.02754118410635581,0.13617771362883443,0.021551846815077744,0.0335002542950625,0.28977871003911554,0.021551846815077744,0.010190932554740455,0.046187420512923134,0.025307301658670775,-0.024790823997198393,-0.057158960398946204,-0.03508879733077364,-0.039246291260775536,0.01994706319775002,-0.14604170846083625,-0.1864957918465856,-0.09306046367132217,-0.07511670589300283,0.19429083566576805,0.003389833710619544,-0.04761316732335054,-0.10212852652743673,0.024111980004547055,0.005966438156333588,0.0371372554738219,0.03281821134585682,-0.00120748946348958,-0.004475215324208839,-0.06868976720389673,-0.02305492131163826,-0.061686154419358284,-0.08673580546584209,-0.05746661382124445,-0.04448123860639079,-0.003318539564685714,0.022650611567941705,-0.036810462913775925,-0.10357902243649238,-0.00715931899687494,0.02754118410635581,0.039459324483769195,-0.11588037258730262,-0.22224748650713652,-0.09999726628806967,-0.17127473337278346,-0.1787836885226743,-0.20942895364429912,-0.1276583326839067,-0.10599782347830106,-0.045525234851758765,0.015701856720460462,-0.08686010520092292,-0.1541918691985461,0.28977871003911554,0.11367988412678712,0.1794139128314015,0.1099480845802546,0.0034609843286606554,-0.10323956777705665,-0.04994912758936553,0.05011210639443678,-0.14300248077512293,-0.12467603477565149,-0.07150298771986767,-0.11020655708679103,-0.04380287260298818,0.13617771362883443,-0.0200389010122051,0.026102624412086505,0.2573659137763012,0.3456738651055446,1.0,2.0,80 For Brady,2023.0,Feb 3,comedy,1.0,https://youtu.be/-UeGXB2NjR8?si=JU3SbpBjbO05o2xl,39330588.0,40266090,4625369.0,3912.0,1182,12701640.0,39330588.0,12701640.0,18969658.0,3912.0,28647811.0,3939.0,34617281.0,3119.0,37473383.0,2397.0,39448525.0,15397.0,7.0,4.0,40384027.0,2.0,28000000.0,6.0,7600.0,4849.0,2457.0,1914.0,1192.0,932.0,951.0,684.0,,,,,,,,,,,,,,,,,,,,,1.0,80 For Brady,2023.0,3-Feb,c,1.0,https://youtu.be/-UeGXB2NjR8?si=JU3SbpBjbO05o2xl,39330588.0,40266090.0,4625369.0,3912.0,18969658.0,3912.0,9678153.0,3939.0,5969470.0,3119.0,2856102.0,2397.0,80 For Brady,2023.0,3-Feb,c,1.0,https://youtu.be/-UeGXB2NjR8?si=JU3SbpBjbO05o2xl,39330588.0,40266090.0,4625369.0,3912.0,18969658.0,3912.0,9678153.0,3939.0,5969470.0,3119.0,2856102.0,2397.0,37473383.0,13367.0,2803.4250766813793,4849.094580777096,18969658.0,7306.102196923326,28647811.0,9220.007294711078,34617281.0,10411.539209604696,37473383.0,13367.0,2602.884802401174
5,rc3,comedy,12.0,42.0,1.5103271171449695,-0.3397426828238629,0.09611355477187453,-0.3397426828238629,2.6551724137931036,0.41594827586206895,0.05094866749680848,0.08024969223038526,-0.10004736710553958,-0.10120990979475437,-0.11491596248294425,-0.18893066958426422,-0.05593084627231442,-0.0775156476376333,-0.2865010154349211,-0.03539736285675344,-0.0373939726300641,-0.19182635070824164,0.4189919636903379,0.4599110749611737,0.5697022565719607,0.102770750541944,0.14802861240768345,0.011995233987675201,0.1361288739482253,0.06264673972835322,-0.04937326062265235,0.4189919636903379,0.4599110749611737,0.5697022565719607,0.0013553263807764004,0.09280450047436971,-0.06369893561062373,0.007778562877002891,-0.04175195123697817,0.022067592659112397,-0.008584612939088273,-0.06891217147712556,0.12211651996443246,0.06409754866359905,0.14802861240768345,0.044615926901952985,0.06409754866359905,0.047974420927744225,0.016400612133384798,-0.11701292486189271,-0.1149159624829443,-0.10516460202813625,-0.10366951495365442,-0.10892625136288672,-0.09654036695886332,-0.17033582138743755,-0.18346527835112322,0.047974420927744225,0.12517031052648148,0.044615926901952985,-0.09723632865168429,-0.029524249259797707,0.13066394835107745,-0.09723632865168429,-0.09582987017335418,0.13066394835107745,0.12808155608226005,0.14802861240768345,0.044615926901952985,0.07745994500162795,0.053229269248470996,-0.07513064672901774,0.102770750541944,0.14802861240768345,0.011995233987675201,0.07745994500162795,0.05217225911454405,-0.14046262090455647,0.08987968324916237,-0.025311312186755242,-0.1195255078196272,-0.06895535561117058,-0.053074321915376546,0.108104723971594,0.0016031463508211327,-0.1319756164209633,-0.08587830174267011,-0.0788238153091023,0.003706289772375981,-0.19549545052461448,-0.2195768222251584,-0.29696212313984166,-0.25080364742396966,0.07745994500162795,0.12808155608226005,0.06409754866359905,0.03185129319188942,-0.04674700545533408,-0.06103822429682109,-0.1582745529485054,-0.1179054236644877,-0.08239654684588843,-0.08643480121806929,-0.07746655578288757,-0.0429647098325549,-0.036646749003424794,-0.04864401993962226,-0.07393219680308258,0.14802861240768345,0.12517031052648148,0.05111524898061711,0.053229269248470996,0.023705019988673307,-0.07212485018468086,-0.14743923471622694,-0.11801714380945101,-0.130470470737212,-0.10652811296715066,-0.0564077997540962,-0.09469899250676345,-0.14572340622751265,-0.06475800180364812,-0.025990037896146127,-0.020625458926602582,0.044615926901952985,-0.012871598658222521,-0.3055611097647305,-0.2057945950800952,-0.07513064672901774,-0.11795008718870888,-0.317926730244586,-0.22285364924218026,-0.2107922345168283,-0.25352327845277084,-0.42657085644992604,-0.3078272252355806,-0.296949253831542,-0.1476344632047863,0.021385526163186896,0.2569775633841085,0.2919269123528848,2.0,3.0,A Man Called Otto,2022.0,Dec 30,comedy,1.0,https://youtu.be/eFYUX9l-m5I,64267657.0,108641148,1555761.0,637.0,2442,56257.0,64267657.0,113190218.0,85480.0,4.0,6223126.0,637.0,26346249.0,3802.0,39302864.0,3802.0,64267657.0,24008.0,15.0,6.0,108641148.0,1.0,50000000.0,8.0,43000.0,21370.0,9635.0,5293.0,3408.0,2407.0,1504.0,1501.0,1398.0,1083.0,696.0,936.0,884.0,889.0,499.0,350.0,,,,,,,,,,,,,2.0,A Man Called Otto,2022.0,30-Dec,c,1.0,https://youtu.be/eFYUX9l-m5I,64267657.0,108641148.0,1555761.0,637.0,85480.0,6.0,6137646.0,637.0,20123123.0,3802.0,12956615.0,3802.0,A Man Called Otto,2022.0,30-Dec,c,1.0,https://youtu.be/eFYUX9l-m5I,64267657.0,108641148.0,1555761.0,4.0,85480.0,4.0,6137646.0,637.0,20123123.0,3802.0,12956615.0,3802.0,39302864.0,8245.0,4766.8725288053365,14246.666666666666,85480.0,23881.903715332286,6223126.0,29174.67672953534,26346249.0,32582.51865483781,39302864.0,8247.0,8145.629663709453
6,rc4,comedy,332.0,362.0,1.8123434653692563,-0.3609977741776264,0.39812990299616136,-0.3609977741776264,3.2333333333333334,0.9979166666666667,-0.029975636328013366,-0.04495568862735692,0.08313187177438368,-0.05710684376647821,-0.11490804433158287,0.0067906595752392366,-0.05432305763279773,-0.14786150228158462,-0.1912002373792628,-0.04713517924242976,-0.10257507841350813,-0.0337592353432133,0.3878332581769668,0.34652322164674465,0.6399456836281695,0.04474511394691593,0.007120456370849471,0.18080516869618832,0.02276913541223719,-0.01606909808010069,0.22051054174043228,0.3878332581769668,0.34652322164674465,0.6399456836281695,-0.03734686197420213,0.06581751087762502,-0.15029129793411283,-0.0619074503071198,-0.08135720227510305,0.1379169988898402,-0.0793047908556326,-0.046722961073957486,-0.001248796526737941,-0.00599716218449389,-0.01787200313110466,0.1805101251489458,-0.00599716218449389,-0.00018808985066736696,-0.010665817624502876,-0.09653639108361424,-0.11490804433158287,-0.11511021489295689,-0.11461627858021663,-0.1305050677379396,-0.040193717617814914,0.004239073023278547,-0.005907939565292691,-0.00018808985066736696,-0.01787200313110466,0.1805101251489458,-0.0891444868592873,0.030397043685944855,-0.07363343109224756,-0.0891444868592873,0.030397043685944855,-0.07363343109224756,0.04474511394691593,0.007120456370849471,0.18110021224343084,0.04474511394691593,0.007120456370849471,0.18110021224343084,0.04474511394691593,0.007120456370849471,0.18080516869618835,0.04474511394691593,0.007120456370849471,0.18080516869618835,-0.01839703275077689,-0.029688700301525695,-0.05243318294605307,-0.08911651775819457,-0.04604046245559864,-0.031610805350698226,-0.05454856013316504,-0.11748197033988393,-0.13872279524235315,-0.17051126100144043,0.15142127123100182,-0.020957649033349866,0.040076029179131244,-0.14689130487636806,-0.19244452321648164,0.04474511394691593,-0.0333399080800815,-0.06659630411916512,-0.08868992120324229,-0.00599716218449389,0.005620982483159163,-0.031621273172173885,-0.018266894403349013,-0.10741138126263632,-0.1338556524773911,-0.12478754300651151,-0.008706357790681187,-0.07222633024561956,-0.05981424181120178,-0.006080815309974593,0.007120456370849471,-0.01787200313110466,-0.08408086929183949,-0.06584933008393988,-0.06409669700075006,-0.0336996533148052,-0.07249057165487142,-0.144945463625271,-0.13500987573950943,-0.18839465732345737,-0.11612106769982704,-0.11165266070377496,-0.2417265918420005,-0.1874500236991357,-0.08235716746318512,0.1805101251489458,0.18110021224343084,0.09265347630062888,0.01751448813558024,-0.05611894295666733,-0.02426849227896251,0.09310465430546552,-0.03634897733100642,0.0634724105629346,-0.062006297382235016,-0.20596216556380503,-0.17270545168306406,-0.19196146760243957,-0.19971417180383721,-0.18565793024316818,-0.006716482888145036,0.12292681579639074,0.19132321924002418,3.0,4.0,Puss in Boots: The Last Wish,2022.0,Dec 21,comedy,1.0,https://youtu.be/RqrXhwS33yc?si=jhP7bbiB2SUukjNb,185535345.0,484643149,3200250.0,4099.0,781,12429515.0,186090535.0,481696020.0,6102855.0,4093.0,44407330.0,4099.0,74585835.0,4121.0,92969975.0,3919.0,186090535.0,47972.0,18.0,11.0,485252376.0,12.0,90000000.0,8.0,46000.0,1491.0,9345.0,7323.0,4691.0,5964.0,4224.0,3803.0,2934.0,2424.0,2820.0,1795.0,1379.0,1711.0,1208.0,970.0,728.0,1075.0,1962.0,,,,,,,,,,3.0,Puss in Boots: The Last Wish,2022.0,21-Dec,c,1.0,https://youtu.be/RqrXhwS33yc?si=jhP7bbiB2SUukjNb,185535345.0,484643149.0,3200250.0,4099.0,32866595.0,4099.0,37453885.0,4115.0,20436665.0,3977.0,22381420.0,3753.0,Puss in Boots: The Last Wish,2022.0,21-Dec,c,1.0,https://youtu.be/RqrXhwS33yc?si=jhP7bbiB2SUukjNb,185535345.0,484643149.0,3200250.0,4099.0,6102855.0,4099.0,38304475.0,4115.0,20436665.0,3977.0,22381420.0,3919.0,92969975.0,16232.0,5727.573620009857,8018.1983410587945,32866595.0,17119.992994764747,70320480.0,22258.706849429065,90757145.0,28222.314629871376,113138565.0,15944.0,7055.578657467844
7,rc5,comedy,700.0,730.0,1.5947575467368318,-0.1921078421552802,0.18054398436373684,-0.19210784215528018,2.566666666666667,0.27708333333333335,0.0008031036690784674,0.056983453123143644,0.2064490459014879,-0.07828173262500618,-0.0991159979638704,-0.20305985607822535,-0.049896490817376384,-0.1718709866999741,-0.2162803172610974,-0.042458373257768016,-0.07133451051356694,-0.07096370914594494,0.3776631728908336,0.5007077276308184,0.7429975906127277,0.0544535511559137,0.1611822442492687,0.2894190808014704,0.12045117247266542,0.21400725379081165,0.3552532891837448,0.3776631728908336,0.5007077276308184,0.7429975906127277,0.01727949670711216,0.22110296233385135,-0.12951673080481874,0.032031734058046726,0.24536917721032747,-0.11967546982276643,0.05784232045903206,0.09879424948100078,0.06983105439001366,0.06055794724682481,0.19630672011930456,0.3732457033489369,0.06055794724682481,0.030038120285383378,-0.0106139542976797,-0.10398664221039747,-0.12071417438866104,-0.1393096639873622,-0.14733626730960772,-0.14641936612725848,-0.2084256762007526,-0.22009580556489824,-0.2117077671430972,0.030038120285383378,0.19630672011930456,0.20559245825400388,0.056278595906507516,0.04575971559459296,-0.1742856735413691,0.056278595906507516,0.04575971559459296,-0.3319434059296344,0.06055794724682481,0.19630672011930456,0.3732457033489369,0.06055794724682481,0.19630672011930456,0.20559245825400388,0.054453551155913694,0.16118224424926866,0.2894190808014704,0.054453551155913694,0.16118224424926866,0.20559245825400388,0.032138442828418795,-0.07093263742571551,-0.054606189686788466,-0.06467166042998136,-0.05421982157477356,0.1233753016208705,-0.05494735340821843,-0.09073091103219287,-0.1878884169425315,-0.14648117280576242,0.2912618235430738,-0.034189246062953,-0.19526785716843723,-0.18410419124095861,-0.23251907480044967,-0.012491773826571063,0.048349155065002584,0.06055794724682481,-0.00048170667605804406,-0.09191810346380593,-0.1203981021372826,-0.06411950623077507,-0.021375639251023513,-0.07832342357856681,-0.10719199192738284,-0.04076045817580157,-0.04606253118675973,-0.04208200156224063,-0.02147711558859811,-0.09910034757348198,0.04776141636407407,0.12605776837923283,0.19630672011930456,0.037905648687949815,-0.12311428793484303,-0.07963342097776208,-0.03387370538316911,-0.07347480145768778,-0.16484422625572173,-0.14375383574501122,-0.18762430310171538,-0.2322871119808679,-0.19549588724308084,-0.14000105785081393,-0.10394657332339251,0.20559245825400388,0.3732457033489369,0.29494730902628064,0.24520158240392628,-0.0867418235257081,-0.2610274970670771,-0.15582385533442805,-0.2434360642931896,-0.1865436518776941,-0.16846821181873792,-0.08786699765631359,-0.2959773642478244,-0.36191908044252447,-0.19912911401806718,-0.13650902994075734,0.2613149934049879,0.25648461505959935,0.4856627524612519,4.0,5.0,Strays,2023.0,Aug 18,comedy,1.0,https://youtu.be/26Xq6_g2r6Q?si=W1w0lLc7rlqiJ8TI,23988885.0,35316418,3427540.0,3223.0,1063,8247810.0,23988885.0,36026155.0,11476230.0,3223.0,18211225.0,3232.0,22045000.0,2486.0,23236435.0,1500.0,23988885.0,11576.0,6.0,4.0,35958110.0,8.0,46000000.0,6.0,12000.0,3561.0,2084.0,1542.0,794.0,681.0,627.0,,,,,,,,,,,,,,,,,,,,,,4.0,Strays,2023.0,18-Aug,c,1.0,https://youtu.be/26Xq6_g2r6Q?si=W1w0lLc7rlqiJ8TI,23988885.0,35316418.0,3427540.0,3223.0,11476230.0,3223.0,6734995.0,3232.0,3833775.0,2486.0,1191435.0,1500.0,Strays,2023.0,18-Aug,c,1.0,https://youtu.be/26Xq6_g2r6Q?si=W1w0lLc7rlqiJ8TI,23988885.0,35316418.0,3427540.0,3223.0,11476230.0,3223.0,6734995.0,3232.0,3833775.0,2486.0,1191435.0,1500.0,23236435.0,10441.0,2225.4989943492,3560.729134346882,11476230.0,5644.576597218169,18211225.0,7186.722614917284,22045000.0,7981.012614917284,23236435.0,10441.0,1995.253153729321
8,rc6,comedy,420.0,450.0,1.3828057521473591,-0.22689340936303443,-0.03140781022573566,-0.22689340936303443,2.2666666666666666,-0.022916666666666665,-0.08868401370891643,0.0479898657714189,0.05228040975588282,-0.03715994190472592,-0.19284531686641346,-0.055504428380816956,-0.04718705948235289,-0.1192930615911954,-0.103426445963408,-0.057677005031998414,-0.08804950422872998,-0.035550154862780695,0.360783564797771,0.4437387288408131,0.70542801806334,-0.0009944014094861661,0.15964645898363955,0.054377434614037184,-0.007357376008256467,0.2867626322776205,0.13971060547406733,0.360783564797771,0.4437387288408131,0.70542801806334,0.10475761995533163,0.20139268715112815,0.021909042643680477,0.06141666698159926,0.1930932879122701,-0.04895659602550385,-0.07512765657100147,0.027084450765195146,0.12631359787198743,0.016708687537619022,0.15964645898363955,0.15078753274450854,0.016708687537619022,-0.03405374434481754,-0.043141151402007236,-0.10608947093956647,-0.1304940454060963,-0.16497413321177706,-0.18039201919789588,-0.17690269726913072,-0.013679406676190217,0.01942292900961602,-0.0076051107692864306,-0.03405374434481754,0.15964645898363955,0.12006791224543988,-0.032680833918337475,0.029433454734679877,0.054994248598635484,-0.032680833918337475,0.029433454734679877,-0.0022070836967844768,0.016708687537619022,0.15964645898363955,0.15078753274450854,-0.01064749724575214,0.15964645898363955,0.15078753274450854,-0.0009944014094861741,0.15964645898363955,0.05437743461403719,-0.035072860993839446,0.15964645898363955,0.05437743461403719,-0.07896690842115066,-0.0750722778792405,-0.043141151402007236,-0.055845529527432464,-0.03535915793016122,0.10687307115632143,-0.04597386060560871,-0.18986677162897675,-0.2542504503741881,-0.05702950969119785,0.07627426049117142,0.006667800826033989,-0.005948192749782585,-0.17798302617619177,-0.07676161670513457,-0.10098032311444799,-0.05822019570669589,-0.07770020644230811,-0.12458985914742791,-0.08192948413370231,-0.018697490356591354,0.016708687537619022,-0.08481617622725413,-0.06131596551638662,-0.03767876496101658,-0.07035959887935408,-0.05949822474192676,-0.01064749724575214,-0.05786501845695354,-0.03756495808777798,0.15964645898363955,0.12769961250350245,0.033273141981822324,-0.0550516696732748,-0.02561821493859496,-0.057251697204956355,-0.17970147825902807,-0.16178649335568646,-0.2281123432722158,-0.3373745722401808,-0.27289933511460873,-0.1524774437677748,-0.07456592869341648,-0.07253688431928461,-0.023985716060892465,-0.042032663516434164,0.15078753274450854,0.12006791224543988,0.10014938073233336,-0.06757011342643346,-0.012575864827797979,-0.014782948524582444,0.08562760038122846,-0.08868923010599378,-0.24710169882693908,-0.11599599642131532,-0.170851383280321,-0.018626056310984542,-0.07182076554966903,-0.13983802825475014,-0.054710160812629964,0.2585901971967603,0.1897770579146747,6.0,7.0,Champions,2023.0,Mar 10,comedy,1.0,https://youtu.be/pCHiWnj5Oek?si=3Rq4Yp7lOL2GySLb,16271910.0,18852343,1820955.0,3030.0,601,5148740.0,16397335.0,19159065.0,7559905.0,3030.0,12022935.0,3039.0,14251805.0,1917.0,15199130.0,1121.0,16397335.0,9913.0,8.0,3.0,19115227.0,3.0,,7.0,11000.0,2495.0,1469.0,1163.0,845.0,1338.0,1856.0,935.0,689.0,,,,,,,,,,,,,,,,,,,,5.0,Champions,2023.0,10-Mar,c,1.0,https://youtu.be/pCHiWnj5Oek?si=3Rq4Yp7lOL2GySLb,16271910.0,18852343.0,1820955.0,3030.0,7559905.0,3030.0,4463030.0,3039.0,2228870.0,1917.0,947325.0,923.0,Champions,2023.0,10-Mar,c,1.0,https://youtu.be/pCHiWnj5Oek?si=3Rq4Yp7lOL2GySLb,16271910.0,18852343.0,1820955.0,3030.0,7559905.0,3030.0,4463030.0,3039.0,2228870.0,1917.0,947325.0,1121.0,15199130.0,9107.0,1668.9502580432634,2495.0181518151817,7559905.0,3963.6032126904697,12022935.0,5126.289701996678,14251805.0,6152.643981519971,15199130.0,8909.0,1538.1609953799928
9,rc7,comedy,660.0,690.0,1.399417549658566,-0.468188366837801,-0.01479601271452888,-0.468188366837801,2.0,-0.23541666666666666,0.03164383466213029,0.008758726018665676,0.13654637040715237,-0.06901255483225653,-0.2098871165843019,-0.08229151086714546,0.014265782283246422,-0.09095654431115989,0.053929253998666146,-0.0077009792956266,-0.09736164495893203,0.03606137117955767,0.43927258680941533,0.4463853652503454,0.8706847445617211,0.12174085252237062,0.16595590125370366,0.3440134103231656,0.12532667055391045,0.27194850214131755,0.3732500726472503,0.43927258680941533,0.4463853652503454,0.8706847445617211,0.0074568286779463765,0.10024131253268372,-0.19444068596589828,0.06855476003296594,0.16213937778735188,0.06416282061545579,-0.11443334993012498,0.003924220869739657,-0.020035938993752025,0.05623638840917896,0.13851607810242852,0.33288720723547416,0.05623638840917896,0.03380527447560987,0.01692561285790371,-0.22088698821045355,-0.20988711658430187,-0.2056422971730169,-0.18493053563858214,-0.1619477510756241,-0.08407942523687811,-0.07475328915530088,-0.08082259903662962,0.08898862046577478,0.13851607810242852,0.09247488566343653,-0.09490206091857586,-0.0659386540154135,-0.03395206722408965,0.002535192592078223,-0.0659386540154135,0.06454212672991712,0.12174085252237062,0.16595590125370366,0.3440134103231656,0.040163307006429574,0.16595590125370366,0.1949537483313278,0.12174085252237062,0.16595590125370366,0.3440134103231656,0.01078370714955409,0.16595590125370366,0.14371431699738216,0.06311713382453012,-0.04677760228898169,-0.04811352882212672,-0.04528047252977489,0.03854957333822016,0.09604862473704033,-0.16023548449134586,-0.21573124782852304,-0.136988598876087,-0.06990151833574458,0.24073111391922955,-0.046458233683410295,-0.07445906160607149,-0.05473163444414928,0.1152246717121899,0.12174085252237062,0.05623638840917896,0.011374160542040787,-0.016833710377508537,-0.01429851778543032,-0.10920057870400621,-0.06048192644707272,-0.014733421574406805,-0.06912523844490065,-0.09152160899089631,-0.025723915891106987,-0.018595892707321388,0.040163307006429574,0.09091244641836163,-0.015427033410130674,0.16595590125370366,0.13851607810242852,-0.01632610514501114,-0.07393668877696102,-0.1704155553408316,-0.23635420935624507,-0.21172763556364443,-0.19943433682758469,-0.23603177109434004,-0.1658876300796952,-0.18441820011659205,-0.06065996643197374,-0.0010682591349176133,-0.034394542053889705,-0.1742417538184264,0.3440134103231656,0.33288720723547416,0.04529272419904896,0.026499654382287505,-0.06596114410421434,-0.09991321132830402,-0.0682456391454522,-0.056101016992146424,-0.09903052868061589,-0.08816715818920891,-0.09673458028498717,0.02070683514174825,0.09247488566343653,0.1949537483313278,0.058245381141805413,0.11422284638279107,0.4065998807394685,0.17108776890295865,7.0,8.0,Book Club: The Next Chapter,2023.0,May 12,comedy,1.0,https://youtu.be/i9k213d5FU0?si=B8j2urRDZmCpvSOJ,17556340.0,29068729,2142255.0,3508.0,611,6677580.0,17581565.0,29014267.0,10125220.0,3508.0,15211970.0,3513.0,16876890.0,1339.0,17274770.0,382.0,17581565.0,9079.0,6.0,3.0,29121628.0,5.0,20000000.0,6.0,2900.0,2886.0,1448.0,1243.0,1042.0,1013.0,549.0,,,,,,,,,,,,,,,,,,,,,,6.0,Book Club: The Next Chapter,2023.0,12-May,c,1.0,https://youtu.be/i9k213d5FU0?si=B8j2urRDZmCpvSOJ,17556340.0,29068729.0,2142255.0,3508.0,10125220.0,3508.0,5086750.0,3513.0,1664920.0,1339.0,397880.0,382.0,Book Club: The Next Chapter,2023.0,12-May,c,1.0,https://youtu.be/i9k213d5FU0?si=B8j2urRDZmCpvSOJ,17556340.0,29068729.0,2142255.0,3508.0,10125220.0,3508.0,5086750.0,3513.0,1664920.0,1339.0,397880.0,382.0,17274770.0,8742.0,1976.066117593228,2886.322690992018,10125220.0,4334.301626374881,15211970.0,5577.707152887204,16876890.0,6619.277833515476,17274770.0,8742.0,1654.819458378869
10,rc8,comedy,200.0,230.0,1.4067942468394163,-0.2602944029532071,-0.007419315533678579,-0.2602944029532071,2.2666666666666666,0.03125,-0.0325259728257133,-0.09075559649211835,0.027526410184493016,0.0020074362318537034,-0.10237244953431913,-0.011117869537318343,0.08149556137010601,0.10555372490536526,0.1745126900356354,0.01699234159208214,-0.029191440373690734,0.06364041022760335,0.47077461818545624,0.4960770269555539,0.7919251625156272,0.12299150217320064,0.14286053012089417,0.230128057824238,0.180434825028826,0.11174991109134798,0.3212550532136941,0.47077461818545624,0.4960770269555539,0.7919251625156272,0.0628050345022456,-0.025942481783373175,0.1322401714088464,0.047688078483458504,0.037554067768996814,0.34411904805165544,0.0719771928801057,-0.03219724316720382,0.21132341754178025,0.15031543237842865,0.22250289762188993,0.2755972264712522,0.15031543237842865,0.13893040448852959,0.13893040448852959,-0.10167894907490978,-0.10237244953431913,-0.0933761775744852,-0.05474817177540022,-0.04368213136094416,0.02242059437000408,0.03650567904690154,0.05236482574888031,-0.004619319125237533,-0.06519907356343017,0.2755972264712522,-0.007699321755098393,0.014785801120976803,-0.1538422087672476,-0.013343795894909237,-0.0760679045380243,-0.1538422087672476,0.15031543237842865,0.22250289762188993,0.2755972264712522,0.012489594269350245,-0.06519907356343017,0.2665495782100353,0.12299150217320064,0.14286053012089417,0.230128057824238,0.012489594269350245,-0.08200323891395142,0.2314009543659798,-0.024064327509801454,-0.02374478937158183,-0.013063067006375923,0.02132443153315932,0.12450946031501059,-0.06272182732739494,-0.16381923906938572,-0.060290193189963,0.007826197957279183,0.13304785976101077,0.010384673373920971,0.03748705725415407,-0.02746665917209129,0.03994772666627734,0.25784925301575573,0.012489594269350245,-0.021728232519825297,-0.06295434427892929,-0.03854654285212645,-0.051890338747035684,0.01920251348441665,-0.04656194628413811,-0.048951412129966974,0.056324157394977294,0.030023868693979692,-0.10038966696923461,0.13433909287473292,0.09566757196797263,0.15031543237842865,0.12754537659863052,-0.09880740426447268,-0.06519907356343017,-0.02415900415428195,-0.11583518828668113,-0.1497773121917259,-0.22584521672975016,-0.1283295792862477,-0.03256940965946206,-0.019971590624179233,-0.10514645137195647,-0.04839481777531569,0.17701986301910969,0.03378015154024823,0.14286053012089417,0.22250289762188993,-0.02989710168515242,0.005156827326448741,0.055894294480466566,0.014173721171575627,0.0923043096291266,0.005983140961760014,-0.0485036591903797,-0.08001384396509156,0.04611752563919739,0.020827488867922184,-0.08564319804631403,0.1846588891772238,0.2755972264712522,0.2314009543659798,0.2665495782100353,0.1596219736717839,0.13330180483998863,0.13909912718222237,10.0,11.0,No Hard Feelings,2023.0,23-Jun,comedy,1.0,https://youtu.be/P15S6ND8kbQ?si=gjAiNLYLM0PQdiXv,50452282.0,83453541,6352471.0,3208.0,1980,15002770.0,50452282.0,87256407.0,21802364.0,3208.0,35162492.0,3208.0,43290171.0,2686.0,48135693.0,2053.0,50452282.0,12597.0,7.0,4.0,83453541.0,6.0,45000000.0,7.0,47000.0,6796.0,4165.0,3026.0,2360.0,1590.0,1715.0,1226.0,,,,,,,,,,,,,,,,,,,,,7.0,No Hard Feelings,2023.0,23-Jun,c,1.0,https://youtu.be/P15S6ND8kbQ?si=gjAiNLYLM0PQdiXv,50452282.0,83453541.0,6352471.0,3208.0,21810952.0,3208.0,13351540.0,3208.0,8127679.0,2686.0,4845522.0,2053.0,No Hard Feelings,2023.0,23-Jun,c,1.0,https://youtu.be/P15S6ND8kbQ?si=gjAiNLYLM0PQdiXv,50452282.0,83453541.0,6352471.0,3208.0,21810952.0,3208.0,13351540.0,3208.0,8127679.0,2686.0,4845522.0,2053.0,48135693.0,11155.0,4315.167458538772,6798.925187032419,21810952.0,10960.876558603492,35162492.0,13986.818107374898,43290171.0,16347.033402065596,48135693.0,11155.0,4086.758350516399
11,rc9,comedy,244.0,274.0,1.5788228039920158,-0.24449384516824013,0.16460924161892082,-0.24449384516824013,2.3666666666666667,0.07708333333333334,-0.02289542378956339,-0.026755652526389822,0.09076375886171055,0.03169823231212111,-0.10499570026830524,-0.017409332195905187,-0.007245653683054499,-0.017658146080219636,0.11233453341802885,0.0005190516131677275,-0.049803166291638216,0.06189632002794472,0.4366934499572885,0.44730086397722396,0.8674071959387303,0.05402274450525643,0.019014396534471872,0.21611370328955565,0.059765434957726016,0.04678683031724589,0.24653248863503247,0.4366934499572885,0.44730086397722396,0.8674071959387303,-0.022630462223859317,0.1649041116654712,-0.0878424549534549,-0.060249779115290315,-0.019269882440148912,0.03958930463860382,-0.006263732378701593,-0.0238451420492001,0.19772615803887497,0.012312954296988076,-0.03129706172079951,0.14317704392573768,0.012312954296988076,-0.005360515849813138,0.006508938184797852,-0.08578519167869063,-0.09430128714447948,-0.0964821595147671,-0.0816155149391771,-0.06760802050245734,0.14175030888599463,0.06711630538463464,0.008492224505960001,0.01862483361489661,-0.03129706172079951,0.16479212099045865,-0.012793032346358275,-0.05070386647846895,0.056438001566006805,0.23298664034829344,-0.05070386647846895,-0.08174766870558035,0.0603090930610535,0.030444440554580957,0.24433270407255905,0.047736395949459366,0.030444440554580957,0.24433270407255905,0.05402274450525643,0.019014396534471886,0.21611370328955565,0.03169895306639925,0.019014396534471886,0.21611370328955565,-0.051855031792454695,0.029608124126335504,0.03281393710471935,0.006508938184797852,-0.01448070955755933,-0.025551072538755066,-0.05648385485530086,-0.1017551534750341,-0.02311924276575382,-0.04210650782334732,0.03943409316738165,0.19328307295965563,-0.07012126868290634,0.052644254144617444,0.0942414485509753,-0.04997463558640516,-0.03982166593388178,-0.06576879385707715,0.02542646624620798,0.015661510183339153,0.047736395949459366,0.0603090930610535,0.036794391031444815,0.0013383272216597587,0.012312954296988076,-0.023033985996614322,0.030247846254019852,0.007001820975773387,-0.005791211370584904,-0.044652738277866526,-0.03129706172079951,0.02202082780359468,-0.06737698369906034,-0.0032105892686074603,-0.05391445574707643,-0.1123265195502187,-0.14604201290720828,-0.030857778510259053,-0.12836566900763494,-0.10738652136620522,0.007584352514362791,0.030444440554580957,0.010012573992447283,-0.03322843291262523,-0.103103664549864,-0.01799827687983563,0.14317704392573768,-0.006876487543757086,0.14762181229985555,0.18789470250655224,0.24433270407255905,0.03916791369943021,-0.0821517016180853,-0.16738001813006395,-0.12101555900336594,0.08682885019838782,0.1921194712388305,0.0842881289107623,0.16479212099045865,0.03364409575170498,0.03983161681251305,0.22007889295319638,0.20214718088631314,11.0,12.0,House Party,2023.0,13-Jan,comedy,1.0,https://youtu.be/XgOP67mTgZg?si=r135es4jieCvHxg7,9002247.0,9204731,1409486.0,1400.0,1007,3985882.0,9002247.0,9285747.0,5410508.0,1400.0,7640509.0,1400.0,8590596.0,1047.0,8842868.0,368.0,9011251.0,4383.0,6.0,3.0,9213735.0,1.0,,5.0,2300.0,3865.0,1593.0,907.0,686.0,816.0,1514.0,,,,,,,,,,,,,,,,,,,,,,8.0,House Party,2023.0,13-Jan,c,1.0,https://youtu.be/XgOP67mTgZg?si=r135es4jieCvHxg7,9002247.0,9204731.0,1409486.0,1400.0,5410508.0,1440.0,2230001.0,1440.0,950087.0,1047.0,252272.0,368.0,House Party,2023.0,13-Jan,c,1.0,https://youtu.be/XgOP67mTgZg?si=r135es4jieCvHxg7,9002247.0,9204731.0,1409486.0,1400.0,5410508.0,1400.0,2230001.0,1400.0,950087.0,1047.0,252272.0,368.0,8842868.0,4215.0,2097.9520759193356,3757.2972222222224,5410508.0,5305.909027777778,7640509.0,6213.346468083413,8590596.0,6898.868207213848,8842868.0,4295.0,1724.717051803462
12,uc1,comedy,560.0,590.0,1.52386714174466,-0.1659577178842409,0.10965357937156532,-0.16595771788424094,2.9,0.6104166666666667,-0.06323116442830039,-0.09436238281906642,0.039120702653638095,-0.06472757328407415,-0.18799429717652083,-0.1156080554049703,0.013213851109774294,-0.10397085140717298,-0.10992486818138415,-0.038248295534200075,-0.12877584380092005,-0.06213740697757211,0.32946641462264037,0.35074173494096345,0.6944234339124326,0.03930773988233907,0.05744412683550385,0.16595206730187242,0.048636769305290393,0.037442344523592345,0.20707427878551576,0.32946641462264037,0.35074173494096345,0.6944234339124326,0.01550252783739858,0.12848597128329056,-0.05715917242025837,0.024980377328469115,0.051595181230759075,0.19304003963195923,0.06657575593471442,0.02288340018877232,0.25279987203205107,-0.02871469745350966,0.05744412683550385,0.16595206730187242,-0.02871469745350966,-0.08245070475844657,-0.07763151847000278,-0.1450110684594991,-0.17253158979663172,-0.1851045106237794,-0.17670333380472406,-0.16868922952783802,-0.004574461423589043,0.002145386820692696,-0.01030184875557211,-0.08245070475844657,0.05744412683550385,0.16595206730187242,0.02317751804594004,0.025675195935416558,0.08471895325142921,0.02317751804594004,0.025675195935416558,0.08471895325142921,0.06612649371123878,0.05744412683550385,0.16595206730187242,0.06612649371123878,0.05744412683550385,0.16595206730187242,0.039307739882339064,0.05744412683550385,0.16595206730187242,0.039307739882339064,0.05744412683550385,0.16595206730187242,-0.0675726288437414,-0.05028362267776052,-0.07274392936808396,-0.038495821627522714,0.037854524846108115,-0.0349418541465903,-0.16384849830774048,-0.18914774261847533,-0.16228529574651518,-0.09365582818527915,0.07895916422857986,-0.024048463060555757,-0.08292809705193814,-0.18377535925597316,-0.09889427974797342,-0.03318754779858192,-0.0940048295368667,-0.07552550919577561,-0.05759730132692154,-0.055840634283356234,-0.037412932423003774,-0.053330378587358715,-0.02871469745350966,-0.13618671206338348,-0.06799314589311518,-0.035335918517696456,-0.012158400471756425,0.012488986053439356,0.06612649371123878,0.034948094773646236,0.05744412683550385,-0.017576029727544202,-0.1446936595477305,-0.19633077379548894,-0.17065557786007235,-0.12455914326766017,-0.08819173701312549,-0.1966378156971383,-0.2826136751451622,-0.24796911475951808,-0.12629627289039183,-0.1125904995896357,-0.12153038755594008,-0.06381658740086917,-0.0956205095990282,0.16595206730187242,0.11071016023603363,-0.039784734852166444,-0.06299646633448917,0.021722486916940047,-0.030871409764118174,0.015585083309256195,-0.04764355548436653,-0.216725818980704,-0.298384576104919,-0.18243180986676963,-0.07050969179623087,-0.15005287686066976,-0.06554911983186658,-0.08108084255138391,0.09731944618946241,0.2681653088885908,0.23350470000634865,64.0,65.0,Next Goal Wins,2023.0,Nov 17,comedy,0.0,https://youtu.be/pRH5u5lpArQ?si=ZmxW32H1ZrXmARwc,,,,,,2500295.0,6713826.0,18062279.0,4021062.0,2240.0,6166715.0,2240.0,6542872.0,500.0,6671511.0,190.0,6713826.0,5275.0,5.0,2.0,17427756.0,11.0,14000000.0,7.0,5200.0,1795.0,958.0,752.0,677.0,403.0,,,,,,,,,,,,,,,,,,,,,,,28.0,Next Goal Wins,2023.0,17-Nov,c,0.0,https://youtu.be/pRH5u5lpArQ?si=ZmxW32H1ZrXmARwc,6713826.0,18648802.0,2500295.0,2240.0,4021062.0,2240.0,2145653.0,2240.0,376157.0,500.0,128639.0,190.0,Next Goal Wins,2023.0,17-Nov,c,0.0,https://youtu.be/pRH5u5lpArQ?si=ZmxW32H1ZrXmARwc,6713826.0,18648802.0,2500295.0,2240.0,4021062.0,2240.0,2145653.0,2240.0,376157.0,500.0,128639.0,190.0,6671511.0,5170.0,1290.4276595744682,1795.1169642857142,4021062.0,2752.9977678571427,6166715.0,3505.3117678571425,6542872.0,4182.359136278195,6671511.0,5170.0,1045.5897840695488
13,uc2,comedy,428.0,458.0,1.38166714293771,-0.36766861855475086,-0.03254641943538489,-0.36766861855475086,2.4482758620689653,0.2025862068965517,-0.038951928546196786,-0.06706394583672576,0.07080661866801984,-0.0011949289018646759,-0.13340407134027207,0.044849994726762155,0.04936244789451563,-0.02307261655570357,0.12953023953241963,0.003071863482151372,-0.07451354457756713,0.08172895097573388,0.4109350134865474,0.40941789184559974,0.7914928105825516,0.07475993595185712,0.11905856242985641,0.17114150895277624,0.027274441305955507,0.12405164594764656,0.19721999986047178,0.4109350134865474,0.40941789184559974,0.7914928105825516,0.08523275928817478,-0.017460666017073724,0.027121013790668034,0.0498091783653349,0.08096215949695154,0.3219922313485438,0.06963920835045286,0.061559426458813904,0.20776718320090243,0.10791767675704979,0.17681483722787017,0.2517938402097221,0.10791767675704979,0.05988428897593107,0.01877860022340909,-0.12789868071155244,-0.13089581633261302,-0.13974272433409518,-0.13258280521898178,-0.13116893603765023,-0.13352819055393977,-0.12769071261559395,-0.11181870831834119,0.08041099630759849,-0.0024405801536762917,0.11445039933763909,0.04095656689863667,0.02236561559367853,-0.09749659264122763,0.13819271323349197,-0.012892826336119044,0.15622159420451254,0.10791767675704979,0.17681483722787017,0.2517938402097221,0.11571650285049377,0.17681483722787017,0.2517938402097221,0.08041099630759849,0.11905856242985641,0.17114150895277627,0.07475993595185712,0.11905856242985641,0.17114150895277627,-0.06047658468183635,-0.011163206746462121,-0.012906409604519754,0.057557631270003115,0.04234788717357201,-0.001780192304442242,-0.16575895527246434,-0.10524845960425452,-0.1316241355460456,0.03184401983937103,0.10944808726556089,0.0013218417553263148,0.0884021250222798,0.10768330758332045,0.10178939325218188,-0.02882507046396162,-0.09576505141103803,-0.056839632170509434,-0.01867119310400226,0.0053413044185273255,-0.02015973155391148,-0.029258849138606324,0.0056616068325941364,-0.01512198650754704,0.05290431585814721,0.10791767675704979,0.011850901194812354,-0.06343277728163486,0.07475993595185712,0.11571650285049377,-0.0024405801536762917,0.024378731415140943,-0.02727872817479138,-0.1585431629670915,-0.17143598930321052,-0.16729771354709097,-0.10768180846678502,-0.06517921152912323,-0.1428843588168553,-0.18397726434150602,-0.08962329052830142,-0.12127185176832941,-0.20034134013961355,0.11905856242985641,0.17681483722787017,0.1451748432615474,0.06871901919749623,0.11445039933763909,0.06257433443752211,-0.036885502894105617,-0.02172330627743751,0.13449828792707502,0.09714776715913798,0.033560319980626384,-0.019233095155591098,0.09048917769583036,0.2517938402097221,0.11477985628536504,0.1379169105621391,0.05267141290904152,0.12901671870654643,0.2859998071383381,0.02054447734967406,65.0,66.0,The Holdovers,2023.0,10-Nov,comedy,0.0,https://www.youtube.com/watch?v=AhKLpJmHhIg&pp=ygUaVGhlIEhvbGRvdmVycyB0cmFpbGVyIDIwMjM%3D,,Focus features,,,,211093.0,20026220.0,39761220.0,278167.0,6.0,1074260.0,64.0,5657480.0,778.0,10133085.0,1601.0,20035480.0,9907.0,16.0,6.0,39828466.0,11.0,13000000.0,8.0,43000.0,46361.0,12439.0,5891.0,2796.0,2368.0,1388.0,1139.0,1184.0,1625.0,1481.0,1280.0,1384.0,1066.0,600.0,484.0,380.0,510.0,245.0,389.0,204.0,,,,,,,,29.0,The Holdovers,2023.0,10-Nov,c,0.0,https://www.youtube.com/watch?v=AhKLpJmHhIg&pp=ygUaVGhlIEhvbGRvdmVycyB0cmFpbGVyIDIwMjM%3D,20355375.0,44637335.0,211093.0,,278167.0,6.0,796093.0,64.0,4583220.0,778.0,4475605.0,1478.0,The Holdovers,2023.0,10-Nov,c,0.0,https://www.youtube.com/watch?v=AhKLpJmHhIg&pp=ygUaVGhlIEhvbGRvdmVycyB0cmFpbGVyIDIwMjM%3D,20355375.0,44637335.0,211093.0,6.0,278167.0,6.0,796093.0,64.0,4583220.0,778.0,4475605.0,1601.0,10133085.0,2449.0,4137.6418946508775,46361.166666666664,278167.0,58800.119791666664,1074260.0,64691.14806930163,5657480.0,67719.29759568864,10133085.0,2326.0,16929.82439892216
14,uc3,comedy,244.0,274.0,1.681302079669711,-0.312088648313232,0.26708851729661615,-0.312088648313232,2.933333333333333,0.6979166666666666,0.03543498437650546,-0.04905958348978967,0.19137013931169494,-0.011878010743981727,-0.05781223708817806,0.021503620299871126,-0.018139422163133568,-0.15677875324681034,-0.013838635142691989,0.0018058504897967074,-0.08788352460825935,0.06634504148962467,0.466116103606087,0.4107159162693646,0.8300161164838208,0.07782297023410273,0.06853939683464315,0.41814243117136424,0.09396246976610839,0.05578641991126125,0.3210766420078538,0.466116103606087,0.4107159162693646,0.8300161164838208,0.009361055585105497,0.08405424103866786,-0.03839439856342846,0.005856980330603441,0.12693889885701606,0.2417786569596733,-0.06846989200830161,-0.06991554819040355,-0.08503893607500343,0.07592567625131076,0.027111633489389622,0.41814243117136424,0.07592567625131076,0.07782297023410271,0.07329335400384072,-0.03652583883351865,-0.05781223708817805,-0.06650862700767907,-0.0859737483241619,-0.09957789653273087,0.03242729338407176,-0.010466734333761179,-0.0035285516825794136,0.029477158675811067,0.012405786123918426,0.41814243117136424,-0.03214553174560563,-0.09277389961787484,-0.08544840975249018,-0.015155489756567215,-0.004369664115545015,-0.08544840975249018,0.07972026421689468,0.06853939683464315,0.41814243117136424,0.06423412154331673,0.06853939683464315,0.41814243117136424,0.07782297023410271,0.06853939683464315,0.41814243117136424,0.0719771928801057,0.06853939683464315,0.41814243117136424,0.07329335400384072,-0.019486679766868485,0.0012017955478741034,-0.0428777889205514,-0.003101428415311307,0.001381636833411845,-0.10962104638970355,-0.022227681371382615,-0.15190429431168628,-0.1570462378019362,0.2802630887516416,0.05520316893205454,0.014081588683584419,-0.0011428661938547987,-0.016679772725302258,0.07592567625131076,0.07972026421689468,0.06423412154331673,-0.0052798041916946046,-0.03742533593730022,-0.015754899171610603,-0.030910388928177823,0.028584505124939593,0.005931270446860547,-0.047240541191920296,-0.04891797700326351,-0.03247484856647044,-0.0068813219544620495,0.0061346592853993905,-0.008557622576871243,0.06853939683464315,0.012405786123918426,-0.07680027245832606,-0.17439218084480218,-0.07505064710438175,-0.07942031121992676,-0.018240998129597473,0.027111633489389622,-0.07555367947394001,-0.14295783010681562,-0.10999057660518421,-0.20276447622305901,-0.19480693399271357,-0.11016970186984146,-0.1661620775432536,0.41814243117136424,0.2707612099279108,0.15188562515564966,0.10075492002802008,0.0153065102755299,0.04954807649261365,-0.09625478976942706,0.017285996270965876,0.12121355954921441,0.015725258955988752,0.054964045698016877,-0.07411790323557003,-0.04511721781617606,0.08609063679128506,-0.09101273715101575,0.09374102751318693,0.27696074917174834,0.1618700160831454,66.0,67.0,Wonka,2023.0,Dec 15,comedy,0.0,https://youtu.be/otNh9bTjXWg?si=NJaRcikG3tZUpNBl,,,,,,39005800.0,211067348.0,607567348.0,57502717.0,4203.0,110652896.0,4213.0,150224302.0,4051.0,167813855.0,3817.0,211500039.0,31445.0,9.0,8.0,607753494.0,12.0,125000000.0,7.0,33000.0,13681.0,12616.0,9768.0,4608.0,3859.0,2722.0,2353.0,1989.0,1554.0,2382.0,1368.0,1250.0,813.0,591.0,612.0,835.0,,,,,,,,,,,,30.0,Wonka,2023.0,15-Dec,c,0.0,https://youtu.be/X8fGvJHarb8?si=_hIagpJEhOLw9vrL,218402312.0,632302312.0,39005800.0,4203.0,57502717.0,4203.0,53150179.0,4213.0,39571406.0,4051.0,17589553.0,3817.0,Wonka,2023.0,15-Dec,c,0.0,https://youtu.be/X8fGvJHarb8?si=_hIagpJEhOLw9vrL,218402312.0,632302312.0,39005800.0,4203.0,57502717.0,4203.0,53150179.0,4213.0,39571406.0,4051.0,17589553.0,3817.0,167813855.0,16284.0,10305.444301154508,13681.35070187961,57502717.0,26297.106457872964,110652896.0,36065.41206142764,150224302.0,40673.62610386935,167813855.0,16284.0,10168.406525967337
