Trailer,Type,Onset,Offset,Pos_arousal,Neg_arousal,Pos_arousal_scaled,Neg_arousal_scaled,W_score,W_score_scaled,NAcc_onset,AIns_onset,MPFC_onset,NAcc_middle,AIns_middle,MPFC_middle,NAcc_offset,AIns_offset,MPFC_offset,NAcc_onset_z,AIns_onset_z,MPFC_onset_z,NAcc_middle_z,AIns_middle_z,MPFC_middle_z,NAcc_offset_z,AIns_offset_z,MPFC_offset_z,NAcc_whole,AIns_whole,MPFC_whole,NAcc_whole_z,AIns_whole_z,MPFC_whole_z,NAcc_pos_peak,AIns_pos_peak,MPFC_pos_peak,NAcc_neg_peak,AIns_neg_peak,MPFC_neg_peak,NAcc_slope_peak,AIns_slope_peak,MPFC_slope_peak,NAcc_slope_peak_avg,AIns_slope_peak_avg,MPFC_slope_peak_avg,NAcc_narrow_slope_peak,AIns_narrow_slope_peak,MPFC_narrow_slope_peak,NAcc_narrow_slope_peak_avg,AIns_narrow_slope_peak_avg,MPFC_narrow_slope_peak_avg,NAcc_delta_peak,AIns_delta_peak,MPFC_delta_peak,NAcc_delta_peak_avg,AIns_delta_peak_avg,MPFC_delta_peak_avg,NAcc_narrow_delta_peak,AIns_narrow_delta_peak,MPFC_narrow_delta_peak,NAcc_narrow_delta_peak_avg,AIns_narrow_delta_peak_avg,MPFC_narrow_delta_peak_avg,NAcc_ISC,AIns_ISC,MPFC_ISC,index,number,title,year,Release time,genre,"released (1 = yes, 0 = no)",url to trailer,Domestic Gross,Worldwide Gross,Domestic Openning,Theaters Num,Avg Domestic Opening,downloaded,video trimmed,audio extracted,Budget,Unnamed: 17,Unnamed: 18,"The tool used to get the thumbnail: https://youtu.be/otNh9bTjXWg?si=NJaRcikG3tZUpNBl , size of thumbnail 640*480"
rc1,comedy,108.0,138.0,1.7138966241703175,-0.2799419096099991,0.29968306179722265,-0.2799419096099991,3.074074074074074,0.8333333333333334,0.01904628654982638,-0.1404976597156552,-0.10995185110511,-0.051634271216866916,-0.05016574524719813,-0.07275775961412603,0.046360999686653644,-0.018161538780632133,-0.021884369923506505,0.6407661593048131,0.36024315398840395,0.40574730841585854,0.3912615040383017,0.3639368368344492,0.3575774938991226,0.23040173027409575,0.15157259925461958,0.2403520830953768,0.004591005006537695,-0.0696083145811618,-0.06819799354758083,0.4208097978724034,0.29191753002582427,0.3345589618034526,0.44726642182178283,0.4422952694686798,0.6247492816714835,-0.4059778379080506,-0.5649504046335729,-0.7713799723225994,0.14108862266892633,0.09951100332852388,0.19539742438280452,0.12507095525985104,0.10669242054424241,0.15169988965404058,0.3409418844764016,0.43769684354253424,0.640248216974507,0.3135486654146636,0.3312097994495505,0.5979599502798081,0.022236910892666804,-0.0023519028371431555,-0.035679196410195485,0.03506928998731395,0.0006798327546026485,-0.01049657946835167,0.009513359482714237,0.006769255466283797,-0.022395528845334006,0.008045267589809607,0.006851488752160615,-0.005593965272541447,0.24059397850617026,0.12683667449784955,0.1161872681899244,0.0,1.0,Joy Ride,2023.0,July 7,comedy,1.0,https://youtu.be/jyI-AM5VXDo?si=mZtAKMiPG0Ac2myk,12897789.0,15518636,2611969.0,2820.0,926,,,,,,,"The pilot data collected by prolific, sample size = 20"
rc10,comedy,568.0,598.0,1.3884621148110605,-0.18349296140706622,-0.025751447562034457,-0.18349296140706622,2.4615384615384617,0.2091346153846154,-0.016802456025931688,-0.07190336899503523,-0.050621554333548105,0.01717190807621815,-0.0571438618438693,0.10227464208859972,0.0001938963793339538,-0.03491920273050522,0.004172212925588845,0.12192130336523456,0.06432740791798836,0.17282813922729964,0.044349656864158066,-0.050002472017096296,0.16810421261004135,0.17436289919295583,0.12022298172833541,0.20428998661356135,0.00018778280987349465,-0.05465547785646992,0.01860843356021347,0.11354461980744948,0.044849305876409194,0.18174077948363412,0.4430859355714685,0.4372424194208722,0.7876864515569589,-0.4328863980055818,-0.5545531598026326,-0.7260958048783602,0.040380362742948143,0.03971039252959568,0.24385384375103594,0.02632978459688414,0.034215819639052986,0.21989989785589306,0.392445729370194,0.3731640941732878,0.6190405832522685,0.2876246202342806,0.29809313935765275,0.4979983418987682,0.006866450009614046,0.014082734188860569,-0.010127726078524368,-0.0046100146257485606,0.012950496946124549,-0.0019231896274130504,0.01091279582142235,0.010398752005747108,0.009990960003122011,0.008050120689731896,0.008376840297416243,0.007920260038428443,0.009732588307697444,0.05430323787730678,0.07910843262015707,16.0,17.0,Easter Sunday,2022.0,5-Aug,comedy,1.0,https://youtu.be/YIixb42aJPg?si=W_YbI5jjV8SOzHAJ,13013690.0,13021859,2033045.0,3175.0,640,,,,,,,
rc11,comedy,512.0,542.0,1.1657782377208332,-0.11444893099486672,-0.2484353246522617,-0.11444893099486672,2.0357142857142856,-0.27901785714285715,0.02902154102468585,0.06350715994596949,0.17254194734109465,-0.01580284063902331,-0.11700830526967816,0.019299644098071615,-0.0004849170025965246,-0.1182881543951713,-0.01821358957048019,0.04032906692573043,0.08842717480772151,0.1933554808254854,0.02636174816520015,-0.11157919537167542,0.1510438304624749,-0.06645129088889534,-0.20974113393887753,-0.020538914009972115,0.004244594461021997,-0.05726309990629331,0.05787600062289534,7.98414006784184e-05,-0.07763105150094377,0.10795346575932939,0.42683289938801794,0.46124476918049784,0.8023091301513373,-0.41817606734592266,-0.5857432139879356,-0.6151729566528475,0.04220700549394407,0.009891452227025508,0.06324852775740761,0.02892887016666776,0.025386851027933987,0.06675646201576924,0.31842985557287734,0.3609042250051083,0.5264050610917139,0.24019134390688887,0.2635060490290373,0.4941994539385677,0.0012126613206407326,-0.027522386522604265,0.006073934568766954,0.0004596064754530965,-0.028447506125618947,0.00599690498198876,0.009333546589689799,0.009928002700557489,0.008635049378330014,0.007496552181061626,0.006604369061802372,0.008613830705296272,-0.14292595888099627,0.12234440472090823,0.01237912434104997,25.0,26.0,My Big Fat Greej Wedding 3,2023.0,Sep 8,comedy,1.0,https://youtu.be/vsTfC_xF1ok?si=u1Fk0RICrG-_ufKt,28426750.0,38017696,3706845.0,3650.0,1016,,,,,,,
rc12,comedy,656.0,686.0,1.0956433148270663,-0.060915062982978246,-0.31857024754602875,-0.060915062982978246,1.8518518518518519,-0.4837962962962963,-0.10336876041513257,-0.13023828579224503,-0.0575554080753656,-0.0259243872830465,-0.09319902668901417,0.06677718694485028,0.036511482008958145,-0.07878765828899811,0.07734753069511043,-0.07887512284179846,-0.12504096693591354,-0.029352058040050057,-0.08561528714934674,-0.2051139790120344,-0.008424531784927372,0.004911911422165327,-0.10622194818274526,0.10374309918105497,-0.03092722189640695,-0.10074165692341906,0.0288564365215317,-0.05319283285632662,-0.1454589647102311,0.021988836452025852,0.3974764302724382,0.44091129447282706,0.7611641516841493,-0.4647698339745667,-0.6519877398169931,-0.6300863012095457,0.09961500655748,0.1285841464742409,0.1696634633192025,0.090732942180262,0.10878408082813076,0.22127393638367984,0.431112107811213,0.4220059269504689,0.611646445730018,0.3394035040413292,0.36875402433604837,0.47153389530108797,0.015890704463309164,0.006330826822248185,0.01039761011055086,0.0076087864640467864,0.004100966899031714,0.00864137296119514,0.019860952284584604,0.013870809332428267,-0.029408971745972342,0.014556096622743372,0.012055419030233962,-0.004798143983047374,-0.16932403969117366,0.0014401606475045695,0.031005065007031648,26.0,27.0,About My Father,2023.0,26-May,comedy,1.0,https://www.youtube.com/watch?v=gcqpsD7Re40&ab_channel=MovieCoverage,12089391.0,17655276,1464923.0,2464.0,595,,,,,,,
rc2,comedy,108.0,138.0,1.1110102541983629,-0.06719439099873514,-0.303203308174732,-0.06719439099873513,1.9285714285714286,-0.3861607142857143,-0.02591225329910001,-0.08911729348373196,-0.019137889891875676,-0.057502563289085463,-0.1364006102666041,-0.10623940590142601,-0.017838964897915612,-0.001966444837923663,0.00040021551343610357,0.17928976905302849,0.055493997386807395,0.14276787846421563,0.12450801542471393,-0.058792670823450965,-0.08800602930114264,0.19996024374017637,0.2338884958115748,0.23930279874061458,-0.03375126049536701,-0.07582811619608656,-0.041659026759955205,0.16791934273930628,0.07686327412497708,0.0980215493012292,0.3947675011445942,0.45843814594007204,0.6995783202033324,-0.4431753687495405,-0.5675480546981022,-0.7141103543356591,0.06076587329760724,0.12367903273555018,0.25780427872195283,0.10510407697739213,0.1446803872996496,0.2493335577994304,0.32316601187875155,0.4061997462517372,0.6574258845469597,0.24531611371186607,0.3596374177711044,0.4963906879739783,0.8922553617533971,0.007513904930717836,0.019806476067438482,0.5339347201438887,0.009624060876348142,0.01870795273362822,0.010254386998638168,0.01260300959658915,0.013576122085319147,0.0076737093205602675,0.011275051285167115,0.011342970473667096,-0.014274835022739305,0.18778409122413067,0.17254115835640754,1.0,2.0,80 For Brady,2023.0,Feb 3,comedy,1.0,https://youtu.be/-UeGXB2NjR8?si=JU3SbpBjbO05o2xl,39330588.0,40266090,4625369.0,3912.0,1182,,,,,,,
rc3,comedy,12.0,42.0,1.439489298141293,-0.2766234689623607,0.025275735768197995,-0.2766234689623607,2.6923076923076925,0.44711538461538464,0.03520772875259271,0.02533192544917281,0.007594957483502703,-0.06763238647787474,-0.1180348976995112,-0.08819844881062214,-0.041073925686359765,-0.0493243899599709,-0.20595666322924336,0.040690875534582505,0.0334420547502811,0.01403557766624192,-0.024979038090531726,-0.15555282826445183,-0.09709058411483748,-0.2119281719943711,-0.24934597202227657,-0.36958935193262027,-0.024499527803880594,-0.04734245407010307,-0.09552005151878758,-0.06540544485010677,-0.12381891517881576,-0.15088145279373857,0.43401321519663705,0.4365444271829207,0.5877023982594682,-0.45592562990440116,-0.5722989519117341,-0.8401542981163783,0.11008858945520172,0.09576376378791757,0.04144371610604072,0.08591836938953078,0.05491878218189488,0.10035342059708631,0.3286004241954582,0.27711977958569434,0.4573748593229184,0.2656381149506534,0.3028458033919868,0.4806421640720298,0.009937574686501307,0.009313984539242693,0.0032710428171703423,0.00585796620150988,0.006966635654231738,0.009468119598831277,0.009162385777976123,0.007779562637536254,0.014081875252172872,0.007643842349062997,0.008719529848755816,0.01730221003973271,-0.0482459219251901,-0.013874920799124014,0.12468824906477935,2.0,3.0,A Man Called Otto,2022.0,Dec 30,comedy,1.0,https://youtu.be/eFYUX9l-m5I,64267657.0,108641148,1555761.0,637.0,2442,,,,,,,
rc4,comedy,332.0,362.0,1.7517567602304576,-0.2940730266087635,0.3375431978573627,-0.2940730266087635,3.2222222222222223,0.9814814814814815,-0.008047524916879444,-0.003760638203819047,0.10178910152209159,-0.08197616475007577,-0.10637085126122994,-0.052023224093913994,-0.008415108084812394,-0.06256376525587672,-0.1698282874277686,-0.13311609183834378,-0.06491938738649522,0.009373241955315555,-0.19639241028452348,-0.29037681483237315,-0.20874614573469022,-0.1197886563202758,-0.18479492626912408,-0.30313036671785615,-0.03281293258392251,-0.05756508490697522,-0.040020803333196985,-0.14976571948104772,-0.18003037616266418,-0.16750109016574358,0.4225331298949493,0.4343298682360185,0.5888563521989341,-0.45410818270684183,-0.5596249833093547,-0.7526470889507524,0.03729162330730239,0.08811550690395535,0.07830119781614923,0.05030317784172515,0.10195706802982937,0.07405788514834055,0.4229903162917586,0.34697976909704087,0.4096184017727217,0.28304262360556925,0.28821997302857877,0.397723513776494,0.0081092458226275,0.0021528481476631037,0.003616203778050763,0.008411069888531207,-0.0038173631262692362,0.004957715646304293,0.012504644153186703,-0.0005746386571317695,0.010577456792679888,0.008758864007599697,0.005155278581220259,0.01122360545030946,-0.011884906960620719,0.08829512939331315,0.13922598114687987,3.0,4.0,Puss in Boots: The Last Wish,2022.0,Dec 21,comedy,1.0,https://youtu.be/RqrXhwS33yc?si=jhP7bbiB2SUukjNb,185535345.0,484643149,3200250.0,4099.0,781,,,,,,,
rc5,comedy,700.0,730.0,1.4662562438587872,-0.09323730511863255,0.05204268148569219,-0.09323730511863255,2.5555555555555554,0.2523148148148148,-0.0004415485392483265,0.03994005164199659,0.12616387043702962,-0.05019256227512462,-0.07762207622581213,-0.14562927373905163,-0.03672595271217226,-0.12315257041197863,-0.1830314368043959,-0.10386860884533443,0.023917940071118558,0.06325969526763457,-0.3125860749457927,-0.3300619322243482,-0.37752736650527163,-0.003871679640105399,-0.07435222956292489,-0.165053434726097,-0.02912002117551505,-0.05361153166526472,-0.06749894670213931,-0.14010878781041083,-0.12683207390538487,-0.15977370198791135,0.393831815406882,0.5094316711542162,0.7214897907686617,-0.4598124018138084,-0.5703493525739375,-0.7516962555916306,0.043905734515974786,0.11037882951692167,0.08225841620532887,0.040695955733595704,0.1354469054344513,0.09039743693904806,0.32916658281441946,0.34481314056149337,0.41336706333451007,0.24558107219376152,0.3128951323000764,0.3916215554204566,-0.0007342335388786152,0.0015573960649678147,0.0014434610859615814,0.0006662829261264941,0.007416086074224363,0.0016828229900120262,0.012731642754904774,0.007829858597067226,0.006608811552712911,0.008023401976864717,0.008012999669177408,0.006688438960201641,0.07446726246696661,0.10553980246400307,0.2813382647755694,4.0,5.0,Strays,2023.0,Aug 18,comedy,1.0,https://youtu.be/26Xq6_g2r6Q?si=W1w0lLc7rlqiJ8TI,23988885.0,35316418,3427540.0,3223.0,1063,,,,,,,
rc6,comedy,420.0,450.0,1.3205775579631298,-0.13132022574318986,-0.09363600440996521,-0.13132022574318986,2.3214285714285716,0.006696428571428571,-0.05022941141000139,0.008065309920353625,0.05154093459382907,-0.02386928506015702,-0.1939342798170227,-0.06178550429612341,-0.029530057893335175,-0.01571700528040448,-0.08394072658123032,0.19344750981419345,0.3195736285166601,0.295942318038185,0.022730461954703025,-0.22557519043889565,0.005718164646418718,-0.1815001305952691,-0.13259961656664515,-0.2779810742524832,-0.03454291812116451,-0.06719532505902451,-0.03139509876117489,0.01155928039120913,-0.01286705949629356,0.007893136144040181,0.4006276795601002,0.4144333149538482,0.6361053973092697,-0.4581685958595307,-0.5706886914885781,-0.8052220760663392,0.12231042893204659,0.09431209099178932,0.27002858066028246,0.10661437096427562,0.1047364694462304,0.29526714073220345,0.3362881184952159,0.29599188868195914,0.44600652604889995,0.2688471757345845,0.27618986372682713,0.475740901794555,0.0004360950455478893,-0.020335248696277914,-0.004230286702149815,0.0037250929239673602,-0.0052721539853147325,0.004766560410840811,0.01074472613815339,-0.007233518088809778,0.009261165200082072,0.00951855740438817,0.003504438959907186,0.009397261670031255,0.08757633365728822,0.30057611089856534,0.3018955442341939,6.0,7.0,Champions,2023.0,Mar 10,comedy,1.0,https://youtu.be/pCHiWnj5Oek?si=3Rq4Yp7lOL2GySLb,16271910.0,18852343,1820955.0,3030.0,601,,,,,,,
rc7,comedy,660.0,690.0,1.1835787823750477,-0.21802532951637602,-0.2306347799980472,-0.21802532951637602,2.1481481481481484,-0.09259259259259259,0.018247300944881632,-0.01847116238764071,-0.009103969193589382,-0.06387829539422826,-0.18495887089337396,-0.15820009970998536,0.013469672966995727,-0.06635193040145983,0.04880788507386808,0.13377238332407065,0.08041344997242994,0.09408481297009026,-0.08171710817524597,-0.2431296074511714,-0.15261506581465148,-0.05927992820725106,-0.13532466667058707,0.004391214985984684,-0.010720440494116976,-0.0899273212274915,-0.03949872794323554,-0.0024082176861421356,-0.0993469413831095,-0.01804634595285884,0.4088900534104799,0.421081088222315,0.6815577145078481,-0.4172885314863455,-0.5679003219705262,-0.7808944843853584,0.028245506009390613,0.10205271868726992,0.09474361796331195,0.02758339771724141,0.06784793801395315,0.061621636162548316,0.3524020909123589,0.3036662066827536,0.5212253888343915,0.25120382246125356,0.32972220385604845,0.4204560659157523,0.02628304929321113,0.12116399422934554,0.03832462818548502,0.027630657029434458,0.06515977516722304,0.011605632681030965,0.01300994023622225,0.5075428135911019,0.008975569810134202,0.009168904582337444,0.1760921355640795,0.007267569197864033,0.1736388033738404,0.23551391735262114,0.09615184906544272,7.0,8.0,Book Club: The Next Chapter,2023.0,May 12,comedy,1.0,https://youtu.be/i9k213d5FU0?si=B8j2urRDZmCpvSOJ,17556340.0,29068729,2142255.0,3508.0,611,,,,,,,
rc8,comedy,200.0,230.0,1.3001122588943592,-0.17396913585469928,-0.11410130347873568,-0.17396913585469928,2.2962962962962963,0.05555555555555555,-0.00797558886307507,-0.053679218962158,0.05854247375223567,-0.03425195312236468,-0.026841444440688617,-0.04212167047826733,0.07212543287096382,0.0877768817010251,0.07297769187649744,0.02770085422538113,-0.06281786781949132,0.022785007421776943,0.011858160880226802,0.02940795931820666,0.004990220847258337,-0.1361695333349156,-0.09600760581660592,-0.1747688924980886,0.00996596362850801,0.002418739432726156,0.02979949838348861,-0.03220350607643591,-0.043139171439296846,-0.04899788807635113,0.46488564403911375,0.48299483181475,0.6441130976443306,-0.39986336155241303,-0.4779797255149967,-0.5279094260924262,0.008824847730090336,0.08516682378172316,0.16574551323018377,0.03397273045510635,0.10778849602207802,0.15080104679177056,0.36760171800085756,0.39478020780585055,0.6344382438224179,0.2963420950089803,0.3553552083405204,0.4876738663582434,0.005422697639975615,-0.0022674898474117,0.010572188737528203,0.0029607669084963186,-0.0007544945205060181,0.007399433113532315,0.010869243948929705,0.012177545531295785,0.015194892320910204,0.009085686288934788,0.010399485646345694,0.008764108501634867,0.12436301392917469,0.09746327232602094,0.19665905941098,10.0,11.0,No Hard Feelings,2023.0,23-Jun,comedy,1.0,https://youtu.be/P15S6ND8kbQ?si=gjAiNLYLM0PQdiXv,50452282.0,83453541,6352471.0,3208.0,1980,,,,,,,
rc9,comedy,244.0,274.0,1.3913516494443854,-0.09006227317209999,-0.022861912928709573,-0.09006227317209999,2.392857142857143,0.078125,0.012025356594688638,-0.024616564867652253,0.11111124020827111,0.009701970285613454,-0.07476506096338799,-0.05709037298591273,0.000861741378359722,-0.027061564266557876,0.058658886971548314,0.21690529547752654,0.22027557795572789,0.30304172105007915,0.12448133971780471,0.03308244486101798,0.05298528954730025,-0.0679685964449218,-0.09206788987414503,0.029824843597508595,0.0075296894195539185,-0.0421477300325327,0.03755991806463556,0.09113934625013645,0.053763377647533625,0.1286172847316293,0.46197550804651677,0.4288304170425787,0.7762802197267258,-0.37374837500097424,-0.5338447847373946,-0.6658837075844174,0.06776112200057607,0.17199253595097816,0.21237812550760313,0.059605646708779755,0.16575064618700863,0.24662455588278237,0.36314410346907755,0.40873687370900563,0.5518795820096999,0.3444806585854258,0.35980944955655075,0.4884160034817925,0.004305800333958968,-0.006464507777255185,0.006850987286015747,0.014516227909362894,-0.01148239842690566,0.01747340625007476,0.009523949586390528,0.014330199184492272,0.009290146709356314,0.008346591415422312,0.01172985883444701,0.00808524614309983,0.088807426173346,0.0925278288535463,0.10181044723157122,11.0,12.0,House Party,2023.0,13-Jan,comedy,1.0,https://youtu.be/XgOP67mTgZg?si=r135es4jieCvHxg7,9002247.0,9204731,1409486.0,1400.0,1007,,,,,,,
rh1,horror,196.0,226.0,1.6629600542485934,0.07755488940645822,0.24874649187549858,0.07755488940645822,2.6666666666666665,0.33101851851851855,-0.033011303350073205,0.009140624275225285,0.08469197164120577,-0.028280122172808817,-0.0921611008108622,-0.12039622103100471,-0.03222796524417174,-0.059533655379127,-0.003465684939502281,0.11233291751422173,0.15457822420345077,0.25613294952189664,0.11691536684858284,0.04344435967627228,0.012093940770637444,-0.08998363011949377,-0.06862716369689505,-0.04184374850934115,-0.031173130255684592,-0.04751804397158797,-0.01305664477643375,0.046421551414436914,0.04313180672760933,0.07546104726106434,0.4202599923991717,0.4369285887990245,0.6819753037250961,-0.44067477756504725,-0.5105197501140984,-0.6628963029490024,0.021868085364795422,0.05627530220241495,0.15801434169706052,-0.0099238451642005,0.0725923690947843,0.1854627639850163,0.3760497137580475,0.2632592432413928,0.457722526304066,0.2750025393406055,0.25992917687553097,0.33585148341446525,-0.005825309937214689,-0.0046381017323773146,0.010096563743614721,0.0034383035020617548,0.07072019166220476,0.011214675665151618,0.011658066282916928,0.010749257636476798,0.010253583306834844,0.00887797235596127,0.009007597286515963,0.007368160257031836,0.14104747286310984,0.17711237784787137,0.14870149894037776,30.0,31.0,The Exorcist: Believer,2023.0,6-Oct,horror,1.0,https://www.youtube.com/watch?v=tLsosQe2RKM,54300915.0,107689915,11826255.0,3663.0,3229,,,,,,,
rh10,horror,288.0,318.0,1.337767666550261,0.3189807388133104,-0.07644589582283387,0.3189807388133104,1.6538461538461537,-0.5745192307692307,-0.022212614719933684,0.06548406490019981,-0.09282975053538893,-0.03812062550369081,-0.08894116501318801,0.09877883642831041,-0.02610232647852067,-0.07049702857665673,-0.1120124589672314,-0.12061845439103612,0.0007857772816934125,-0.1967154246039996,-0.1861037200319899,-0.2462493634283172,0.026295177513837885,-0.24337351350736217,-0.36872658181481266,-0.37426590088911205,-0.028811855567381698,-0.0313180428965483,-0.035354457691436636,-0.18336522931012939,-0.2047300559871455,-0.18156204932642458,0.40924446835308004,0.4630878485476236,0.7211702874439403,-0.4423121141572518,-0.5317286769182771,-0.7756503618680993,0.03389914643678383,0.08234524044487589,0.2171848771051688,0.015029641771081728,0.0931388000715537,0.17596423072937892,0.3210090967042365,0.43877883371573145,0.6765263672075087,0.29232254015197917,0.3569602469549462,0.48412045612707283,-0.0005757460475428115,-0.061492759018417206,0.004320270423751108,-0.0035471270494972385,-0.06079520809833529,0.00019987396495861547,0.012190400641545243,0.012500300895793,0.012994150951704777,0.05314831404103826,0.009548839606104658,0.008789114481738903,-0.01190205809548183,0.25595353810160915,0.14868541446513797,49.0,50.0,The Popeâ€™s Exorcist,2023.0,Apr 14,horror,1.0,https://youtu.be/iaBeaQaDG4A?si=gN6yaTon6KtflOKx,20009380.0,72913467,3465715.0,3178.0,1091,,,,,,,
rh11,horror,608.0,638.0,1.6445861815683016,0.3635481074303391,0.2303726191952065,0.3635481074303391,2.1481481481481484,-0.1875,-0.007394451028363748,-0.06856248549662965,0.04307434055322625,0.01956162025042683,0.04453639176327656,-0.012100166437122003,0.023859583182669276,0.1359393119678408,-0.02286305022906013,0.04005106059972946,-0.0889841162541616,0.16934710234214745,0.0816567324291077,0.19266500668950945,0.08370059463733594,0.07866460110538276,0.25259208962820784,-0.006406017011961373,0.012008917468244116,0.03730440607816256,0.0027037079623480334,0.06679079804473999,0.11875766002118524,0.08221389332250732,0.44242167192138804,0.523156553633835,0.632664724523522,-0.4371348596055468,-0.4593677674101842,-0.6749204147127172,0.09986167421712254,0.14975582903351445,0.24560703519470226,0.05811921279725282,0.12770555874072836,0.22679145450446433,0.37782208277444257,0.46193600743210744,0.50992253678156,0.3044329268316498,0.34456061243945146,0.3673201352578183,0.04533499435691423,0.004784007029825086,0.006103616154176818,0.023724032603242105,0.004492064218505359,0.0001652838016192074,0.012176359966491367,0.010945678654944047,0.010400839289761944,0.00989174847704276,0.008278296174812912,0.007500740501879249,-0.08333245832657445,0.13303895165907814,0.22908684106302687,50.0,51.0,Men,2022.0,May 20,horror,1.0,https://youtu.be/x0h3SE_-Sbk?si=fsR_eRymn-ZSzIpN,7587853.0,10287063,1419333.0,2212.0,642,,,,,,,
rh12,horror,60.0,90.0,1.5023772208434778,0.3342398081348797,0.08816365847038288,0.3342398081348796,1.9230769230769231,-0.33653846153846156,0.05263442644629872,0.008755262584350592,0.02412832185476494,-0.030171531391809385,0.10435967049930275,-0.04608136563481462,0.036277594125458126,0.17329654839855851,0.05603863284889254,0.6368377055864601,0.5459082524265592,0.5182896996638419,0.33268571530542207,0.5437302670539653,0.37488040280395896,0.2502499668190561,0.5064207721446423,0.4542562566020904,0.019580163059982482,0.09547049382740395,0.011361863022947628,0.40659112923697943,0.5320197638750556,0.44914211968996376,0.4528439185997247,0.5463088587957962,0.7065969910584802,-0.41099533807770605,-0.3536084978369033,-0.659551671166388,0.20715929222989735,0.029311688019506586,0.17238393760977586,0.12767714264554822,0.04977669188846755,0.14859811273441925,0.3965646268531688,0.35215634491989456,0.48008291547213616,0.2901856298973938,0.31879728550633774,0.4517806069543036,0.0080952471895861,0.008455326260516418,-0.001381741484871631,0.010821814018157709,0.0050629038354101106,0.018850891962008905,0.011753425193151312,0.007996090340943516,0.009451524710972074,0.0087611189429399,0.006984155520807738,0.00870838994550024,0.09595848469406544,-0.001892500368451167,0.12967370027254768,54.0,55.0,Scream,2022.0,Jan 4,horror,1.0,https://youtu.be/beToTslH17s?si=kwoK0PsS8NxdlydF,81641405.0,138874789,13383642.0,3664.0,3653,,,,,,,
rh2,horror,152.0,182.0,1.5062590411607686,0.043868075762413083,0.09204547878767343,0.043868075762413083,2.4285714285714284,0.11383928571428571,0.07562137105276376,0.06534896771860067,0.22634602254174507,-0.03849853354013586,-0.05651818531419271,-0.032338580291049364,-0.0018303350753869252,-0.0967432070368325,-0.014855662332418224,0.2549615872579388,0.23167297995587707,0.42648407069245786,0.13706454804499374,0.08224507680514406,0.18305644792467993,-0.09745311076591838,-0.2861663842017124,-0.07514963347559359,0.011764167479080325,-0.029304141544141498,0.05971725997275916,0.09819100817900474,0.009250557519769565,0.1781302950471814,0.5068336963457575,0.4830609962177958,0.7817571702976382,-0.4523275999711415,-0.5336469015100336,-0.6393216679031929,0.08647564537513582,0.0953182722156389,0.11938612451859663,0.039181746024111154,0.06788355369089424,0.06506201118346626,0.3937083951391628,0.3854871435139641,0.4607730173096593,0.30351510692559336,0.2917964380331405,0.4022967409264494,0.009621418059465174,0.0027675147376362177,0.005412461936425571,0.005334599198382868,0.00195357225498408,1.8181379759035207e-05,0.009316680858079464,0.009717712539545257,0.007570410934236568,0.0077994143421330426,0.007694487547104118,0.0063474188921815505,0.07837191576623327,0.21932485106979496,0.16883800759828846,31.0,32.0,Saw X,2023.0,29-Sep,horror,1.0,https://youtu.be/t3PzUo4P21c?si=nGvNxVuiXjrsTUyZ,47254428.0,74852798,7965110.0,3262.0,2442,,,,,,,
rh3,horror,468.0,498.0,1.4519038134796691,0.11366628271309871,0.037690251106574285,0.11366628271309871,2.259259259259259,-0.0625,0.03285743328494188,0.033444171248245995,0.03367441445632643,-0.03955530342455441,-0.08403131348373102,-0.05332232529286869,-0.015440381382436162,-0.05225342974453765,-0.010671684148799224,0.05493513262767951,0.14336803325600778,0.1289239698662825,-0.05592411142182047,-0.14460887910960174,-0.05832862824626233,0.017318027395012037,-0.06783271194275368,0.018466684474130406,-0.007379417174016233,-0.03428019066000756,-0.010106531661780487,0.005443016200290397,-0.02302451926544921,0.029687342031383516,0.40491262816808804,0.4596839187861597,0.6168401446970093,-0.423596081857908,-0.5338363636930104,-0.6390252461886803,0.04305390477300181,0.06527255183519744,0.18149783759995472,0.03756513204507042,0.0376605853799416,0.18049257586202394,0.3312771692687281,0.3164239715028696,0.4890108064409324,0.2305582624579968,0.28204332469738475,0.40413764867986723,0.0035930716992304064,0.005583718571299152,0.011087190822133774,-0.004588829453615482,0.006784257428930389,0.00319133123409556,0.010997087551247254,0.009111805928705415,0.01034399860458664,0.008473086145922007,0.008355629934645519,0.007830767094652063,-0.0044363842724444305,0.24086177716404045,-0.04266745823813437,33.0,34.0,Resident Evil: Welcome to Raccoon City,2021.0,Nov 24,horror,1.0,https://youtu.be/4q6UGCyHZCI?si=aAyF3GSb_1oIt8wq,17000612.0,41909091,2505531.0,2803.0,894,,,,,,,
rh4,horror,380.0,410.0,1.2660938597691571,0.23261040035869543,-0.1481197026039377,0.23261040035869543,1.7037037037037037,-0.5370370370370371,-0.04871523802439098,-0.05292122465104896,-0.08898983236779388,0.01589343131324195,-0.07548650586548733,-0.0174145641949251,0.023392880955735537,0.15830772411083502,-0.06797492966239539,0.075270374275655,0.04734491867886547,-0.0005163756370499982,-0.022874502700517003,-0.11902733627143679,0.07834973216619803,0.08884866451111656,0.3166418140797254,0.07664056188252723,-0.0031429752518044966,0.009966664531432889,-0.058126442075038136,0.047081512028751514,0.08165313216238469,0.05149130613722508,0.3975147712918112,0.5358146939356522,0.677357950628632,-0.40845985369784993,-0.4970152734834686,-0.8014930455133135,0.1404251975414984,0.20511938737758212,0.22323963217999707,0.07787416306356124,0.22091153979966832,0.17176013760171355,0.30023058257264745,0.41566240379972796,0.4617112180423053,0.26754287075338434,0.3246205214433227,0.45373044446068794,0.010353627406640782,0.003221945977079219,0.011458956022859065,0.01333618108875286,0.003919783690651175,0.006127357441013211,0.012492619088036993,0.012631767026212305,0.015870973034637165,0.009927841181522026,0.008707470528579179,0.01586339780864843,0.03133138640045429,0.18213285320334544,0.18430353668385965,34.0,35.0,Insidious: The Red Door ,2023.0,7-Jul,horror,1.0,https://youtu.be/ZuQuOnYnr3Q?si=x3zOKvthRbfq5Zrp,85301636.0,263401636,15203849.0,3188.0,4769,,,,,,,
rh5,horror,476.0,506.0,1.1870261404707814,0.1420402943138612,-0.22718742190231364,0.1420402943138612,1.7037037037037037,-0.5370370370370371,-0.04514271835463278,0.037199330833945124,-0.04040306376516933,0.021209752568232248,0.047623865704633284,-0.11746927041266952,-0.06984619294283591,0.011507349681386059,-0.10562886490080764,0.18805253273961411,0.30237707636990785,0.18741132335350397,0.12875496129434383,0.15406202995836007,-0.051332665783885206,-0.04055303055535517,0.10685622551277192,-0.036073419486649744,-0.03125971957641213,0.032110182073321475,-0.08783373302621549,0.09208482115953427,0.18776511061367995,0.03333507936098968,0.42547940102652826,0.48452202542247214,0.6414462122439503,-0.4583901329445055,-0.40677156196919256,-0.8187082358545786,0.08247758887768407,0.1477316013623751,0.18352254045581842,0.08052511284004196,0.1137515050646568,0.18484435341716218,0.32666340743501965,0.3381295690544069,0.6245633313222798,0.2655593960044187,0.28356247654912214,0.5204306553465504,0.0021398251086165404,0.006686519484054588,-0.012227135586877321,0.0030408396126758368,0.012591780777787371,-0.04640553997352738,0.010749745432794852,0.008867393040450712,0.011505756186163266,0.007924637948977851,0.007477797089223096,0.008626677989134858,0.03245212559501716,-0.03510045154314661,0.07428065172744187,36.0,37.0,Talk to Me ,2023.0,28-Jul,horror,1.0,https://youtu.be/vllUrgAb7vg?si=8SGeVJcgIekvwcMZ,82156962.0,186258928,4197960.0,2340.0,1794,,,,,,,
rh6,horror,12.0,42.0,1.2929274422147976,0.07216380306921946,-0.12128612015829714,0.07216380306921946,2.0,-0.31473214285714285,0.0020846568898861017,-0.0031062207020384055,-0.01908216472551888,-0.04233638459355802,-0.02755750215069108,-0.07330613449665095,-0.01895184748877419,-0.032439428375596546,-0.004119746227730524,-0.0845249837848343,-0.029063076192766848,-0.02766906309872403,-0.008372165449022691,0.059233726199502235,0.06668857066450541,0.1836183790967125,0.13368526103607672,0.25423981443958843,-0.019734525064148686,-0.021034383742775338,-0.0321693484833001,0.030240409954285175,0.05461863701427071,0.09775310733512325,0.4386250283981103,0.40591753151690607,0.6395063232498656,-0.46713022853059616,-0.49013892417305377,-0.6453549136121494,0.06734846504446527,0.09927300862944034,0.11880538357098162,0.04127498825548637,0.08481155331114268,0.10261925844767585,0.25479169677441205,0.3090004849525098,0.5097473437745322,0.25718312540900956,0.29552545214007064,0.45858491646235716,-0.059370845879247305,0.007927302123321718,0.0044544207929053175,-0.029432509937048656,0.007721443376994535,0.0008741406953647714,0.007251161664473464,0.010062049561908315,0.011334199579512974,0.007919529666902368,0.012613150879157561,0.009777054570194722,0.05158317499529556,-0.13758419020196297,0.09002559587218986,38.0,39.0,M3gan,2023.0,6-Jan,horror,1.0,https://www.youtube.com/watch?v=UahsOqEyzJw&list=PLScC8g4bqD44VCoWD5UPh_i4zZ21vU6BO&index=23,95043350.0,181013217,11726555.0,3509.0,3342,,,,,,,
rh7,horror,152.0,182.0,1.3901165264166442,0.3135859963151475,-0.024097035956450664,0.3135859963151475,1.7692307692307692,-0.46153846153846156,0.03306037371577793,-0.05494091613993247,-0.08879780725248686,-0.05939572203262644,0.027410944080577846,-0.058391144518011556,-0.006668226965968676,0.00952181652768757,0.01912597723852924,0.38279183625696395,0.2613254766790381,0.1802863082280166,0.14148338040250497,0.2240887169349892,0.10002310872929275,-0.10083937650122334,-0.08277184948591926,-0.031510924008028615,-0.011001191760939052,-0.006002718510555684,-0.042687658177323055,0.14114528005274854,0.13421411470936936,0.08293283098309358,0.46867732194378586,0.4630601322613144,0.6996405884996887,-0.4674229882849218,-0.4955900350993172,-0.8164705724733319,0.12877722459104404,0.11376829381843198,0.3446245937502577,0.13081325746301847,0.10146809854991726,0.3017132123287537,0.36497041537738817,0.41211002206844227,0.6346352992323206,0.2873843555141823,0.36267879228639555,0.5274567988063542,0.08732024678595462,0.022312223880395998,0.03575503970173992,0.06421001154579445,0.006129639329421528,0.03488958385913918,0.011823669843445954,0.013990284045595146,0.027160492354095414,0.009104578389273869,0.011717902181248982,0.016725150983375316,0.3087994792274031,0.18212652410319874,0.1181480880521,39.0,40.0,Evil Dead Rise,2023.0,21-Apr,horror,1.0,https://www.youtube.com/watch?v=AQ1hzzWJUYo,67233054.0,146017671,10348229.0,3402.0,3042,,,,,,,
rh8,horror,520.0,550.0,1.4452749117958217,0.4345784971095194,0.031061349422726845,0.4345784971095194,1.6538461538461537,-0.5985576923076923,-0.007639574378285076,-0.044943724451016055,0.0324058716383055,0.0028640953977711442,-0.08412369357010435,0.0610086439730558,0.008541740839088666,-0.02029290976896707,-0.04147994160104892,0.13211561629372925,0.05454375883890387,0.12923275708813173,0.10077508983463766,-0.019437219485181144,0.12444427515695759,-0.06308815857331163,-0.07991438284530343,-0.13894315782403982,0.0012554206195249345,-0.049786775930029156,0.017311524670104127,0.05660084918501843,-0.014935947830526913,0.038244624807016486,0.42813329928828014,0.45121694081137637,0.7671923160011841,-0.42713020000294794,-0.5466911102478409,-0.6929408788992285,0.10075898271077519,0.0924037687780353,0.21264143847424194,0.08842853984746647,0.0890050850045796,0.24822841495767442,0.33494760942096113,0.3960383479361322,0.49894891577898315,0.216535683969781,0.33450035427258834,0.409635635645028,0.009301953288471542,0.005567717105600291,0.00704132035930594,0.006404396952938685,0.00609771915368193,0.004246331444582386,0.009881002888225658,0.015053927116139391,0.007853105529166446,0.007017137728138381,0.013757286348623093,0.006531468156350897,0.11093209040599644,0.1702977530100917,0.17488181978446776,44.0,45.0,Prey for the Devil,2022.0,28-Oct,horror,1.0,https://www.youtube.com/watch?v=M8QCfvH3q8k,19802293.0,44013745,2831066.0,2980.0,950,,,,,,,
rh9,horror,332.0,362.0,1.4685295510183003,-0.11797350555053918,0.05431598864520552,-0.11797350555053918,2.607142857142857,0.2924107142857143,0.027417030149354874,0.0863065115922302,0.03636513702330586,-0.022670871284939807,-0.0906797681580784,-0.012884533496277035,0.036319505363845296,-0.12961562718384845,-0.028998567691817474,-0.2411594402723439,-0.15270907862369718,-0.22136379271288079,-0.22471711598525618,-0.2858176809972292,-0.14454328022239746,0.10106406660942399,-0.16872415903319868,-0.01862307239760507,0.013688554742753439,-0.04466296124989887,-0.0018393213882629004,-0.1216041632160587,-0.20241697288470833,-0.1281767151109611,0.48049319007441926,0.4657029721282088,0.6492478528117018,-0.45843011946020723,-0.537143157753915,-0.624117276085692,0.09703434978220636,0.13049274291328888,0.14152692445779963,0.09521315224143564,0.11865413552254482,0.20352191798557628,0.4047484354796126,0.35033666883426,0.41187488543940737,0.2695266597245341,0.3074293524924154,0.44047975275341805,0.009617036394337728,0.0003254168446082571,0.0022277829642486607,0.00969246332244973,9.850580115937846e-05,0.004857465943570643,0.010334728564846686,0.008572312235441944,0.009742654356479679,0.006866471998167122,0.008502454628349055,0.009940155609487893,0.10716932215693042,0.05513733534903455,0.05776822417060091,45.0,46.0,The Invitation,2022.0,26-Aug,horror,1.0,https://www.youtube.com/watch?v=W-fcLYrKrh0&list=PLScC8g4bqD44VCoWD5UPh_i4zZ21vU6BO&index=37,25100080.0,33689288,2681924.0,3114.0,861,,,,,,,
