,Trailer,Type,Onset,Offset,Pos_arousal,Neg_arousal,Pos_arousal_scaled,Neg_arousal_scaled,W_score,W_score_scaled,NAcc_onset,AIns_onset,MPFC_onset,NAcc_middle,AIns_middle,MPFC_middle,NAcc_offset,AIns_offset,MPFC_offset,NAcc_whole,AIns_whole,MPFC_whole,NAcc_ind_peaks_pos,AIns_ind_peaks_pos,MPFC_ind_peaks_pos,NAcc_trailer_peak_pos,AIns_trailer_peak_pos,MPFC_trailer_peak_pos,NAcc_trailer_peak_pos_yes,AIns_trailer_peak_pos_yes,MPFC_trailer_peak_pos_yes,NAcc_pos_peak,AIns_pos_peak,MPFC_pos_peak,NAcc_w,AIns_w,MPFC_w,NAcc_f,AIns_f,MPFC_f,NAcc_a,AIns_a,MPFC_a,NAcc_DP,AIns_DP,MPFC_DP,NAcc_DP1,NAcc_DP2,NAcc_DP3,AIns_DP4,AIns_DP5,AIns_DP6,AIns_DP7,AIns_DP8,MPFC_DP2,MPFC_DP3,MPFC_DP4,NAcc_DPy,AIns_DPy,MPFC_DPy,NAcc_DS,AIns_DS,MPFC_DS,NAcc_DSy,AIns_DSy,MPFC_DSy,NAcc_AP,AIns_AP,MPFC_AP,NAcc_APy,AIns_APy,MPFC_APy,NAcc_AP2,AIns_AP2,MPFC_AP2,NAcc_APy2,AIns_APy2,MPFC_APy2,NAcc_DP_subgroup,AIns_DP_subgroup,MPFC_DP_subgroup,NAcc_AP_subgroup,AIns_AP_subgroup,MPFC_AP_subgroup,NAcc_seg1,NAcc_seg2,NAcc_seg3,NAcc_seg4,NAcc_seg5,AIns_seg1,AIns_seg2,AIns_seg3,AIns_seg4,AIns_seg5,MPFC_seg1,MPFC_seg2,MPFC_seg3,MPFC_seg4,MPFC_seg5,NAcc_TR1,NAcc_TR2,NAcc_TR3,NAcc_TR4,NAcc_TR5,NAcc_TR6,NAcc_TR7,NAcc_TR8,NAcc_TR9,NAcc_TR10,NAcc_TR11,NAcc_TR12,NAcc_TR13,NAcc_TR14,NAcc_TR15,AIns_TR1,AIns_TR2,AIns_TR3,AIns_TR4,AIns_TR5,AIns_TR6,AIns_TR7,AIns_TR8,AIns_TR9,AIns_TR10,AIns_TR11,AIns_TR12,AIns_TR13,AIns_TR14,AIns_TR15,MPFC_TR1,MPFC_TR2,MPFC_TR3,MPFC_TR4,MPFC_TR5,MPFC_TR6,MPFC_TR7,MPFC_TR8,MPFC_TR9,MPFC_TR10,MPFC_TR11,MPFC_TR12,MPFC_TR13,MPFC_TR14,MPFC_TR15,NAcc_ISC,AIns_ISC,MPFC_ISC,index,number,title,year,Release time,genre,"released (1 = yes, 0 = no)",url to trailer,Domestic Gross,Worldwide Gross,Domestic Openning,Theaters Num,Avg Domestic Opening,Openning_US_C_IMDb,Gross_US_C_IMDb,Gross_W_IMDb,Gross_US_W1_num,Theaters_US_W1_num,Gross_US_W2_num,Theaters_US_W2_num,Gross_US_W3_num,Theaters_US_W3_num,Gross_US_W4_num,Theaters_US_W4_num,Gross_Total_US,Total_Theaters_US,Total_weeks,Weeks_avg_per_theater,Gross_World_num,Released_Month,Budget,IMDb_rating,IMDb_vote,GT_W1_num,GT_W2_num,GT_W3_num,GT_W4_num,GT_W5_num,GT_W6_num,GT_W7_num,GT_W8_num,GT_W9_num,GT_W10_num,GT_W11_num,GT_W12_num,GT_W13_num,GT_W14_num,GT_W15_num,GT_W16_num,GT_W17_num,GT_W18_num,GT_W19_num,GT_W20_num,downloaded,video trimmed,audio extracted,budget,Unnamed: 57,Unnamed: 58,"The tool used to get the thumbnail: https://youtu.be/otNh9bTjXWg?si=NJaRcikG3tZUpNBl , size of thumbnail 640*480",index2,title2,year2,Release_date,genre2,released,url,Domestic_Gross,Worldwide_Gross,Domestic_Openning,Theaters_Num,DG_WK1,NumT_WK1,DG_WK2,NumT_WK2,DG_WK3,NumT_WK3,DG_WK4,NumT_WK4,title3,year3,Release_date3,genre3,released3,url3,Domestic_Gross3,Worldwide_Gross3,Domestic_Openning3,Theaters_Num3,DG_WK1_U,NumT_WK1_U,DG_WK2_U,NumT_WK2_U,DG_WK3_U,NumT_WK3_U,DG_WK4_U,NumT_WK4_U,Gross_US_M1,Theaters_US_M1,GrossOverTheaters_M1,GrossTheatersW1,GrossW1,GrossTheatersW2,GrossW2,GrossTheatersW3,GrossW3,GrossTheatersM1,GrossM1,TheatersM1,GrossTheatersM1_avg,GT_AVG_W2,GT_AVG_W3,GT_AVG_M1,GT_AVG_Total,GT_Total,GT_AVG_Total_log,Gross_US_M1_rank,Gross_US_M1_log,GrossOverTheaters_Total,Gross_M1_updated,Gross_M1_updated_rank,Gross_M1_updated_log,GrossM1_rank
0,rh1,horror,196.0,226.0,1.3816104081320402,0.36555570984614844,-0.032603154241054734,0.36555570984614844,2.689655172413793,0.3879310344827586,-0.038724000866203305,0.07392912045547383,0.13206901065414745,0.025693407683843008,-0.08330624801815031,-0.06939077275806949,-0.04374209900832351,-0.045478459537794405,0.03586285643555041,-0.018924230730227923,-0.018285195700156954,0.032847031443876115,0.39604965026340444,0.5154232071585183,0.722948007162022,0.06643996703492805,0.12807296911774613,0.1989112436918199,0.04831602428660082,0.14481783181423488,0.21083564980636682,0.39604965026340444,0.5154232071585183,0.722948007162022,0.017919299555677625,0.09418037778030035,-0.0194323471071973,-0.0576709413699122,0.052580459211698835,-0.08875768326074923,-0.04717243308648043,0.0008358569132656745,0.007652861907651298,0.009102186523937893,0.1250298242214939,0.18263275381701033,0.009102186523937893,0.009102186523937893,0.009102186523937893,0.10345116361405643,0.07392912045547383,0.04576075010542423,0.03495144725527659,0.028190713085489753,0.18263275381701033,0.18263275381701033,0.18263275381701033,0.009102186523937893,0.1250298242214939,-0.07618218745578383,0.0,0.0,0.0,0.0,0.0,0.0,0.07135589913540796,0.1580931447430411,0.26159935792174344,0.061524034934448135,0.1250298242214939,0.26159935792174344,0.031550236887590594,0.09536101837114035,0.20937184987863056,0.06643996703492805,0.1115413088569725,0.20937184987863056,0.061524034934448135,0.1580931447430411,0.26159935792174344,0.07135589913540796,0.1580931447430411,0.26159935792174344,-0.057461579071633115,-0.0014061001853634934,0.041541502903209765,-0.06433058653392801,-0.012964390763424866,0.12705858748566204,-0.03553708727481354,-0.05203679763164236,-0.11392783564655602,-0.01698284543343499,0.13099061265845188,0.06373034261319926,-0.02477497923361989,-0.06404837247437067,0.05833755365572007,-0.10835880551913357,-0.06441439963183432,0.0003884679360685413,-0.015752609733883153,-0.00548265738223408,0.017016966560026815,0.061524034934448135,0.07135589913540796,-0.008255425360226781,-0.013174436850441004,-0.07236841392349001,-0.10744890882785303,-0.04092019050273907,-0.007075168311473415,0.009102186523937893,0.1250298242214939,0.09805279349245113,0.1580931447430411,0.03262889199923961,-0.04415905217885663,-0.09508110164482358,-0.029904369845609412,-0.019134426103018097,-0.10707159694629959,-0.16533974555100092,-0.107082555289877,-0.06936120609879011,-0.10876351086979491,-0.007037048030474933,0.0648520225999649,-0.004850649408284189,0.13622312946189633,0.26159935792174344,0.15714434183551765,0.11022887345986394,-0.07618218745578383,-0.03131371737987972,-0.00962785742259424,-0.033383362898385706,-0.19644673863370396,-0.027065988705504355,0.03136760991609628,0.005300809328474192,-0.012920902178324334,0.18263275381701033,0.11080875681086032,0.05171394082342493,0.19120048019738972,30.0,31.0,The Exorcist: Believer,2023.0,6-Oct,horror,1.0,https://www.youtube.com/watch?v=tLsosQe2RKM,54300915.0,107689915,11826255.0,3663.0,3229,26497600.0,65537395.0,136265132.0,33926950.0,3663.0,48601950.0,3684.0,56265830.0,3323.0,61004670.0,2717.0,65537395.0,17512.0,8.0,5.0,136966457.0,10.0,30000000.0,5.0,12000.0,9262.0,3983.0,2306.0,1744.0,1173.0,940.0,2090.0,787.0,,,,,,,,,,,,,,,,,,,,12.0,The Exorcist: Believer,2023.0,6-Oct,h,1.0,https://www.youtube.com/watch?v=tLsosQe2RKM,54300915.0,107689915.0,11826255.0,3663.0,33926950.0,3663.0,14675000.0,3684.0,7663880.0,3323.0,4738840.0,2717.0,The Exorcist: Believer,2023.0,6-Oct,h,1.0,https://www.youtube.com/watch?v=tLsosQe2RKM,54300915.0,107689915.0,11826255.0,3663.0,33926950.0,3663.0,14675000.0,3684.0,7663880.0,3323.0,4738840.0,2717.0,61004670.0,13387.0,4557.0082916262045,9262.066612066612,33926950.0,13245.508523032953,48601950.0,15551.822095106381,56265830.0,17295.966371882238,61004670.0,13387.0,4323.991592970559,6622.5,5183.666666666667,4323.75,98.375,787.0,4.588786706737568,22.0,17.92646097658427,3742.4277638190956,61004670.0,22.0,17.92646097658427,22.0
1,rh10,horror,288.0,318.0,1.3149448025431216,0.3111993418684081,-0.09926875982997312,0.3111993418684081,1.7666666666666666,-0.46875,0.0001876829329774778,0.03461518102642787,-0.032274531884242987,0.003964966437321684,-0.010912123388855112,0.14411352503181687,-0.04908858964102271,-0.1347797418827478,-0.05210134952105531,-0.01497864675690785,-0.03702556141505833,0.019912547875506177,0.3704492102928617,0.42062492439037263,0.8374080549572246,-0.0011822188873638322,0.08350009189236043,0.12165875169202366,0.1255681032504677,0.1596645235944969,0.10907313781809572,0.3704492102928617,0.42062492439037263,0.8374080549572246,-0.07603382160066464,0.10398162062329404,-0.2161180235517617,0.04123672464498732,0.045043536410483594,0.14582860520594104,-0.0023005871190063558,-0.016362278408863472,0.09287692113170644,0.01308266370085118,0.14095016502242894,0.2685999132956373,0.01308266370085118,-0.0048042524334031495,0.0035727419753745094,0.012400428101056337,0.0023977237835675885,-0.004751766363663931,-0.012432164074952007,-0.025916609879481967,0.24147630938622283,0.21898360088654595,0.17495961684408448,-0.02084517911240757,0.026050018762291943,0.04351706334320625,0.0,0.0,0.0,0.0,0.0,0.0,0.020326730792929796,0.14095016502242894,0.2685999132956373,-0.02084517911240757,0.06407807796499318,0.08189671870184355,0.005075318658952094,0.024913313941647655,0.24147630938622283,-0.02084517911240757,0.045064048363642556,0.00578453825220972,-0.02269116856765746,0.1006578385794422,0.08889923241103655,-0.02084517911240757,0.14095016502242894,0.08189671870184355,-0.0030707408843389074,0.0013954343454664268,0.007298147214931503,-0.01923849357828047,-0.06127758088231782,0.027649269468284738,0.07702608724990469,-0.05167052162229433,-0.07310716598456456,-0.1650254761866223,0.0648175313273761,-0.08897534033076894,0.1525567362869519,0.09959418910191194,-0.12843037700794008,0.00039628221378953737,0.01308266370085118,-0.02269116856765746,0.020326730792929796,-0.010176093475025624,-0.005964334281504887,0.007917386231104741,0.0035440639614830274,0.010432991452206726,0.003894724823318807,-0.053625200009784706,-0.00798500554837552,-0.06194206102738755,-0.10104550250715828,-0.02084517911240757,0.1006578385794422,0.003419286778495938,-0.021129316953083906,0.06407807796499318,0.026050018762291943,0.14095016502242894,-0.09112353713913365,-0.026274934241361906,-0.0376130934863874,-0.0404992170998215,-0.05851455034268054,-0.1203077305111916,-0.14342599097122027,-0.19416392710074387,-0.15748651048790283,0.26622838426866396,0.04351706334320625,-0.11529285362974191,-0.09699382293008053,-0.2588314304732628,0.08889923241103655,-0.02528240991159,0.2685999132956373,0.2143527054768084,0.17399818388719215,0.04288766471670015,0.08189671870184355,-0.07032764219742416,-0.20001748920872484,-0.11494599961767128,-0.04096787810810915,0.3695313684988052,0.25917923580834973,49.0,50.0,The Popeâ€™s Exorcist,2023.0,Apr 14,horror,1.0,https://youtu.be/iaBeaQaDG4A?si=gN6yaTon6KtflOKx,20009380.0,72913467,3465715.0,3178.0,1091,9006368.0,20009380.0,76987621.0,11623718.0,3178.0,16251707.0,3178.0,18575816.0,1950.0,19164828.0,606.0,20009380.0,9715.0,11.0,3.0,72913467.0,4.0,18000000.0,6.0,20000.0,3658.0,1456.0,1192.0,972.0,864.0,1246.0,967.0,2659.0,2544.0,2036.0,2211.0,,,,,,,,,,,,,,,,,21.0,The Pope's Exorcist,2023.0,14-Apr,h,1.0,https://youtu.be/iaBeaQaDG4A?si=gN6yaTon6KtflOKx,20009380.0,72913467.0,3465715.0,3178.0,11623718.0,3178.0,4627989.0,3178.0,2324109.0,1950.0,589012.0,606.0,The Pope's Exorcist,2023.0,14-Apr,h,1.0,https://youtu.be/iaBeaQaDG4A?si=gN6yaTon6KtflOKx,20009380.0,72913467.0,3465715.0,3178.0,11623718.0,3178.0,4627989.0,3178.0,2324109.0,1950.0,589012.0,606.0,19164828.0,8912.0,2150.45197486535,3657.5575833857774,11623718.0,5113.815921963499,16251707.0,6305.666691194268,18575816.0,7277.633687893938,19164828.0,8912.0,1819.4084219734846,2557.0,2102.0,1819.5,201.0,2211.0,5.303304908059076,12.0,16.768587282063066,2059.637673700463,19164828.0,12.0,16.768587282063066,12.0
2,rh11,horror,608.0,638.0,1.4226862069089883,0.618607109881561,0.008472644535893366,0.618607109881561,2.033333333333333,-0.25625,0.031629645232625334,-0.043610705282651756,0.08932555246805948,0.012572201424747369,0.01652101142289429,0.003580853523783479,0.031159590690871496,0.06713210798015565,-0.0032869650225410356,0.02512047911608138,0.01334747137346607,0.029873146989767316,0.4693657642809267,0.5157780272454858,0.7673252515403611,0.14896742717283276,0.06405669520287861,0.31370350068477154,0.2022063236363094,0.10817866226280043,0.49724130577038683,0.4693657642809267,0.5157780272454858,0.7673252515403611,0.059535385776514946,0.15273852584650272,-0.12114277911177482,0.02035208820996446,0.1316942852858571,0.1144175530143278,0.024287424173677387,0.07215842437037598,0.20855536069386738,0.14896742717283276,0.08826017480330345,0.31370350068477154,0.14896742717283276,0.11011310137352205,0.07582144589315527,-0.04712889518526433,-0.04361070528265176,-0.04295550303515202,-0.029737458566648636,-0.02111623229948427,0.21434265558082383,0.12988311407734007,0.08149700971258649,0.14896742717283276,0.08826017480330345,0.31370350068477154,0.0,0.0,0.0,0.0,0.0,0.0,0.14896742717283276,0.09422306320876289,0.31370350068477154,0.14896742717283276,0.08826017480330345,0.31370350068477154,0.11011310137352205,0.09422306320876289,0.21434265558082383,0.11011310137352205,0.03687611130889948,0.21434265558082383,-0.01744298295139413,0.04189756104692387,0.11498181047687611,0.12456081905884817,0.04957080824437155,0.17327781726866706,0.07582144589315527,-0.022463557031670873,0.02079507451384411,0.014445149834843506,0.03700428237023491,-0.010593252961390904,-0.0753177531089131,0.02061829423942925,0.06530429554534999,0.06672577315285509,0.12988311407734007,0.06967483341745238,0.009764705164090582,-0.01372783018252193,-0.04622908752752455,0.14896742717283276,0.07125877557421137,0.007238134932421731,-0.02743735865722694,-0.04187875285911233,0.001925440421326635,0.08302448689885401,-0.01744298295139413,-0.003196280405927521,-0.0014496568391221588,0.04070678169551566,0.004078324648137021,-0.055180422643298435,0.041632450695155046,0.12456081905884817,0.08826017480330345,-0.014507952185504469,-0.10553198150197171,-0.1567358218568846,-0.029537945672201485,-0.039679491797653246,0.04957080824437155,0.03923235157066631,-0.026948277096750132,0.060429666193836946,0.06018244055509198,0.07530077988712103,0.04189756104692387,0.06405669520287861,0.09422306320876289,0.31370350068477154,0.11498181047687611,-0.03903596892962747,-0.06366130338167424,0.12063972348995154,0.15204608014407991,0.17327781726866706,-0.0042408048153644295,-0.13974289696103087,-0.16343592801743423,-0.00962735042630177,0.13187978789617025,0.036020445295945086,-0.052535925061357895,-0.12217178281716083,0.19396808338018862,0.10035007330118649,0.2916000375453749,50.0,51.0,Men,2022.0,May 20,horror,1.0,https://youtu.be/x0h3SE_-Sbk?si=fsR_eRymn-ZSzIpN,7587853.0,10287063,1419333.0,2212.0,642,3293030.0,7587853.0,11152071.0,4743092.0,2212.0,6767294.0,2196.0,7424100.0,991.0,7552329.0,216.0,7587853.0,5683.0,5.0,3.0,10287063.0,5.0,7600000.0,6.0,18000.0,2144.0,922.0,663.0,594.0,522.0,,,,,,,,,,,,,,,,,,,,,,,22.0,Men,2022.0,20-May,h,1.0,https://youtu.be/x0h3SE_-Sbk?si=fsR_eRymn-ZSzIpN,7587853.0,10287063.0,1419333.0,2212.0,4743092.0,2212.0,2024202.0,2196.0,656806.0,991.0,128229.0,216.0,Men,2022.0,20-May,h,1.0,https://youtu.be/x0h3SE_-Sbk?si=fsR_eRymn-ZSzIpN,7587853.0,10287063.0,1419333.0,2212.0,1054419.0,2212.0,2024202.0,2196.0,656806.0,991.0,128229.0,216.0,7552329.0,5615.0,1345.027426536064,2144.254972875226,4743092.0,3066.0227324380676,6767294.0,3728.7936708840816,7424100.0,4322.44644866186,7552329.0,5615.0,1080.611612165465,1533.0,1243.0,1080.75,104.4,522.0,4.648229675448539,2.0,15.837366550477208,1335.1844096427942,3863656.0,1.0,15.1671244434363,2.0
3,rh12,horror,60.0,90.0,1.406061064558783,0.4689976003880428,-0.008152497814311889,0.4689976003880428,2.1333333333333333,-0.10208333333333333,0.08122131454629708,-0.004265230094134037,-0.011519312028559114,0.004579267284116747,0.08076112147697899,-0.08454514907140674,0.024998556966305943,0.20224080454478663,0.14588256966937688,0.03693304626557325,0.0929122319758772,0.016606036189803667,0.4416464326122533,0.5425800625845766,0.7614764037991056,0.08396386616906322,0.15880878386691635,0.1167388521052021,0.08166622669767089,0.11410671559877644,0.023051975422872763,0.4416464326122533,0.5425800625845766,0.7614764037991056,0.13115257749499062,0.04301254850686707,0.3245471004160384,0.15866872708701896,-0.014537020659308722,0.2507941954716919,0.09997041853857096,-0.04433514211978421,0.08215550308023127,0.13952565409918746,0.2574968402751775,0.278750169272345,0.13952565409918746,0.10993717699487203,0.08431878797896197,0.1253963035084793,0.1509972021031119,0.15293944141718002,0.15377791890999948,0.16674278408064674,0.278750169272345,0.278750169272345,0.278750169272345,0.0997083822690192,0.20432662780914773,0.278750169272345,0.0,0.0,0.0,0.0,0.0,0.0,0.13952565409918746,0.2574968402751775,0.278750169272345,0.13952565409918746,0.20432662780914773,0.278750169272345,0.10993717699487203,0.2574968402751775,0.278750169272345,0.10993717699487203,0.11443234794219212,0.278750169272345,0.13952565409918746,0.20432662780914773,-0.1217602413847569,0.13952565409918746,0.1788469641126766,0.278750169272345,0.062077406247247106,0.08431878797896197,0.00041393306977277936,0.028076069447254114,0.009779034584630282,-0.014226731019079165,0.011394125005584807,0.09903457363928388,0.17537377154372508,0.19298542070987146,0.08405948632335379,-0.15134639981681455,-0.0813437097280443,0.11758262997806182,0.11407817419246162,0.0997083822690192,0.05812175823378322,0.02840207823893897,0.13952565409918746,0.08034869989055662,0.03308200994714191,0.0277834642642926,0.08164532783132726,-0.10818699288630151,-0.011427472735876543,0.007387043740358254,0.08826863733728064,0.05738990889559593,-0.010462740153918133,-0.01759006498778697,0.04782314298566733,-0.010458908457735446,-0.08004442758516934,0.016445638993063037,0.004908403593504347,0.012828332430187016,0.06823902503346733,0.20432662780914773,0.024538068075236563,0.09387355403685635,0.1788469641126766,0.2534007964816424,0.16265063798752047,0.15880878386691635,0.2574968402751775,0.14900879990091076,0.15860601045850878,-0.05543635138935816,-0.1217602413847569,-0.1880147777281001,-0.14426418033758667,-0.17099191894969026,0.011659434386954316,-0.08469864462139699,-0.0344304358353142,0.18537703288359206,0.20180129288590756,-0.053254498800162184,0.1167388521052021,0.278750169272345,0.19756802574921706,0.2875218707404432,0.41119720861807496,54.0,55.0,Scream,2022.0,Jan 4,horror,1.0,https://youtu.be/beToTslH17s?si=kwoK0PsS8NxdlydF,81641405.0,138874789,13383642.0,3664.0,3653,30018805.0,81641405.0,137743924.0,38947929.0,3664.0,54788780.0,3666.0,64209744.0,3518.0,70341632.0,3227.0,81641405.0,22305.0,11.0,6.0,138874789.0,1.0,24000000.0,7.0,51000.0,10630.0,4321.0,2678.0,1900.0,1800.0,1479.0,1137.0,943.0,1045.0,788.0,776.0,,,,,,,,,,,,,,,,,23.0,Scream,2022.0,4-Jan,h,1.0,https://youtu.be/beToTslH17s?si=kwoK0PsS8NxdlydF,81641405.0,138874789.0,13383642.0,3664.0,58529284.0,3675.0,22963426.0,3675.0,11435355.0,3355.0,7603335.0,2852.0,Scream,2022.0,4-Jan,h,1.0,https://youtu.be/beToTslH17s?si=kwoK0PsS8NxdlydF,81641405.0,138874789.0,13383642.0,3664.0,38947929.0,3664.0,15840851.0,3666.0,9420964.0,3518.0,6131888.0,3270.0,70341632.0,14075.0,4997.6292717584365,15926.335782312924,58529284.0,22174.88707482993,81492710.0,25583.338639658545,92928065.0,28249.30462843835,100531400.0,13557.0,7062.326157109587,7475.5,5876.333333333333,4882.25,70.54545454545455,776.0,4.256257247384848,24.0,18.068874386333224,3660.228872450123,70341632.0,24.0,18.068874386333224,26.0
4,rh2,horror,152.0,182.0,1.3604628269862264,0.18254446373883385,-0.05375073538686844,0.18254446373883385,2.3333333333333335,0.04375,0.04549900853718251,0.023555333689795913,0.25236606938168266,-0.017003309865847156,-0.025480984342520364,0.013323804052293138,-0.03501932427087592,-0.12942124524346932,0.09518742336651208,-0.0021745418665135314,-0.04378229863206457,0.12029243226682929,0.429878777769744,0.4213108725548024,0.8032703121916899,0.112701851190075,0.06022067961500094,0.21991811924068141,0.10867484101149763,0.04500314346341041,0.21993023038161705,0.429878777769744,0.4213108725548024,0.8032703121916899,0.003938219872490027,0.045444219761429865,-0.13949530480466457,-0.08765053424857687,0.07396460925028134,-0.14205005275982235,-0.04582042392000041,0.12189006954560307,0.17455269291266895,0.161529219211015,0.03671442941827439,0.31745790020885567,0.161529219211015,0.12528971670403863,0.07858582137102718,0.01618489149621903,0.02355533368979592,0.030863487535812997,0.02375314673247037,0.009246821797438106,0.28815662799387304,0.22889334758933078,0.15011891886793757,0.161529219211015,0.03414942957871959,0.31745790020885567,0.0,0.0,0.0,0.0,0.0,0.0,0.161529219211015,0.06740425676589844,0.3259471517484026,0.161529219211015,0.05303710246410344,0.31745790020885567,0.12528971670403863,0.024247679339156503,0.28581400209385355,0.12528971670403863,0.06022067961500093,0.28815662799387304,0.161529219211015,0.043331661187758816,0.24568085243930454,0.161529219211015,0.043331661187758816,0.3259471517484026,-0.007694796907388222,0.07858582137102718,0.0041379570460461255,-0.0781966104567142,-0.007705080385538547,0.007135968265705798,0.05459100680592022,-0.05071819321264625,-0.10169326639560924,-0.12822700862369346,0.2285056969735558,0.22889334758933078,-0.02762068638438283,0.10078767649278157,0.07089612666286121,-0.05411363554999536,-0.03284523834130432,0.06387448316913501,0.161529219211015,0.08905021419706224,-0.014821969294995685,-0.020817839297249865,0.027836511474409676,0.005395198960978577,-0.08260845117237853,-0.08334947513305495,-0.06863190506470913,-0.01003572900079147,0.018474494026061532,-0.03155400618188569,0.03414942957871959,-0.04945595419987659,0.03671442941827439,0.043331661187758816,0.05303710246410344,0.06740425676589844,-0.018908898087585415,-0.09229745274778775,-0.040948228802565594,-0.042654598840561525,-0.13528761026154185,-0.12713759008472442,-0.17438588507136146,-0.12358123183704091,-0.08671390896267801,0.1138890867329602,0.3259471517484026,0.24568085243930454,0.31745790020885567,0.25885535577889046,0.11036678678024618,-0.08620436729624203,-0.08536697532864519,0.0887092834717387,0.03911429263436802,0.14910382732706443,0.11414490951691235,0.05351245794500213,0.129089120323011,0.030086801720570558,0.19064649675964665,0.1984224932511992,0.2865885646986622,31.0,32.0,Saw X,2023.0,29-Sep,horror,1.0,https://youtu.be/t3PzUo4P21c?si=nGvNxVuiXjrsTUyZ,47254428.0,74852798,7965110.0,3262.0,2442,18309301.0,53607898.0,111822387.0,24404793.0,3262.0,35729120.0,3262.0,43649877.0,3058.0,48611927.0,2756.0,53607898.0,16729.0,7.0,5.0,109238490.0,9.0,13000000.0,7.0,16000.0,7482.0,3472.0,2590.0,1800.0,1279.0,1027.0,953.0,,,,,,,,,,,,,,,,,,,,,13.0,Saw X,2023.0,29-Sep,h,1.0,https://youtu.be/t3PzUo4P21c?si=nGvNxVuiXjrsTUyZ,47254428.0,74852798.0,7965110.0,3262.0,24404793.0,3262.0,11324327.0,3262.0,7920757.0,3058.0,4962050.0,2756.0,Saw X,2023.0,29-Sep,h,1.0,https://youtu.be/t3PzUo4P21c?si=nGvNxVuiXjrsTUyZ,47254428.0,74852798.0,7965110.0,3262.0,24404793.0,3262.0,11324327.0,3262.0,7920757.0,3058.0,4962050.0,2756.0,48611927.0,12338.0,3940.016777435565,7481.542918454936,24404793.0,10953.1330472103,35729120.0,13543.30865218087,43649877.0,15343.762208058954,48611927.0,12338.0,3835.9405520147384,5477.0,4514.666666666667,3836.0,136.14285714285714,953.0,4.913704754598889,21.0,17.699379470284875,3204.4890908004063,48611927.0,21.0,17.699379470284875,21.0
5,rh3,horror,468.0,498.0,1.2976050621074737,0.3021809954870635,-0.11660850026562118,0.3021809954870635,2.1724137931034484,-0.12284482758620689,0.025827752947179466,0.08814262682671176,0.13474076809370478,0.013248099984662231,-0.0802764769057297,-0.02707683274508512,-0.023357221939797754,-0.06277617493804839,-0.005173522686436958,0.005239543664014624,-0.018303341672355453,0.03416347088739423,0.38888563083702327,0.4776814363654438,0.7426579972924081,0.07962382453142115,0.1516866450156653,0.2144965492164499,0.12759918669946904,0.12457161549456194,0.1929118804490033,0.38888563083702327,0.4776814363654438,0.7426579972924081,-0.04832317026093302,0.11104040096742616,-0.19797728641613335,0.003484293490373099,0.034182702985123374,0.010793803570845523,0.0222985213113995,0.06731111297486984,0.2191841901298475,0.10576185351314663,0.12591790517961773,0.2144965492164499,0.10576185351314663,0.0676329034970668,0.040599806182500725,0.1073210153988937,0.05684069506909406,0.036658311602077935,0.01400146294489713,0.0025532904398367783,0.19717578985141285,0.17301520738148038,0.16007961986225167,0.01989700136150769,0.12591790517961773,0.17985503048637574,0.0,0.0,0.0,0.0,0.0,0.0,0.10576185351314663,0.15102267626821048,0.2144965492164499,0.10576185351314663,0.15102267626821048,0.2144965492164499,0.0676329034970668,0.1516866450156653,0.19717578985141285,0.0676329034970668,0.1516866450156653,0.19717578985141285,0.10576185351314663,0.15235061376312017,0.015369610523987828,0.10576185351314663,0.15235061376312017,0.17985503048637574,-0.0020423474194120874,0.040599806182500725,0.017963775572668483,-0.016872403130604834,-0.01345111288507902,0.09612321799527072,0.0024209646325473897,-0.08792571727559204,-0.027176205749380043,-0.07495896796462324,0.17301520738148038,0.023085015694940546,-0.008288686541997402,-0.03207395287856716,0.015079770781114834,-0.07950983916943957,0.01989700136150769,0.053485795549695674,0.10576185351314663,0.029503953480986927,-0.01346638844663142,0.04302990121091196,-0.034538074166799715,0.04539949967389316,0.025815561651937203,-0.019440508593869556,-0.05699226244988216,0.017894788286436848,-0.026790278897138368,-0.03145784804453558,0.011429072537983951,0.12591790517961773,0.15102267626821048,0.15235061376312017,-7.1336153735118895e-06,-0.1450805862501045,-0.06425360573300268,-0.1219396289981877,-0.0775839170955857,0.0074753535482320966,-0.003401678836062635,-0.0856022919603096,-0.05960428803060863,-0.09040336428998318,-0.07486925157327792,0.2144965492164499,0.17985503048637574,0.12469404244161551,0.12127285730456565,0.033385361019517217,-0.08540317123926121,-0.022367943913694656,0.015369610523987828,-0.017867726236285377,-0.02511493286017218,-0.10538657291157556,0.034279647136046296,0.07101706741741592,-0.005453050243911728,-0.020324704830159714,0.10685468520408344,0.2841847826448126,0.11056229898931598,33.0,34.0,Resident Evil: Welcome to Raccoon City,2021.0,Nov 24,horror,1.0,https://youtu.be/4q6UGCyHZCI?si=aAyF3GSb_1oIt8wq,17000612.0,41909091,2505531.0,2803.0,894,5319280.0,17000612.0,41914915.0,3531339.0,2803.0,10518747.0,2803.0,14201944.0,2803.0,16452990.0,2572.0,17000612.0,11149.0,6.0,3.0,41909091.0,11.0,25000000.0,5.0,15000.0,1260.0,2493.0,1314.0,875.0,3905.0,564.0,,,,,,,,,,,,,,,,,,,,,,14.0,Resident Evil: Welcome to Raccoon City,2021.0,24-Nov,h,1.0,https://youtu.be/4q6UGCyHZCI?si=aAyF3GSb_1oIt8wq,17000612.0,41909091.0,2505531.0,2803.0,9777845.0,2803.0,3967802.0,2803.0,2484205.0,2638.0,637418.0,1248.0,Resident Evil: Welcome to Raccoon City,2021.0,24-Nov,h,1.0,https://youtu.be/4q6UGCyHZCI?si=aAyF3GSb_1oIt8wq,17000612.0,41909091.0,2505531.0,2803.0,3531339.0,2803.0,6987408.0,2803.0,3683197.0,2803.0,2251046.0,2572.0,16452990.0,10981.0,1498.3143611692924,3488.3499821619694,9777845.0,4903.905458437388,13745647.0,5845.60561006741,16229852.0,6356.357212631513,16867270.0,9492.0,1589.0893031578782,1876.5,1689.0,1485.5,94.0,564.0,4.543294782270004,9.0,16.616017781576712,1524.8553233473854,16452990.0,9.0,16.616017781576712,9.0
6,rh4,horror,380.0,410.0,1.1429518254115687,0.3230481694112308,-0.27126173696152617,0.3230481694112308,1.8333333333333333,-0.40208333333333335,-0.0247042755888245,-0.005316180482369018,-0.10494025702798533,-0.0007485317940343211,-0.07683081807510153,-0.059542691816828724,-0.04104612930106417,0.05925384906534757,-0.11246362639065896,-0.022166312227974327,-0.007631049830707653,-0.092315525078491,0.3123391077210649,0.4569784919015596,0.6882132672519076,0.026615022384503268,0.14461021587601933,0.019030685256250547,0.04807640521044903,0.27384899194350226,0.20739857693914265,0.3123391077210649,0.4569784919015596,0.6882132672519076,0.10031176506648665,0.15745129310187525,0.11327493101624724,0.1648197502438711,0.2167865430936118,0.29459339674183743,0.04817327777280965,0.08045938127678481,0.19480338489039456,0.02434502904954813,0.20424487700921254,0.09018203123957091,0.02434502904954813,0.02661502238450324,0.012892765820905417,-0.058986679090683405,-0.0452626857226637,-0.06506362296435514,-0.07211316988984912,-0.07477880256687298,0.05283297153876895,0.02139878644899478,-0.04241579973141447,-0.022235878735533596,0.0340434206106063,0.09018203123957091,0.0,0.0,0.0,0.0,0.0,0.0,0.028885015719458406,0.20424487700921254,0.09018203123957091,-0.0039026398796086345,0.0340434206106063,-0.04146958373055358,0.0071666342065840735,0.20424487700921254,0.05283297153876895,-0.04423813618954688,-0.04157747264902908,-0.1376645710015979,0.02434502904954813,0.10036089184233526,0.09018203123957091,-0.022235878735533596,0.20424487700921254,0.09018203123957091,-0.03712317792979885,0.004064394964940748,-0.0019506030947287198,-0.015950661304293758,-0.05987151377599104,0.0738462827860792,-0.08999671232444664,-0.0896151576220701,-0.05071242719779509,0.11832276520469434,-0.106497236394495,-0.15523452942480467,-0.01756778620137937,-0.08661507672174291,-0.09566299665003301,-0.008245387249908915,-0.07830018255000605,-0.024823963989481588,0.010095471795992288,-0.022247315950718202,0.02434502904954813,0.028885015719458406,-0.014551747306290263,-0.020185077697354274,-0.022235878735533596,-0.03882024939290799,0.013204144215560324,-0.0039026398796086345,-0.08457363249948514,-0.09113826894887937,0.08713453590529598,0.10036089184233526,0.0340434206106063,-0.11719836590866446,-0.13092138486141822,-0.02187038620325723,0.009633287749415098,-0.1640683091728124,-0.114410451442813,-0.09343823130604016,-0.10505531687452727,0.046356266587182206,0.006113202728851178,0.14461021587601933,0.20424487700921254,-0.051217110242636345,-0.15405892263511045,-0.1142156763057383,-0.044849235485202255,-0.16036034047123923,-0.2604940123179726,-0.09076472911663921,-0.05212066072706982,0.09018203123957091,0.01548391183796701,-0.04146958373055358,-0.23385955827264218,-0.2246461615051313,-0.0814328833657571,0.01909005492078932,0.08447131295846179,0.3356290577304184,0.1297499372252156,34.0,35.0,Insidious: The Red Door ,2023.0,7-Jul,horror,1.0,https://youtu.be/ZuQuOnYnr3Q?si=x3zOKvthRbfq5Zrp,85301636.0,263401636,15203849.0,3188.0,4769,33013036.0,82156962.0,189086877.0,45085554.0,3188.0,64501673.0,3188.0,74906584.0,2554.0,79530087.0,1914.0,82156962.0,12465.0,10.0,4.0,186258928.0,7.0,16000000.0,6.0,13000.0,14142.0,6090.0,4074.0,2416.0,1878.0,1490.0,1110.0,1336.0,1435.0,836.0,,,,,,,,,,,,,,,,,,15.0,Insidious: The Red Door,2023.0,7-Jul,h,1.0,https://youtu.be/ZuQuOnYnr3Q?si=x3zOKvthRbfq5Zrp,85301636.0,263401636.0,15203849.0,3188.0,45085554.0,3188.0,19416119.0,3188.0,10404911.0,2554.0,4623503.0,1914.0,Insidious: The Red Door,2023.0,7-Jul,h,1.0,https://youtu.be/ZuQuOnYnr3Q?si=x3zOKvthRbfq5Zrp,85301636.0,263401636.0,15203849.0,3188.0,45085554.0,3188.0,19416119.0,3188.0,10404911.0,2554.0,4623503.0,1914.0,79530087.0,10844.0,7334.0176134267795,14142.26913425345,45085554.0,20232.645232120452,64501673.0,24306.61195099281,74906584.0,26722.235252978182,79530087.0,10844.0,6680.5588132445455,10116.0,8102.0,6680.5,83.6,836.0,4.426043520090656,25.0,18.191645960859542,6591.011793020457,79530087.0,25.0,18.191645960859542,24.0
7,rh5,horror,476.0,506.0,1.2191043960210282,0.15312627033655943,-0.1951091663520666,0.15312627033655943,1.8333333333333333,-0.40208333333333335,-0.02051474268804582,-0.011809699329874798,0.011712393106918984,-0.01642204840440171,-0.0037744428234950437,-0.11101611332926241,-0.09996179503582632,-0.023128892269625823,-0.15933226434845757,-0.045632862042757946,-0.012904344807665225,-0.08621199485693368,0.37144220079717605,0.4240320445757363,0.6442455085260428,0.08323687386594388,0.06632747460490067,0.10005906609273617,0.13934850812577346,0.22020415181531447,-0.4830188850349808,0.37144220079717605,0.4240320445757363,0.6442455085260428,-0.029611691863154706,0.045853256114379945,-0.0871456076068075,0.08165753691723772,0.03428471051780994,0.21516224430718792,0.044815821485855105,0.08245604800713262,0.04061277346308954,0.02384250560034112,0.0841823624559319,0.0068406439228656584,0.02384250560034112,0.01953500252552155,-0.02073559710934744,0.0841823624559319,0.0841823624559319,0.0841823624559319,0.0841823624559319,0.0841823624559319,0.0068406439228656584,0.0068406439228656584,0.0068406439228656584,-0.0017343213788608139,0.0841823624559319,0.0068406439228656584,0.0,0.0,0.0,0.0,0.0,0.0,0.08323687386594388,0.0841823624559319,0.10005906609273617,-0.0017343213788608139,0.05334541508066845,0.0068406439228656584,0.040751276243541516,0.0841823624559319,0.06638041849376115,-0.019302159952821363,0.019584935308242117,0.0068406439228656584,-0.0017343213788608139,-0.04751776990740351,0.06662438671880079,-0.0017343213788608139,0.06632747460490067,0.06662438671880079,0.014877517986767052,-0.06833713695131585,-0.013177532673097776,-0.07132048351987694,-0.09020667505626628,-0.010972667688439438,-0.01061151714116496,-0.0003949429608633294,-0.05724411183236514,0.014701515584506759,0.037307727401360076,-0.08670062360132148,-0.07891724003366495,-0.18228322611515077,-0.12046661193589121,0.08323687386594388,-0.0017343213788608139,-0.03686999852678187,-0.07706317500105271,-0.07014309239947768,-0.05780514345341719,-0.03760888598781552,-0.025766217631818977,0.02384250560034112,0.015227499450701981,-0.10127679637908542,-0.12791215363124742,-0.031976684739603425,-0.08710163814930932,-0.15154170227988611,0.05334541508066845,-0.014175544464184198,-0.07208787368180257,-0.04751776990740351,0.021387276323347793,-0.005704057839439166,-0.039385191461358625,-0.012265162628703745,0.050465525207472356,-0.01198332739544602,-0.11114786940329364,-0.048601138698355785,-0.10640529030731226,0.06632747460490067,0.0841823624559319,0.10005906609273617,0.03270177089478611,-0.020837654783442097,-0.11998560338828605,0.06662438671880079,-0.2067406541344792,-0.2583523311366137,-0.01213864313623775,0.033739254171856616,-0.11158819241083809,-0.3284644010884181,-0.10679708484619613,-0.17262059664448748,-0.19561988308605185,0.0068406439228656584,0.10038014188943473,0.07549291989235085,0.12314270632600523,36.0,37.0,Talk to Me ,2023.0,28-Jul,horror,1.0,https://youtu.be/vllUrgAb7vg?si=8SGeVJcgIekvwcMZ,82156962.0,186258928,4197960.0,2340.0,1794,10431720.0,48299436.0,92039206.0,15862780.0,2340.0,26204909.0,2370.0,34208710.0,2379.0,38977888.0,2379.0,48299436.0,14166.0,13.0,6.0,92181818.0,7.0,4500000.0,7.0,34000.0,6779.0,4364.0,3364.0,2005.0,2544.0,2567.0,1367.0,1470.0,1419.0,1161.0,1076.0,1279.0,3232.0,,,,,,,,,,,,,,,16.0,Talk to Me,2023.0,28-Jul,h,1.0,https://youtu.be/vllUrgAb7vg?si=8SGeVJcgIekvwcMZ,82156962.0,186258928.0,4197960.0,2340.0,15862860.0,2340.0,10342129.0,2370.0,8003721.0,2379.0,4769178.0,1789.0,Talk to Me,2023.0,28-Jul,h,1.0,https://youtu.be/vllUrgAb7vg?si=8SGeVJcgIekvwcMZ,82156962.0,186258928.0,4197960.0,2340.0,15862860.0,2340.0,10342129.0,2370.0,8003721.0,2379.0,4769178.0,1789.0,38977888.0,9468.0,4116.802703844529,6779.0,15862860.0,11142.767510548523,26204989.0,14507.089074230742,34208710.0,17172.923618668974,38977888.0,8878.0,4293.2309046672435,5571.5,4835.666666666667,4128.0,248.6153846153846,3232.0,5.5159070621794495,18.0,17.478505068944205,3409.5324015247775,38977888.0,18.0,17.478505068944205,18.0
8,rh6,horror,12.0,42.0,1.2667410067340774,0.09686472010206905,-0.14747255563901754,0.09686472010206904,1.9642857142857142,-0.32589285714285715,0.026581512857704444,0.06616864715827672,0.030029542939864377,-0.018575435559753665,0.03830704097589282,-0.06683443894300063,-0.06754608117508801,-0.0340397374428695,0.05853020608526945,-0.019846667959045727,0.02347865023043335,0.007241770027377738,0.3723263476381274,0.4380855505010825,0.7247115280720491,0.08612032576786477,0.06387381349782494,0.10979126215195993,0.09225391516990833,0.2472331671659566,0.24948833470028225,0.3723263476381274,0.4380855505010825,0.7247115280720491,-0.016556223116774713,0.12942012446463522,-0.24003866788407133,-0.06878373931563408,0.04717113411323631,-0.023578655001818046,-0.037019728459683474,-0.06020932256893509,0.03614696310511878,0.12866545860452605,0.11115265585817169,0.19235430680723378,0.12866545860452605,0.11038848547576874,0.06163684062067979,0.07856206616347634,0.08042047594016033,0.07572221210952816,0.0570152292398377,0.060228478696561075,0.12957369747844594,0.04971348337995862,0.01765566208313063,0.12866545860452605,0.11115265585817169,-0.10525188644349708,0.0,0.0,0.0,0.0,0.0,0.0,0.12866545860452605,0.11115265585817169,0.19235430680723378,0.12866545860452605,0.11115265585817169,0.10625915100294311,0.11038848547576874,0.10637371029929725,0.12957369747844594,0.11038848547576874,0.10637371029929725,0.14930672890508845,0.12866545860452605,0.05043263270523031,-0.05107391652302188,0.12866545860452605,0.11115265585817169,0.2404924429847092,0.08811738796091363,-0.029462280597566098,-0.03897035588489883,-0.023456766679491498,-0.0954613245941859,0.07644746391202421,0.0631183197007357,0.026575149957229,0.015518383957086998,-0.06426606637490917,0.06445385712222662,-0.040577219491570414,-0.05435336382879279,0.008319504690496008,0.058366071644529276,0.04357519293120349,0.12866545860452605,0.09211151234701138,-0.0358664490894981,-0.09557815050472056,0.04305775780152034,0.024861729482040653,-0.084442807530461,-0.05732998960627615,-0.01902386794559219,-0.04343555201810556,-0.007910880074776765,-0.18356497388168416,-0.06774617833920774,-0.03507282156166584,0.016594971137478185,0.11115265585817169,0.10159476474042282,0.03366913565566632,0.06783170839964456,0.0878541150468962,0.05223089295636751,-0.05522666797830519,0.08272122489362468,0.02395563996088097,-0.014047442750918187,0.0366469546612982,-0.13773607199833732,0.05043263270523031,-0.10549475983162056,-0.10525188644349708,0.10625915100294311,0.19235430680723378,0.0667930881496581,-0.11000694481701603,-0.07851780180735328,-0.05107391652302188,-0.119868638092637,0.007882463129280466,-0.09259430142127145,0.0032938598824038385,0.11425895561035566,-0.020909918680789334,0.2404924429847092,-0.044484309370332036,0.29946178073759494,0.1793883050564153,0.0986009239451525,38.0,39.0,M3gan,2023.0,6-Jan,horror,1.0,https://www.youtube.com/watch?v=UahsOqEyzJw&list=PLScC8g4bqD44VCoWD5UPh_i4zZ21vU6BO&index=23,95043350.0,181013217,11726555.0,3509.0,3342,30429860.0,95159005.0,180089109.0,38533510.0,3509.0,63487510.0,3605.0,75903725.0,3628.0,83797375.0,3416.0,95159005.0,22218.0,10.0,6.0,181134416.0,1.0,12000000.0,7.0,47000.0,10981.0,6922.0,3422.0,2311.0,1679.0,1415.0,1333.0,952.0,665.0,607.0,,,,,,,,,,,,,,,,,,17.0,M3gan,2023.0,6-Jan,h,1.0,https://www.youtube.com/watch?v=UahsOqEyzJw&list=PLScC8g4bqD44VCoWD5UPh_i4zZ21vU6BO&index=23,95043350.0,181013217.0,11726555.0,3509.0,38533510.0,3509.0,24954000.0,3605.0,12416215.0,3628.0,7893650.0,3416.0,M3gan,2023.0,6-Jan,h,1.0,https://www.youtube.com/watch?v=UahsOqEyzJw&list=PLScC8g4bqD44VCoWD5UPh_i4zZ21vU6BO&index=23,95043350.0,181013217.0,11726555.0,3509.0,38533510.0,3509.0,24954000.0,3605.0,12416215.0,3628.0,7893650.0,3416.0,83797375.0,14158.0,5918.729693459528,10981.336563123397,38533510.0,17903.389267700375,63487510.0,21325.71975281614,75903725.0,23636.507223542136,83797375.0,14158.0,5909.126805885534,8951.5,7108.333333333333,5909.0,60.7,607.0,4.1059436980654525,26.0,18.24391224037935,4282.968989107931,83797375.0,26.0,18.24391224037935,25.0
9,rh7,horror,152.0,182.0,1.256051129288083,0.457177980148384,-0.15816243308501216,0.457177980148384,1.8148148148148149,-0.4074074074074074,0.026324849958144294,-0.0008764182769974087,0.03197658147059869,-0.07493454194036507,-0.04635256719677812,-0.1700026301333425,-0.007485029908409275,-0.029613370676812942,0.0544296195202565,-0.01869824063021004,-0.025614118716862817,-0.027865476380829115,0.38570382276454707,0.3972005960511386,0.8071903984478905,0.054878701906830196,0.05057873483740104,0.27341661500391995,-0.011247894957385209,-0.12440672488469028,0.4579644869361277,0.38570382276454707,0.3972005960511386,0.8071903984478905,0.0021133079854736476,0.13151969300472302,-0.07697459661997008,0.001938408768557244,0.08042204269230926,0.1885891737345107,-0.028490396725792583,-0.04344495173449031,0.0068884456211132615,0.04155980717515751,0.06468735079655086,0.27341661500391995,0.04155980717515751,0.054878701906830196,0.04944218612633578,-0.009215007634636035,-0.0008764182769974129,-0.017905528565015677,-0.03432573370150815,-0.032865139532324325,0.24274242319329958,0.12245753258730675,0.07052434451746581,0.06819759663850287,0.036470118878251225,0.27341661500391995,0.0,0.0,0.0,0.0,0.0,0.0,0.04079599902278736,0.05653223462792683,0.27341661500391995,0.04079599902278736,0.05653223462792683,0.21206823138267925,0.04079599902278736,0.05653223462792683,0.24274242319329958,0.04079599902278736,0.05653223462792683,0.046977991379000154,0.03856915456534696,-0.13284696452046296,0.27341661500391995,0.04079599902278736,0.05653223462792683,0.21206823138267925,0.04944218612633578,-0.010550025141084008,-0.09327976329856161,-0.033512412332308825,-0.005591188505431506,-0.005949620731106166,-0.029861436398925162,-0.03623321636220413,-0.050363536665359324,-0.005662783426719293,0.12245753258730675,-0.15304246506536565,-0.1707879096980004,0.03128892153466187,0.030756538737251884,0.04155980717515751,0.06819759663850287,0.03856915456534696,-0.019919062857319855,0.003216754269033917,-0.014947766834966113,-0.10875608384903457,-0.07059709185774582,-0.10048611418890444,-0.07988565297117455,-0.006770116751858831,-0.013881467273893089,-0.05008680401060481,-0.007482760528477035,0.04079599902278736,0.036470118878251225,0.06468735079655086,-0.11900633186812061,-0.0190111683452257,0.03247793915355718,-0.103051080005107,-0.13284696452046296,-0.022640980348037566,0.046788295781888145,-0.020012106892171196,-0.04440275940697274,-0.08667574369693407,-0.039794143938454346,-0.03372644096963034,0.05653223462792683,0.27341661500391995,0.21206823138267925,-0.11811224862467894,-0.08527521969205704,-0.1222144707168698,-0.25163770478717007,-0.178423206131202,-0.24361935625460246,-0.09032116670819675,-0.08601171678554126,0.14666271179121432,0.033215769598312565,0.004856395710814205,-0.0068031642032432916,0.09421638470418472,0.08497032464437382,0.11239479693380361,0.2567488368666197,39.0,40.0,Evil Dead Rise,2023.0,21-Apr,horror,1.0,https://www.youtube.com/watch?v=AQ1hzzWJUYo,67233054.0,146017671,10348229.0,3402.0,3042,24504315.0,67233054.0,147033054.0,32216195.0,3402.0,48363822.0,3417.0,56460357.0,3036.0,61730752.0,2821.0,67356372.0,16204.0,8.0,5.0,146140989.0,4.0,12000000.0,7.0,39000.0,9470.0,4726.0,2667.0,1868.0,1577.0,1750.0,1088.0,995.0,,,,,,,,,,,,,,,,,,,,18.0,Evil Dead Rise,2023.0,21-Apr,h,1.0,https://www.youtube.com/watch?v=AQ1hzzWJUYo,67233054.0,146017671.0,10348229.0,3402.0,32216195.0,3402.0,16155295.0,3417.0,8088867.0,3036.0,5270395.0,2821.0,Evil Dead Rise,2023.0,21-Apr,h,1.0,https://www.youtube.com/watch?v=AQ1hzzWJUYo,67233054.0,146017671.0,10348229.0,3402.0,32216195.0,3402.0,16155295.0,3417.0,8088867.0,3036.0,5270395.0,2821.0,61730752.0,12676.0,4869.892079520353,9469.7810111699,32216195.0,14197.698775290473,48371490.0,16862.015968966363,56460357.0,18730.287858367286,61730752.0,12676.0,4682.571964591822,7098.0,5621.0,4682.75,124.375,995.0,4.8233011954787575,23.0,17.938292776379143,4156.774376697112,61730752.0,23.0,17.938292776379143,23.0
10,rh8,horror,520.0,550.0,1.3163940226212403,0.5761292829134251,-0.09781953975185481,0.5761292829134251,1.6896551724137931,-0.5560344827586207,0.0006283199457441691,-0.012264648868989068,0.05945478693564698,0.036772865585080916,-0.10647715466460231,0.04662736872108438,0.03454798643731201,-0.051364262764648234,0.05991124892567039,0.023983057322712366,-0.05670202209941318,0.055331134860800574,0.4009825184609735,0.4144759441144455,0.7855876676791257,0.05295816623062573,0.08450039741869225,0.2925854343632952,0.11287322037343599,0.1578886730349451,0.5384859471688426,0.4009825184609735,0.4144759441144455,0.7855876676791257,0.08022632241204775,0.14555543652950811,-0.02333857748079075,0.07125774386557795,0.10752201378505212,0.21801978973378316,0.007249305079005363,-0.0007337875615669985,0.22619488313410163,0.07347559480930875,0.08389034048077414,0.2925854343632952,0.07347559480930875,0.07448683532105545,0.05429038037214139,-0.09041315492170661,-0.08291109739530401,-0.09460028380771682,-0.09178519584531214,-0.09533872656316766,0.19694947720391462,0.13564732780218688,0.08176498242540625,0.03128857402114677,0.08389034048077414,0.2925854343632952,0.0,0.0,0.0,0.0,0.0,0.0,0.07347559480930875,0.08389034048077414,0.2925854343632952,0.03128857402114677,0.07143615761407723,0.2925854343632952,0.07448683532105545,-0.01616168600079295,0.19694947720391462,0.03128857402114677,0.08450039741869224,0.19694947720391462,0.03636763578880955,-0.048316530404785736,0.12742819698823718,0.04293173326421545,0.08389034048077414,0.14159900670829548,0.05429038037214139,-0.04112063519963126,0.03929463952745669,0.03679059337566201,0.03066030853793301,0.08429704510605286,-0.14851432005586684,-0.09361458374345288,-0.07981234209563473,-0.04586590970816442,0.13564732780218688,-0.033402283183379095,0.07229180539227384,0.04031253947337704,0.06180628481954424,0.07347559480930875,0.07549807583280217,0.01389747047431332,-0.13769773791341905,-0.022031803474284278,0.03636763578880955,0.01196758612111862,0.023893053482772056,0.0820232789784794,0.02961277355422499,0.033560676503409034,0.047198330069352055,0.01776061832843679,0.04293173326421545,0.03128857402114677,0.07143615761407723,0.09756463722330726,0.08389034048077414,-0.11621371248236001,-0.19800066718074397,-0.13132858050449667,-0.05290286728969357,-0.1530462158697808,-0.07489466807088425,-0.12021344158815628,-0.07090705429396214,-0.048316530404785736,-0.04526006851136836,-0.03940808627489939,-0.052929574338225566,0.2925854343632952,0.10131352004453402,0.013043028998731438,-0.07988205370493566,-0.029785995023390112,0.00946119917818846,0.07375776709849807,0.08908248085138061,0.05403516822694289,0.006800228250411883,0.14159900670829548,-0.027461616538576213,-0.013641092607328544,0.12742819698823718,0.07163175007772407,0.09746561328111696,0.1715652049451346,0.14188776512253976,44.0,45.0,Prey for the Devil,2022.0,28-Oct,horror,1.0,https://www.youtube.com/watch?v=M8QCfvH3q8k,19802293.0,44013745,2831066.0,2980.0,950,7185126.0,19802293.0,44658929.0,9768710.0,2980.0,14951244.0,2980.0,17433378.0,2164.0,18715426.0,550.0,19802293.0,10014.0,8.0,4.0,44013745.0,10.0,,6.0,4500.0,3278.0,1739.0,1147.0,2331.0,909.0,731.0,750.0,753.0,,,,,,,,,,,,,,,,,,,,19.0,Prey for the Devil,2022.0,28-Oct,h,1.0,https://www.youtube.com/watch?v=M8QCfvH3q8k,19802293.0,44013745.0,2831066.0,2980.0,9768710.0,2980.0,5182534.0,2980.0,2482134.0,2164.0,1282048.0,1389.0,Prey for the Devil,2022.0,28-Oct,h,1.0,https://www.youtube.com/watch?v=M8QCfvH3q8k,19802293.0,44013745.0,2831066.0,2980.0,9768710.0,2980.0,5182534.0,2980.0,2482134.0,2164.0,1282048.0,1389.0,18715426.0,8674.0,2157.64652985935,3278.0906040268455,9768710.0,5017.195973154362,14951244.0,6164.207987941792,17433378.0,7087.208707884197,18715426.0,9513.0,1771.8021769710492,2508.5,2054.6666666666665,2123.75,94.125,753.0,4.544623686120057,11.0,16.744858661551586,1977.4608548032754,18715426.0,11.0,16.744858661551586,11.0
11,rh9,horror,332.0,362.0,1.3236387615284333,0.010918453683362675,-0.09057480084466148,0.010918453683362679,2.566666666666667,0.27708333333333335,0.016281940477786548,0.0865349085468974,0.016124594128152085,-0.031214492766685243,-0.06391732222457144,-0.02421715748571919,0.04303421351872568,-0.14778890823571328,-0.057860209872747266,0.009367220409942336,-0.041723773971129106,-0.02198425774343812,0.4328294407385055,0.4407002085214738,0.6845691034466055,0.05672271782384672,0.12739314177050962,0.11195191483942023,0.07186527621876218,0.16360994306632168,0.1681835901727909,0.4328294407385055,0.4407002085214738,0.6845691034466055,0.019232548079254782,0.13725556602256866,-0.12165805240235136,-0.0538888718660998,0.12513072512646176,-0.036690877447901685,-0.009622840475897308,0.0868069106343076,0.1996723527770864,0.11875939918053174,0.11389137321429317,0.21909912054081446,0.11875939918053174,0.07590688908565064,0.036405623505205084,0.08475142063245267,0.07035230413542529,0.041328347428295366,0.01879664303120124,0.004376355472116437,0.14886446433214828,0.07278134389158095,0.024385673235580867,0.11875939918053174,0.16111742333634285,0.21909912054081446,0.0,0.0,0.0,0.0,0.0,0.0,0.11875939918053174,0.16111742333634285,0.21909912054081446,0.11875939918053174,0.16111742333634285,0.21909912054081446,0.07590688908565064,0.13750439827531802,0.14886446433214828,0.07590688908565064,0.13750439827531802,0.14886446433214828,0.11875939918053174,0.16111742333634285,0.0786298081234821,0.11875939918053174,0.16111742333634285,0.21909912054081446,-0.023468025260789498,0.036405623505205084,-0.03144592440371049,0.02614289776859359,0.039201530440413045,0.1228925522517708,0.02558424137549681,-0.10558355896673158,-0.12073949760333476,-0.1307726069128469,0.027126019835610676,-0.04051880919949702,-0.010817061295923002,-0.04672411784559159,-0.038987320211789654,-0.019283192622696222,-0.045806919626834,-0.005313963532838306,0.11875939918053174,0.03305437899076957,-0.04259690765568609,-0.029203555758048828,-0.016286379990813366,-0.04884783746226926,-0.0191377829666086,0.037792555571370054,0.05977392070101933,0.035093143388271644,0.036005613342016456,0.04650583459095104,0.0936688602046764,0.16111742333634285,0.11389137321429317,0.037824511515332435,0.02617237446384218,0.012755838147315823,-0.10379143610735429,-0.1163935833513634,-0.09656565744147708,-0.015591772369978326,-0.10177423563135178,-0.24485248480867422,-0.13363107877772873,-0.10628832351552041,-0.1523984184452915,-0.14252577017200843,0.004804709138026001,0.21909912054081446,0.0786298081234821,-0.07938489698955371,-0.12080133873241938,-0.03679334826416799,0.03701415154145471,-0.03267198716505575,0.03216673519159247,-0.08091609477229926,-0.09142299395606804,-0.11997298976241692,0.05385347486821487,-0.05084244574116693,0.049990526478990445,0.23889824586389352,0.17743389242516805,45.0,46.0,The Invitation,2022.0,26-Aug,horror,1.0,https://www.youtube.com/watch?v=W-fcLYrKrh0&list=PLScC8g4bqD44VCoWD5UPh_i4zZ21vU6BO&index=37,25100080.0,33689288,2681924.0,3114.0,861,6805468.0,25100080.0,38036130.0,9044963.0,3114.0,16225563.0,3114.0,19768901.0,3117.0,22083944.0,2425.0,25100080.0,16043.0,8.0,5.0,33689288.0,8.0,10000000.0,6.0,12000.0,2905.0,2306.0,1137.0,955.0,831.0,636.0,607.0,637.0,,,,,,,,,,,,,,,,,,,,20.0,The Invitation,2022.0,26-Aug,h,1.0,https://www.youtube.com/watch?v=W-fcLYrKrh0&list=PLScC8g4bqD44VCoWD5UPh_i4zZ21vU6BO&index=37,25100080.0,33689288.0,2681924.0,3114.0,9044963.0,3114.0,7180600.0,3114.0,3543338.0,3117.0,2315043.0,2425.0,The Invitation,2022.0,26-Aug,h,1.0,https://www.youtube.com/watch?v=W-fcLYrKrh0&list=PLScC8g4bqD44VCoWD5UPh_i4zZ21vU6BO&index=37,25100080.0,33689288.0,2681924.0,3114.0,9044963.0,3114.0,7180600.0,3114.0,3543338.0,3117.0,2315043.0,2425.0,22083944.0,11770.0,1876.290909090909,2904.612395632627,9044963.0,5210.521194605009,16225563.0,6347.299507084958,19768901.0,7301.956414301453,22083944.0,11770.0,1825.4891035753633,2605.5,2116.0,1825.75,79.625,637.0,4.377328113892327,13.0,16.910361386610354,1564.5502711462943,22083944.0,13.0,16.910361386610354,13.0
12,uh1,horror,60.0,90.0,1.3940412465383816,0.34817778998523385,-0.020172315834713288,0.34817778998523385,1.9655172413793103,-0.3426724137931034,-0.012876499920244498,-0.024246545810755166,0.0036675461789050677,-0.0079303485267305,-0.03412525887822401,0.005924375220255712,0.04905594202743863,0.015102899768482432,-0.08333354708861701,0.009416364526821241,-0.014422968306832233,-0.024580541896485432,0.4083411397341589,0.4674662471204172,0.615242830406208,0.07049304798568029,0.086214890583257,0.09469048108281788,0.11421859863835987,0.022010738470479952,0.021854299186071152,0.4083411397341589,0.4674662471204172,0.615242830406208,-0.08643958674019014,0.09468184856250171,-0.16645191971909348,-0.027857657512603214,0.016823346217347004,-0.012110130273071017,0.00653445529490215,-0.0030231399909806025,0.236277452364119,-0.004722661213894985,0.1467351644529549,0.15231624717247388,-0.004722661213894985,-0.0163901237644218,-0.023528006986179576,-0.02865631568565433,-0.02424654581075517,-0.02247615448160546,-0.01336813185677409,-0.018776444932566125,0.06722098944709945,0.04782094349998552,0.010363002031642622,-0.010862602576195686,-0.04543877813332246,0.03706471499316187,0.0,0.0,0.0,0.0,0.0,0.0,0.06982706246345138,0.1467351644529549,0.15231624717247388,0.02140211231413548,-0.006607466311158532,0.03706471499316187,0.04561458738879344,0.06365220165639518,0.06722098944709945,0.0459475801499079,-0.010115832073507686,0.09469048108281791,0.02140211231413548,-0.025486327169471534,0.15231624717247388,0.02140211231413548,0.1467351644529549,0.15231624717247388,-0.010534084024126287,-0.023528006986179576,-0.010988646523798435,0.03717641768130911,0.05495614248690129,-0.029712978524381935,-0.015239330438828956,-0.04833153534852835,-0.029830670564538496,0.0509996733421165,-0.013420768159826551,0.07030542751549296,-0.036954746348634465,-0.07454434747615124,-0.06828827501330778,-0.027487256264524727,-0.01720509993644296,0.013090104128588822,-0.004722661213894985,-0.028057586314948604,-0.037803773429695146,-0.006619875075624393,-0.015483461919575213,-0.010862602576195686,0.031117970367437953,0.01058422021303803,0.06982706246345138,0.02140211231413548,0.07049304798568029,0.07297326716088808,-0.04543877813332246,-0.031032536897885623,-0.01266762054193769,-0.025486327169471534,-0.006607466311158532,-0.013624197835856822,0.04128000389221406,-0.05663463646311023,-0.12963997347468892,-0.012007490509678122,-0.08807692522366539,0.010592404039728057,0.025694616713559115,0.1467351644529549,-0.019430761140164517,-0.062484252285345813,0.08793426122833795,-0.0657123134224718,0.021535320380843097,0.03706471499316187,0.15231624717247388,-0.017874268278275023,0.009020851605757703,-0.10201082237338606,-0.011830132025291925,-0.18617104989696476,-0.02563186050619707,-0.039978662187452114,-0.04435344374188494,-0.12053271911058624,-0.05698606641201404,0.06186400556480716,0.02515130286480948,60.0,61.0,Thanksgiving,2023.0,17-Nov,horror,0.0,https://www.youtube.com/watch?v=mDNoPxVR67g&list=PLScC8g4bqD44VCoWD5UPh_i4zZ21vU6BO&index=3,,,,,,10306272.0,31908884.0,46507976.0,16929532.0,3204.0,25747633.0,3204.0,29271669.0,2506.0,30922009.0,2025.0,31945385.0,12746.0,11.0,4.0,46045385.0,11.0,15000000.0,7.0,17000.0,5284.0,2752.0,1406.0,815.0,699.0,966.0,531.0,307.0,176.0,72.0,238.0,,,,,,,,,,,,,,,,,24.0,Thanksgiving,2023.0,17-Nov,h,0.0,https://www.youtube.com/watch?v=mDNoPxVR67g&list=PLScC8g4bqD44VCoWD5UPh_i4zZ21vU6BO&index=3,31908884.0,46553280.0,10306272.0,3204.0,16929532.0,3204.0,8818101.0,3204.0,3524036.0,2506.0,1650340.0,2025.0,Thanksgiving,2023.0,17-Nov,h,0.0,https://www.youtube.com/watch?v=mDNoPxVR67g&list=PLScC8g4bqD44VCoWD5UPh_i4zZ21vU6BO&index=3,31908884.0,46553280.0,10306272.0,3204.0,16929532.0,3204.0,8818101.0,3204.0,3524036.0,2506.0,1650340.0,2025.0,30922009.0,10939.0,2826.7674376085565,5283.873907615481,16929532.0,8036.0901997503115,25747633.0,9442.329625129401,29271669.0,10257.312341178784,30922009.0,10939.0,2564.328085294696,4018.0,3147.3333333333335,2564.25,21.636363636363637,238.0,3.074375400873104,16.0,17.246978753699548,2506.3066844500236,30922009.0,16.0,17.246978753699548,16.0
13,uh2,horror,376.0,406.0,1.3622164770212402,0.1621154492372053,-0.05199708535185495,0.16211544923720528,2.5357142857142856,0.22991071428571427,-0.025451998853685036,0.063968062017951,0.1514487917126915,-0.013022384338153942,-0.07439156320735123,-0.0322438759221352,0.03185438643112563,-0.10345280906815033,0.04254230869790214,-0.0022066655869044604,-0.03795877008585018,0.0539157414961528,0.37130897255788137,0.43541608029942613,0.7610151293056698,0.0440843437854761,0.11950190493350618,0.22226697533687578,0.02109960087542431,0.13999677048786618,0.29461245104891065,0.37130897255788137,0.43541608029942613,0.7610151293056698,0.09453555933540456,0.1393487201779274,-0.0309137724907944,-0.03237810853662481,0.09696403939256182,-0.0632648784729488,-0.022390937318343372,0.0981500224687385,0.09389137548822267,0.04918392563489721,0.11950190493350618,0.28444630015461864,0.04918392563489721,0.00876580382399393,0.005813775180301884,0.06723748398627537,0.063968062017951,0.04753702308796605,0.026834596779586026,0.016583377744021077,0.17563004369584448,0.16867760234394952,0.1350992283822494,0.01695760832646993,0.11950190493350618,0.28444630015461864,0.0,0.0,0.0,0.0,0.0,0.0,0.07585958962574009,0.09272458887107453,0.28444630015461864,0.07585958962574009,0.11950190493350618,0.28444630015461864,0.049601585602410216,0.040235007902796056,0.17563004369584448,0.049601585602410216,0.09423996006975469,0.17563004369584448,0.07585958962574009,0.06897801520600322,0.28444630015461864,0.07585958962574009,0.06897801520600322,0.28444630015461864,-0.031839131391477905,-0.03239239787455217,-0.0055449788291915885,0.03504209863247404,0.023701081528225316,0.0937348363368613,0.001339209839070791,-0.08535492574425153,-0.08133012596501281,-0.11818284489591864,0.1785524838954092,0.08531687112479298,-0.05811914216726498,0.009930626957435471,0.05389786767039136,-0.07384218745414127,-0.07085913235518962,0.04918392563489721,-0.03165231798690934,-9.028210708221766e-05,-0.06543459352966499,-0.03444856981699161,0.03615360196835056,-0.01833996863893365,0.01695760832646993,0.012309097945212113,0.07585958962574009,0.023343581579080334,-4.837461539735308e-05,0.047808037620993,0.11950190493350618,0.06897801520600322,0.09272458887107453,-0.01225457306548243,0.050890374144653513,-0.03461817156195869,-0.0973799610706941,-0.05517515550493357,-0.10350966065712697,-0.08127486724204279,-0.09283007701177355,-0.06988543364122214,-0.0819154123005953,-0.11208454532904832,-0.1605485770581123,0.09112350101247611,0.16008765051913296,0.28444630015461864,0.06681378723707036,0.15477271964015954,0.034364106497149084,-0.018216431525497113,-0.06932585158473129,-0.08681514339156658,-0.021226059606030096,-0.061493684355943386,0.11251162483427991,0.21954184475758196,0.047915942368249254,-0.10576418411465711,0.1004281856364904,0.013270343459522676,0.1481856974220097,61.0,62.0,Five Nights at Freddy's,2023.0,Oct 27,horror,0.0,https://www.youtube.com/watch?v=Z_T0o5uNrlY,,,,,,80001720.0,137275620.0,291493620.0,94204360.0,3675.0,118205300.0,3789.0,129111720.0,3694.0,134455125.0,1882.0,137275620.0,15894.0,8.0,4.0,295804363.0,10.0,20000000.0,6.0,34000.0,25634.0,6334.0,2952.0,2839.0,1176.0,746.0,577.0,575.0,,,,,,,,,,,,,,,,,,,,25.0,Five Nights at Freddy's,2023.0,27-Oct,h,0.0,https://www.youtube.com/watch?v=Z_T0o5uNrlY,137275620.0,291493620.0,80001720.0,3675.0,94204360.0,3675.0,24000940.0,3789.0,10906420.0,3694.0,5343405.0,2522.0,Five Nights at Freddy's,2023.0,27-Oct,h,0.0,https://www.youtube.com/watch?v=Z_T0o5uNrlY,137275620.0,291493620.0,80001720.0,3675.0,94204360.0,3675.0,24000940.0,3789.0,10906420.0,3694.0,5343405.0,2829.0,134455125.0,13040.0,10310.975843558283,25633.839455782312,94204360.0,31968.21264131939,118205300.0,34920.68150975469,129111720.0,37039.39879762146,134455125.0,13680.0,9259.849699405366,15984.0,11640.0,9439.75,71.875,575.0,4.2749284991175145,28.0,18.716741058212243,8636.946017365044,134455125.0,28.0,18.716741058212243,28.0
