Participant,rh6_bNAcc,rh6_bAIns,rh6_bMPFC,rc2_bNAcc,rc2_bAIns,rc2_bMPFC,uh1_bNAcc,uh1_bAIns,uh1_bMPFC,rc9_bNAcc,rc9_bAIns,rc9_bMPFC,rh2_bNAcc,rh2_bAIns,rh2_bMPFC,uc4_bNAcc,uc4_bAIns,uc4_bMPFC,rh1_bNAcc,rh1_bAIns,rh1_bMPFC,rc6_bNAcc,rc6_bAIns,rc6_bMPFC,rh9_bNAcc,rh9_bAIns,rh9_bMPFC,rc11_bNAcc,rc11_bAIns,rc11_bMPFC,uh2_bNAcc,uh2_bAIns,uh2_bMPFC,uc1_bNAcc,uc1_bAIns,uc1_bMPFC,rh3_bNAcc,rh3_bAIns,rh3_bMPFC,rc12_bNAcc,rc12_bAIns,rc12_bMPFC,rh11_bNAcc,rh11_bAIns,rh11_bMPFC,rc5_bNAcc,rc5_bAIns,rc5_bMPFC,rc3_bNAcc,rc3_bAIns,rc3_bMPFC,rh12_bNAcc,rh12_bAIns,rh12_bMPFC,rc1_bNAcc,rc1_bAIns,rc1_bMPFC,rh7_bNAcc,rh7_bAIns,rh7_bMPFC,rc8_bNAcc,rc8_bAIns,rc8_bMPFC,rh10_bNAcc,rh10_bAIns,rh10_bMPFC,uc3_bNAcc,uc3_bAIns,uc3_bMPFC,rh4_bNAcc,rh4_bAIns,rh4_bMPFC,rc4_bNAcc,rc4_bAIns,rc4_bMPFC,rh5_bNAcc,rh5_bAIns,rh5_bMPFC,uc2_bNAcc,uc2_bAIns,uc2_bMPFC,rh8_bNAcc,rh8_bAIns,rh8_bMPFC,rc10_bNAcc,rc10_bAIns,rc10_bMPFC,uh3_bNAcc,uh3_bAIns,uh3_bMPFC,rc7_bNAcc,rc7_bAIns,rc7_bMPFC,uh4_bNAcc,uh4_bAIns,uh4_bMPFC
sub-04,-0.008174153406911504,0.011907709156279986,0.043272685379456555,-0.09766225032823407,0.12469731734983372,0.034626744164799335,-0.005574323483571689,0.09943396644664743,-0.6791312282200992,-0.1041542991000295,0.26261013407193295,0.45717294294978195,0.03893666967844994,-0.036896435361330984,0.27816862972692796,-0.09516054784282381,0.12746325800990405,-0.0035757067457660146,-0.15074931673152384,0.002877365766736445,-0.06715351250449056,0.023359906386099263,0.07305452929008904,-0.18391688862626934,-0.1944228460879051,-0.14113963841749655,-0.1402911479021652,0.2591997313884332,0.13124468748442936,-0.07928066907623083,0.2479627182396856,0.20045159033424365,0.3591285695454726,-0.1165493989827142,-0.012713929330592422,0.24686335664521702,-0.051575592218950125,0.03296429820721921,0.39627043700512493,-0.09923326660004952,-0.12048294187996189,0.11734881522785112,-0.2236290405209707,-0.23706434137269827,-0.2485094249316867,0.01739028569635576,-0.03367240284896916,0.1435577604609038,-0.0635453146472818,-0.011355223978721305,-0.02845900123155777,0.037573951230476126,0.5144460299925337,0.9374610389644475,-0.6052838923130055,-0.45762925924671616,-0.3880869332425948,0.038780926210291056,0.024661599115887948,0.1599001534392926,0.12205022910597445,0.07711699118204507,0.1025305846128098,0.24058802013115874,0.07418899849179952,0.09372609451899011,0.10568893581236896,0.0813196613289516,0.3892772296100058,-0.013790120586161735,0.04115553129795926,-0.020048205579968413,0.07135982330224235,0.18491720843179174,0.26024835713829286,0.20230852951058553,0.14709572657896103,0.3695965281334732,-0.04886087989982766,-0.2366710632262382,0.013916378471623504,-0.3496015328318173,-0.14204064265047134,-0.1491265006098721,0.41675094275847724,0.32018625165943293,0.5213791800871328,-0.1338745804053736,0.20762905364827153,0.08884395849290158,-0.1338758377181715,-0.1878148062786228,0.21461661038829122,-0.08894295655430144,0.013922340818614282,0.3143005573804578
sub-04,0.014782407335602543,0.03668233004036163,0.1048120939312367,-0.20166620160716156,0.03923989197666856,0.1466073252910975,0.018024859166313384,0.10554854004698974,-0.7511830998346278,0.24734816244045416,0.29667456984730767,0.3725775801775747,0.20988575982092594,-0.016095238510497344,0.35673224477966503,0.19829617470836747,0.16543573577995427,-0.16345498881859627,-0.1707205434405772,0.07335511680866287,-0.05183504985729319,0.0006777854743408585,0.09219459858679137,-0.06759615525782846,-0.12660820934019645,-0.17114825829808006,0.07338236266784812,0.22768763223241412,0.19322161890108303,0.08721935866413097,0.22076137189314293,0.1946887852336441,0.3527307346520907,0.029851819034295877,0.11821459517292521,0.3244315116173323,0.023480681641768572,0.067288705928794,0.49948719608388903,-0.021688473241595767,-0.1296319894731104,0.09512664245195157,-0.06881757587812222,-0.13838402587088958,0.1371345427460947,0.11489220437949269,0.18948813700322592,0.4313546634440376,-0.10162534040549587,0.000993490907102025,-0.02418604990813097,0.14513835173873824,0.26828009228321315,0.6277568151144299,-0.7066060809779087,-0.36869161896840374,-0.27007540358816007,0.2218446324925923,0.18866663021720148,0.020074131091843812,-0.05121540880604587,-0.07391717122569792,0.1434959162169063,0.1254175811611901,0.012033170464557888,-0.31850537096719433,-0.1405487478496827,-0.020823467858335,-0.07583476459352048,0.0498876115782562,0.04739767880595969,-0.09573295993880869,0.1642189406250809,0.08181172340170828,0.3787122716181106,0.23855621319595074,0.11028580729266295,0.2556259194463558,-0.3169710130337636,-0.33997506905555286,-0.2672393898533466,-0.3373620487519741,-0.20421448579477872,-0.14153807027270793,0.03819798355040387,0.04525539907255199,0.2754492233474352,-0.049396405217503124,0.23781993918679328,0.3604138267679575,-0.20674807747601032,-0.1339182758985546,-0.10178048569017341,-0.03891072578266338,-0.01243427048604541,0.3334988563577109
sub-04,0.017186998261061428,0.07412485123882408,0.18037011165399305,-0.2665580690245474,-0.04584684525671466,0.16747136458882037,0.052791365410134385,0.07412200000131856,-0.49360560088952027,0.5190853718791093,0.18655949533559502,0.3313040430307653,0.2801596241740309,0.013338348296016968,0.38549810009178087,0.29308357948765357,0.12377336676044463,-0.21098763106499369,-0.11076308130726528,0.1083227323980801,-0.13545334553592508,0.01576422513261981,0.14243941881645605,0.13408507752696852,0.0120623252983054,-0.07493293536754336,0.2964211699943174,0.24236935920113453,0.26194399611042446,0.21680916819089574,0.02403936529042506,0.14155159299757986,0.25253167974267654,0.10179931860708913,0.11025561496267744,0.3487757012314383,0.11450663726258001,0.08563175615150495,0.40717553500898906,-0.028050445733065664,-0.1575564604776991,-0.08401684455905614,-0.009369013719096502,-0.14437569444770113,0.315813993627617,0.17939590537607372,0.3532391964024827,0.4930198612879055,-0.18438921231961014,0.01460824565615982,-0.012788398879988394,0.2376003065084803,-0.16224994857803726,-0.05312187489750246,-0.6359771003786587,-0.2929069740839722,0.04788586422109241,0.3457471892753693,0.19165295527570653,-0.14617681716796982,-0.20613338509250229,-0.21015337085418978,0.10234024872244576,-0.02277951594900217,0.04229444397378072,-0.4586780008262838,-0.2208391365764945,-0.06864624837162295,-0.4522650017272922,0.01748519848416122,-0.02321186099917158,0.020884281351302367,0.083756665745103,-0.05116015384591695,0.4161023903040189,0.18663345319868588,0.10876911423756669,0.1292948675863535,-0.41518174270913333,-0.2582939459425543,-0.25259845812053716,-0.362309600936676,-0.2594032408515776,-0.1420814369791616,-0.293231121823202,-0.18401513991504787,0.13037356312371895,0.037909763825397035,0.16607161698913175,0.5544099227225212,-0.2326291666525623,-0.15693316757625117,-0.28680067003146137,-0.048833607875879745,-0.062191800003813504,0.3689473073138013
sub-04,0.008710975739112236,0.10491215427071424,0.16859295397212287,-0.27990668761661547,-0.1631283627755871,-0.06223515533779092,0.031902969695265196,0.010263190681788686,-0.11864171170476366,0.5116229172014567,-0.008726346545745974,0.3128150799137537,0.2306859057756071,0.12230332321282078,0.42370613179633654,0.06006242728479395,0.003839941280271753,-0.20155601181043376,-0.002415768357159575,0.09101356131585558,-0.25703906426332845,0.03731626399219594,0.15893231024712118,0.2533343767859797,0.12918267912436687,0.07810738062089388,0.3681835441408998,0.2540339203805575,0.20363037398628178,0.22219362795162206,-0.2153161175450842,0.02574623305831182,0.10671093926302697,0.12384793877348588,0.03461321546218339,0.3257807993203933,0.1394669605609966,0.057817443683107136,0.165491412879255,-0.052494402416031115,-0.18252134522929747,-0.27291230197669325,-0.1273112891734886,-0.23856136469828054,0.07052364229871758,0.11557575661873401,0.27684709695485366,0.2962359012559761,-0.22572488476387165,0.028625271721853696,0.008334880024879171,0.18493033586569274,-0.43334809223184845,-0.5678709983600853,-0.4155661135233164,-0.2836946396493085,0.2717241174702958,0.24877467740222536,0.026530974979153604,-0.3095716669562082,-0.299954690855605,-0.37447315969121653,-0.05910243383259736,-0.08604165398794739,0.1458566786446971,-0.28576193278646445,-0.15123209071572077,-0.07968762743218691,-0.5473980998456672,-0.041498206681396546,-0.1093898570240659,0.20041271618147394,-0.09719404250384314,-0.11736816085954506,0.36127342621404096,0.10049239217534914,0.1386488349162138,0.17056340666437417,-0.2926507385932496,-0.11681561517621182,-0.07978037389524618,-0.3642647031871954,-0.2616421165895457,-0.08416415739344169,-0.3339593048137778,-0.17392875075789455,0.1570244385714121,0.04565842591236665,0.021747386759588386,0.5032828193956687,-0.17125808772526646,-0.1813619668597522,-0.2580451126563918,-0.038814234726675216,-0.03671119897084561,0.4714701666962099
sub-04,0.016299779841588098,0.12508776375937208,0.06290024200600992,-0.2012920436539289,-0.244278191851948,-0.3249519387337749,-0.030953171567470607,-0.03626252119141004,0.12076764736870078,0.2650515735228501,-0.16573185649396638,0.21906404506962585,0.131344168688657,0.2685458333284815,0.3834262363658171,-0.32407985744057016,-0.1519440108123733,-0.22243544625200723,0.06365124422454085,0.02062486588748349,-0.2739950087819933,0.040613400995123956,0.06748762297154046,0.1514354430028511,0.1594623641307378,0.19864522309664687,0.2733693739545089,0.17698796555192395,0.03211855963399157,0.1273471516053068,-0.3138904589445598,-0.12219787425397309,-0.05348653199579897,0.15323334052098672,0.024210397744318993,0.28678134550716944,0.0791515252599665,0.01469365420930048,-0.10298714675985794,-0.015229988072091631,-0.13824497433326868,-0.3026801332977642,-0.2629769129812392,-0.2470986437834354,-0.32567325448575,-0.04407953407141592,0.04226743953350346,0.012123993371651981,-0.12412655063934791,0.07204503518212978,0.06691528191311674,0.00978868677592953,-0.3744912325671207,-0.5210735343911036,-0.21555580993232168,-0.289367517739068,0.26629216958878377,-0.036356906863654045,-0.19891297623547124,-0.46386216726927765,-0.33071080956134324,-0.513214403143515,-0.2066930898070193,-0.033402348175358344,0.2254422883830246,0.04388214105907582,-0.11876385708447082,-0.13186908900057304,-0.46988444378451794,-0.03384045726025922,-0.128449775202637,0.2909041570112225,-0.22810405041087345,-0.10709495022504917,0.21316089637882543,0.04630118301022237,0.13308678975544358,0.33279946373108427,-0.10963599362847157,-0.058013241637968775,0.0060270844427957725,-0.2718047845003373,-0.19735861277272942,0.07583761649956232,-0.08349368392917486,0.047716280574227596,0.26601364242612746,-0.0029498610719948803,-0.08092328167211266,0.2973331349978673,-0.03143497127930061,-0.13298236088802112,-0.14842810005618864,0.04285252835083842,0.07422172331342605,0.5592252340917282
sub-04,0.012742221479357333,0.1423137039439626,-0.039439606005861896,-0.05861464707324021,-0.1945930960341677,-0.28880692907726524,-0.042174625500800554,-0.02963361935239414,0.1249735079377885,0.04487375408165296,-0.16884679200639696,0.09515300034030963,0.04285156921650571,0.31360950059119974,0.1976457597378016,-0.5428160630082068,-0.2577625236514814,-0.23864874704545258,0.03254290043655937,-0.06115397789020394,-0.11775943367528807,0.007153598970234051,-0.10623673433560951,-0.10373387863383246,0.1133711545394904,0.25106783538477884,0.12240590338502655,-0.007567906711222627,-0.11892605048995764,0.023137288161244662,-0.2141390530582917,-0.2300072225851208,-0.2310794965565019,0.21175098162882464,0.11654020723361885,0.28272136818667787,-0.015077108110835194,-0.003451076886346341,-0.2868452917656021,0.06676997164852663,0.017404423856478175,-0.14838005715097558,-0.26777429350898735,-0.07955585689315278,-0.4429286671834157,-0.17412673857519026,-0.14027480916677487,-0.15252557314711152,0.07657789210059068,0.13335377927664802,0.1350334871042679,-0.10971899284645184,-0.0888097759874095,0.00617309960380482,-0.16171154655289627,-0.2329641118237057,0.08211477444229805,-0.29509282843836215,-0.3340129311806443,-0.5580794831889084,-0.3089724371649132,-0.49793905519792186,-0.19550054664874464,0.044866778457921794,0.1959173720099162,0.301165839112114,-0.2343972026908332,-0.23342483068461536,-0.36828269094155053,0.05250946527155657,-0.0563491815952769,0.21079485614262278,-0.22427604397197837,-0.10712470695366386,0.00441733972738894,0.028119194028509868,0.037871639065707084,0.34328171779632877,-0.060234001335922896,-0.10879892837618231,-0.08408985475776302,-0.080524555196945,-0.087346060638626,0.3028762740522132,0.2306279970844423,0.2746126915308095,0.33016145915224504,-0.031592231604555376,-0.07418761713688117,0.13902793115350912,0.1114724710054345,-0.029763640655860745,-0.12527723613695926,0.1316210402990595,0.17796178655035425,0.48168391643391617
sub-04,-0.03775809921649599,0.16200634765328556,-0.05053987038978196,0.022414320096991004,-0.04484866254657066,0.03068251195773604,0.05312607552245774,0.016555220019902415,0.0010588649004825076,0.05065881535042866,-0.014594766769792683,0.10105530676312804,-0.05172554571210743,0.18937211588167946,-0.01321410760644345,-0.4561271877490366,-0.24442598949888833,-0.16580937220640996,-0.03895971035179406,-0.10746167686184958,0.0930171417502435,-0.06334571012636242,-0.23302506938098025,-0.29815130874547807,0.03855422944322513,0.23167302247476637,0.03212844204187804,-0.21279694956527406,-0.1622179854188893,-0.040400366471625634,-0.027996147455721584,-0.22044436332313666,-0.3816808147120222,0.2606770351345371,0.21468266776104603,0.33613626736423163,-0.0753010370686742,0.009394644599388421,-0.34472926578381935,0.12350301840000061,0.22461987540724815,0.059017298149609335,-0.17017205794228674,0.15262681328993188,-0.17728034299800485,-0.21591195251295753,-0.19978526349772274,-0.14222569068986832,0.23442565813677066,0.14375698994772917,0.12449328608776744,-0.039488502893681846,0.19213424749258703,0.557951128675867,-0.18011287928399472,-0.12366219780454218,-0.13920212765615564,-0.3331926402140689,-0.27083317076004076,-0.5027448490593871,-0.23289739136578808,-0.30382921978574684,-0.05096388453180403,0.0469804399377627,0.06574668238284367,0.3054833630458459,-0.38263234924136535,-0.29041024543894334,-0.2789228316845759,0.11066495507308713,0.012224612495360138,-0.03462709722592359,-0.1067455956221636,-0.17894489973167194,-0.1895473005021898,0.02444600534571025,-0.08315514781078337,0.059161755840143326,-0.1675970744105299,-0.19933963221027562,-0.2393736681695492,0.14392071512371823,0.045164357141457244,0.47879369712505726,0.37037985399270557,0.3247612108728447,0.328764489724184,-0.010238677945207969,-0.016742138741773258,0.07471056006858176,0.16150268519554456,0.0306441192872821,-0.20680258785140168,0.11418734821575889,0.16823397578637683,0.20415800992590888
sub-04,-0.08658616175246672,0.1803239372371505,0.02605232590165292,-0.04156384575716046,0.05871216154516644,0.27219014196032726,0.18815936384246484,0.05973253391370527,-0.04387606461488493,0.1809595840913083,0.1569161926780846,0.2574954529402727,-0.19473110419755116,-0.012214959222913368,-0.08529847769198153,-0.2139267507300977,-0.13440340416033542,-0.023851668295608256,-0.052559868142973996,-0.13351841592518127,0.15007686759797517,-0.11566106027276826,-0.2038952476215642,-0.3054120998934613,-0.02834749718732199,0.13292722983554114,0.03190652432058141,-0.33380551453237695,-0.14250355075585547,-0.08981939260904084,0.08673354513525425,-0.08957423543561478,-0.4013591818605674,0.23435191666652055,0.2040739603703457,0.4008009598042477,-0.07004387246453697,0.0351076126364768,-0.3025429998501043,0.14222610218931317,0.3378722035813412,0.17206254629116732,-0.0718296543072583,0.28437996269600063,0.19985830882688643,-0.23118445827929557,-0.24455850680845215,-0.08549851158743443,0.27710410792851947,0.04848686238478113,-0.0124705445786722,0.14432376801202335,0.30439262236981146,0.7076482284143253,-0.09559950947801502,-0.04278201554071419,-0.23328688160873204,-0.15360311180133135,-0.0271039824140369,-0.29183002438619743,-0.10501049446292202,-0.08157193217297463,0.07641924851062257,-0.01401340670275086,-0.07055808660131017,0.0697523508906612,-0.3635747127774923,-0.24195834530461424,-0.22647328093257169,0.017390275583036054,-0.05467588129130503,-0.3645673225003978,0.041647815416276185,-0.27487762728758014,-0.3201481682787102,0.047184067987156436,-0.08045513759121012,-0.32034436081203066,-0.277481247364368,-0.26023885866999763,-0.2987656650898034,0.3233792981382382,0.1800788203915124,0.4996640927882681,0.27133419124757785,0.17865857174141725,0.34704359287954234,0.017264916351994196,-0.014313099777513612,-0.018579237232913534,0.08748929471134484,-0.025084515460607346,-0.28976081307162493,-0.02470551124123908,0.03400270002676588,-0.11499894038944392
sub-04,-0.03969743072552044,0.17967209199336232,0.10897731197190921,-0.15588825408030527,0.02628572451077269,0.19755867432455082,0.23729634292512572,0.06473261149639681,0.10106594286900586,0.17365450831623747,0.17821422330565578,0.3739536394397853,-0.34651159422194944,-0.13796218661217274,-0.050124048049142604,-0.05469917210312742,-0.025751472232829385,0.08360964074058443,-0.012953750543149633,-0.1975262490301281,-0.009558601776241685,-0.07125961369549907,-0.04787906367197965,-0.2033084075947189,-0.06367285291725705,-0.026174397116696578,0.057257335729722345,-0.3609569979517596,-0.15352208392397476,-0.1695022461203264,0.0659671556525835,0.05716848167233199,-0.25885194597167294,0.10404226829172314,0.07558151782982948,0.4020271676707393,-0.025366041665550752,0.05124440443203589,-0.21640983443889883,0.16416197303631067,0.252927737312557,0.1472818060986366,-0.003923731942451342,0.27574503757181823,0.39342616066428215,-0.27817360274196457,-0.35378611516939473,-0.12816271590442613,0.23194261694459406,-0.13670664076113254,-0.23212497776065338,0.2382831672034566,0.24916872162849693,0.39386780385970127,0.1464991405959362,-0.03120635067598209,-0.11446558227745177,0.06283790405804769,0.24998376929655958,-0.062470306663981096,0.028539466514998488,0.0016641243528013258,0.08908001276721711,-0.035188524577136254,-0.11977398414275296,-0.15624240725587196,-0.147073770201427,-0.15410984517785753,-0.2572650694593772,-0.2017378300769046,-0.2426919640944139,-0.6401521409308878,0.1278253018084296,-0.30360511937529255,-0.3999595515549643,0.11437404036899848,0.09796834716439566,-0.5031098828361468,-0.2514549729911169,-0.27628701161461217,-0.19443101806715574,0.4016168621826859,0.26257040217798255,0.38414506075778776,0.04428756173930522,-0.05033715956557713,0.42738228803063627,0.009797591165481265,-0.06485594988467136,-0.18155818066003993,-0.035083704747754005,-0.15348422062282102,-0.30663216749808264,-0.16150513274920913,-0.1178822960282486,-0.27375402193394843
sub-04,0.09843438644188976,0.1333955243689032,0.12320089616128596,-0.13290863868630676,-0.07953807402609724,-0.024146125480645805,0.15044334873183274,0.016069016104545003,0.31681564816001007,-0.04875708325616836,0.012826922194703029,0.28290416026991694,-0.37924925374003626,-0.11832942822654591,-0.07014008254240225,-0.04692479568287447,0.0006861067443482034,0.1145214402421089,-0.030406888934186405,-0.29066880305617737,-0.2155062802977279,0.05883836161822535,0.08902241217420162,-0.14804158639605924,-0.05216363139056589,-0.16289323967612013,0.029973938578366034,-0.3674885941708188,-0.21237682856587897,-0.2756073568283363,-0.03885214793636396,0.09136305091169919,-0.09001140193808706,-0.07995545676430771,-0.07720713965770956,0.320895752549649,-0.0034969609558206678,0.02540618441475304,-0.1377040194145313,0.18425012177314976,0.015201609050006582,0.033689208753505534,0.04907015423039157,0.19371560500841306,0.33357454029864964,-0.30227116963878853,-0.4436599478229403,-0.24580409841831966,0.12102880465776672,-0.33875914386880124,-0.4484738404803945,0.15008129567055906,0.15192271585711944,-0.09546470700255413,0.41257503947906843,-0.035571190773406855,0.1233204003237829,0.13427678767189627,0.39686333375909294,0.027072814972377467,0.08532889287579112,-0.047739843485996684,0.012904807569173189,0.02652875332723925,-0.08360003115069109,-0.11650989320599818,0.08730501329766532,-0.12297229657240216,-0.3159174610811766,-0.33943203067612576,-0.3434203009822817,-0.7189470444278682,0.08865340981569253,-0.24574323624126537,-0.4366201336058154,0.1929571243576874,0.3119700764573676,-0.45744268131142946,-0.1282114718268467,-0.27325462145863677,0.01748427717856173,0.34943918483547853,0.21122862177342663,0.2475016203779294,-0.14281473798016497,-0.22656853780721897,0.47100726413499533,-0.0034619959231497396,-0.04940228263127104,-0.275353310369747,-0.08587972846495406,-0.2236406828442614,-0.27721620661443974,-0.16246280112607944,-0.15386435023551734,-0.23430535307597572
sub-04,0.1892275372073628,0.027062460687054847,0.08630036541261082,0.06866580782491058,-0.14672208700060302,-0.08177895841572055,0.0010598643036689517,-0.07941429515413773,0.34312464824595945,-0.286955732246282,-0.21517636302674403,0.04591567974674085,-0.21462313244457815,-0.004026115022660773,-0.16947462844002292,-0.06533851258503712,-0.05293993625923757,0.13610816276291834,-0.1434592072734066,-0.29482718748834236,-0.26127363013374705,0.1448924131110306,0.08492187746532749,-0.18758444243798145,-0.0074543237752680985,-0.17988508568363099,-0.045247830022678126,-0.3880635573321548,-0.249070856174326,-0.352891037910135,-0.13541129262103535,-0.005234532362716659,-0.075531297828251,-0.21161636943714274,-0.15475855947873104,0.21168266493344934,-0.0403946858205093,-0.0684706339218871,-0.08465228776718736,0.13406102498748113,-0.2164923075258537,-0.09207167391091092,0.06999822040485137,0.10404151924386139,0.11277741576632452,-0.2099095520418636,-0.3967990537918458,-0.2755249745286347,-0.0609027888924905,-0.4646981300223818,-0.5846642393037049,0.0039328960697387096,0.13022249843532557,-0.42523740197320203,0.5214785277731537,0.015264309362916516,0.2740777001714603,0.03144581991331489,0.3539825573456268,-0.04726526263772985,0.022903702254300357,-0.08071208066803616,-0.0835084766901146,0.0760238119748872,-0.06899779271596407,0.144873140215668,0.1637797963628853,-0.1444200936185276,-0.25443002347603627,-0.19960518531556637,-0.17235839497413188,-0.5538030080454149,-0.06526101323490066,-0.1644012925245305,-0.39935810522746906,0.21819932419817845,0.3809313451222891,-0.3943244127940502,-0.05839556412240031,-0.2802559659497782,0.2143665301398025,0.19210381214717426,0.021883555188776382,0.15716357883363052,-0.17813171127542998,-0.27109321091970684,0.3482734039565698,0.024600247906475706,0.08186767119097343,-0.21963282545156698,-0.01869871873503392,-0.16304623986736927,-0.22978294475076044,-0.03647971037693375,-0.041688481006433145,-0.14555977785328425
sub-04,0.10974782915284031,-0.1213827979217047,0.09732832480980981,0.2513656871721484,-0.1578890365940012,0.06483787594995247,-0.09728699054168898,-0.17386629466101633,0.0609921653478768,-0.33069278138494484,-0.3438146860662386,-0.13541731534035967,0.05076151296971734,0.09348796668714858,-0.20011886530821082,0.01448521867798152,-0.10851714749661112,0.22507675188979065,-0.20797875650665337,-0.1143149487243392,-0.16007922459219706,0.08377902257155846,-0.045108735895210576,-0.23674788356306992,0.025401592372149194,-0.0709057279409894,-0.08953760097470581,-0.365642929096469,-0.20849962082335044,-0.3455579750459128,-0.1606560567771117,-0.12150658496291267,-0.2270070270364808,-0.21086634578612873,-0.12647722019454816,0.1355688046260391,-0.09669426760363707,-0.1924058810645375,-0.03328426070126243,-0.0050778042046613165,-0.3117443003674021,-0.1509514423106385,0.04327107474056385,0.06135680173115235,-0.1331283800514893,-0.020203560471714985,-0.25171816646144285,-0.14004301511933315,-0.2461785374723391,-0.43787898207000114,-0.5860958793975994,-0.009791230342634759,0.19586036115469072,-0.4629900906760477,0.4107140706729655,0.10108835713192896,0.22400113001119232,-0.13025085080944243,0.1742803332358936,-0.18844230110981183,-0.09506089243769725,-0.007712847668797901,-0.16096231511990766,-0.020379268208684596,-0.17986766758941486,0.31386491581366927,0.09831807157277297,-0.14437520655566943,-0.03532309064029113,0.16293228514398184,0.17861764733443353,-0.2541651046853201,-0.2255072028899432,-0.11385322296200769,-0.2920530267098601,0.16145971595265352,0.2910510262361533,-0.46626065685470575,-0.0994761646089284,-0.29639226889741543,0.3007301955770584,0.030413581260684306,-0.1646845522553763,0.05540290004122559,-0.06519452410832594,-0.18570969225224132,0.09628418638334872,0.06334101774511387,0.18996841641142795,-0.16899762390887135,0.08887031891938707,-0.052707627581725876,-0.16630402840877562,0.06927703401187348,0.10695387352381996,-0.1743586295378447
sub-04,-0.09673906380406033,-0.2654037962157573,0.20842214046268392,0.18923844759293157,-0.17850997160486642,0.17862699688773429,-0.09526410323773464,-0.18189602056779947,-0.3280123443062283,-0.2025037449640732,-0.317230461316055,-0.15730390760566404,0.21002877703243283,0.08972291941944718,-0.09039283770468406,0.16399182139464144,-0.07380595092159829,0.3542324664245354,-0.04925925831670373,0.164284664869693,-0.12258644976457567,-0.05668104361004563,-0.18226022209794124,-0.21039460869750104,0.015267767594526279,0.045047277652772603,-0.06932094758473845,-0.24737669000579401,-0.12549381434596252,-0.2511334354274206,-0.10619286598210302,-0.13913122714988346,-0.36212977142202285,-0.0931737826865916,-0.029397044914934466,0.10851790610550968,-0.09241973366364545,-0.2399755422250288,0.04283723677251845,-0.1298996994516988,-0.26783109855912157,-0.09653608145359602,0.02728842031025134,0.13235296409382286,-0.24140934947747866,0.1290998232596231,-0.17022354182055335,0.03595195024422712,-0.28054792478693874,-0.2534493319373974,-0.4405265838601569,0.13991427836514594,0.28165391852604044,-0.2742495786070074,0.17014592149949806,0.11571893226519381,0.0523947196552389,-0.226515381857675,-0.03830895160349435,-0.3164379306256837,-0.13661786436814585,0.10975232177136843,-0.17214994291340693,-0.27390452651442176,-0.3828921430408078,0.17690920331727442,0.048540829558251564,-0.09538019229765549,0.18969635234515433,0.4513768777268157,0.4001910890283091,-0.009339365821169406,-0.23732380934218286,-0.07798609966543171,-0.18217087662126596,0.04983384303343763,0.18274933367150734,-0.6151258728302254,-0.138691382037465,-0.27797355386163347,0.27961456362338916,-0.02045760592409822,-0.17724153959302263,-0.13645212642150714,0.08042895990950387,-0.04142500961873255,-0.07404683574184859,0.03175365101614659,0.1109532029104714,-0.2938766056713721,0.12266796487005936,-0.018163742601520403,-0.10065672415449861,0.03328196153501594,0.14251445889894576,-0.34696541915612666
sub-04,-0.2595774905085926,-0.35563794382684427,0.3284629771638189,-0.08690424887587103,-0.2271864642036402,0.10092953498996786,-0.020488730342419693,-0.054498818052703485,-0.47925879979421204,-0.07323840426591695,-0.21416506565255505,-0.09820429732633548,0.15259199785343386,0.001004888992847057,0.032442846763640974,0.2580112254414499,0.07505419420968451,0.39754431925711653,0.28805789828203765,0.3234413415867928,-0.2635380945011467,-0.10400277338236397,-0.23781603563147152,-0.12888419194578232,-0.015003712600416455,0.02953653563758373,-0.044573056426765845,-0.08923180526807184,-0.08340977555975718,-0.13217466507461836,-0.01927400767845422,-0.05231886272312353,-0.310868366568203,0.042460595797577515,0.07427097274890516,0.11530866589315536,-0.0007678935101638473,-0.1436520200882337,0.1160577238190725,-0.11710962008607584,-0.18124546030039754,0.020721473102630526,0.09953040843377058,0.31577881579836115,-0.09094369973970057,0.13754408770543652,-0.22739482838145453,0.07778117556062691,-0.09157266949065825,-0.015596923138708835,-0.20388027985554275,0.2853210887143732,0.33051305903767114,0.004511004583604952,-0.048156692071103124,0.002122590203422237,-0.06587436708160421,-0.22711880891860903,-0.16289115558509737,-0.42415098238161064,-0.028069406420860647,0.18367769807133028,-0.02895603552256734,-0.5325128576244097,-0.5081326788376903,-0.12725105010676457,0.11856258168620125,-0.03728947030980747,0.2606855690263953,0.42498137028540894,0.31292183695243625,0.08487593994917966,-0.02384761087132731,-0.0057533966134932085,-0.09548311313184382,-0.06909653617304362,0.1544665431716349,-0.7068595701592989,-0.045789912857602685,-0.16717907330228893,0.23291699518480602,0.06630168511994225,-0.0037010654333035978,-0.35751929998372634,0.10880747575437724,0.060117443597544326,-0.02165492167336663,-0.07139853231801735,-0.0964137053563114,-0.4922443236770623,0.06662724984621529,-0.034258748358883026,-0.03977003695850393,-0.09651849900381693,0.04109405768550431,-0.5376258434702612
sub-04,-0.25568315221714716,-0.3695517692525303,0.3023300477838173,-0.2913377310584053,-0.22741777508651373,-0.04734140202253424,0.07672249004262581,0.1410859924258288,-0.2727001927503948,-0.019272955230029216,-0.14176790488094065,-0.09045420118157381,-0.02990187765448362,-0.06511329579185016,0.028322607442945368,0.23347139727907384,0.2563929212780887,0.26749215255057435,0.5295028135428416,0.2530445556686863,-0.42412076661841586,0.013352567013188717,-0.22643015484896128,-0.06784978057945362,-0.010912281364931352,-0.1220911728997328,-0.053328240659845164,-0.01017840092001928,-0.11745844690873816,-0.06682051197755264,0.022984264327690365,0.04132735162454916,-0.09975380692971975,0.09393514860186704,0.13077763882812501,0.13063081928085551,0.11171691622953162,0.0316719422984762,0.11774211293054293,0.01652130520512276,-0.13505796186086938,0.08388213546538775,0.229143219291845,0.4692222357932205,0.23492518441534968,0.05142767079717739,-0.3134759519963097,-0.02679786062288965,0.1761155145122341,0.13014424248398793,0.02199588918366228,0.2505395150746767,0.3308484786803329,0.22452372523412903,-0.141198108766838,-0.1453802276354968,-0.019891852045406624,-0.17007172113981506,-0.09979755516567398,-0.5026776692063176,0.1576713332581175,0.22751512537680593,0.2852676418790515,-0.5980845753308223,-0.41271393487285735,-0.26904053398359223,0.24987355268790118,-0.003993942792898918,0.17646798379490264,0.16219745685063489,0.0803684831151965,0.10154388560594904,0.32499200748599943,0.12042941034252254,0.044667902597547396,-0.160610894480032,0.15580633712189457,-0.7087611314148536,0.14806172570813725,0.044515340505344225,0.2201924197129243,0.2126897297792809,0.19634574081666198,-0.42101742322289787,-0.049021983549895634,0.03852462683208588,0.11766730833590568,-0.13740077070130674,-0.18593844409491242,-0.5109739003056312,0.023696312141547576,0.057725548137728996,0.06148728408176974,-0.14430484645280672,-0.06731880482733762,-0.5841838449879502
